0 verbose cli /usr/local/bin/node /usr/local/bin/npm
1 info using npm@10.9.2
2 info using node@v22.17.0
3 silly config load:file:/usr/local/lib/node_modules/npm/npmrc
4 silly config load:file:/Users/jungsikbyun/Documents/뉴스피드/.npmrc
5 silly config load:file:/Users/jungsikbyun/.npmrc
6 silly config load:file:/usr/local/etc/npmrc
7 verbose title npm install typescript @types/node @types/react @types/react-dom postcss tailwindcss autoprefixer eslint eslint-config-next
8 verbose argv "install" "--save-dev" "typescript" "@types/node" "@types/react" "@types/react-dom" "postcss" "tailwindcss" "autoprefixer" "eslint" "eslint-config-next" "--cache" ".npm-cache" "--force"
9 verbose logfile logs-max:10 dir:/Users/jungsikbyun/Documents/뉴스피드/.npm-cache/_logs/2026-05-30T21_27_18_937Z-
10 verbose logfile /Users/jungsikbyun/Documents/뉴스피드/.npm-cache/_logs/2026-05-30T21_27_18_937Z-debug-0.log
11 warn using --force Recommended protections disabled.
12 silly logfile done cleaning log files
13 silly packumentCache heap:4345298944 maxSize:1086324736 maxEntrySize:543162368
14 silly idealTree buildDeps
15 silly fetch manifest typescript@*
16 silly packumentCache full:https://registry.npmjs.org/typescript cache-miss
17 http fetch GET 200 https://registry.npmjs.org/typescript 402ms (cache miss)
18 silly packumentCache full:https://registry.npmjs.org/typescript set size:undefined disposed:false
19 silly fetch manifest @types/node@*
20 silly packumentCache full:https://registry.npmjs.org/@types%2fnode cache-miss
21 http fetch GET 200 https://registry.npmjs.org/@types%2fnode 203ms (cache miss)
22 silly packumentCache full:https://registry.npmjs.org/@types%2fnode set size:undefined disposed:false
23 silly fetch manifest @types/react@*
24 silly packumentCache full:https://registry.npmjs.org/@types%2freact cache-miss
25 http fetch GET 200 https://registry.npmjs.org/@types%2freact 82ms (cache miss)
26 silly packumentCache full:https://registry.npmjs.org/@types%2freact set size:undefined disposed:false
27 silly fetch manifest @types/react-dom@*
28 silly packumentCache full:https://registry.npmjs.org/@types%2freact-dom cache-miss
29 http fetch GET 200 https://registry.npmjs.org/@types%2freact-dom 58ms (cache miss)
30 silly packumentCache full:https://registry.npmjs.org/@types%2freact-dom set size:undefined disposed:false
31 silly fetch manifest postcss@*
32 silly packumentCache full:https://registry.npmjs.org/postcss cache-miss
33 http cache https://registry.npmjs.org/postcss 4ms (cache hit)
34 silly packumentCache full:https://registry.npmjs.org/postcss set size:723316 disposed:false
35 silly fetch manifest tailwindcss@*
36 silly packumentCache full:https://registry.npmjs.org/tailwindcss cache-miss
37 http fetch GET 200 https://registry.npmjs.org/tailwindcss 188ms (cache miss)
38 silly packumentCache full:https://registry.npmjs.org/tailwindcss set size:undefined disposed:false
39 silly fetch manifest autoprefixer@*
40 silly packumentCache full:https://registry.npmjs.org/autoprefixer cache-miss
41 http fetch GET 200 https://registry.npmjs.org/autoprefixer 53ms (cache miss)
42 silly packumentCache full:https://registry.npmjs.org/autoprefixer set size:undefined disposed:false
43 silly fetch manifest eslint@*
44 silly packumentCache full:https://registry.npmjs.org/eslint cache-miss
45 http fetch GET 200 https://registry.npmjs.org/eslint 65ms (cache miss)
46 silly packumentCache full:https://registry.npmjs.org/eslint set size:undefined disposed:false
47 silly fetch manifest jiti@*
48 silly packumentCache full:https://registry.npmjs.org/jiti cache-miss
49 http fetch GET 200 https://registry.npmjs.org/jiti 60ms (cache miss)
50 silly packumentCache full:https://registry.npmjs.org/jiti set size:undefined disposed:false
51 silly fetch manifest eslint-config-next@*
52 silly packumentCache full:https://registry.npmjs.org/eslint-config-next cache-miss
53 http fetch GET 200 https://registry.npmjs.org/eslint-config-next 158ms (cache miss)
54 silly packumentCache full:https://registry.npmjs.org/eslint-config-next set size:undefined disposed:false
55 silly placeDep ROOT @types/node@25.9.1 OK for: newsfeed-app@0.1.0 want: *
56 silly placeDep ROOT @types/react@19.2.15 OK for: newsfeed-app@0.1.0 want: *
57 silly placeDep ROOT @types/react-dom@19.2.3 OK for: newsfeed-app@0.1.0 want: *
58 silly placeDep ROOT autoprefixer@10.5.0 OK for: newsfeed-app@0.1.0 want: *
59 silly placeDep ROOT eslint@10.4.1 OK for: newsfeed-app@0.1.0 want: *
60 silly placeDep ROOT eslint-config-next@16.2.6 OK for: newsfeed-app@0.1.0 want: *
61 silly placeDep ROOT postcss@8.5.15 REPLACE for: newsfeed-app@0.1.0 want: *
62 silly placeDep ROOT tailwindcss@4.3.0 OK for: newsfeed-app@0.1.0 want: *
63 silly placeDep ROOT typescript@6.0.3 OK for: newsfeed-app@0.1.0 want: *
64 silly fetch manifest undici-types@>=7.24.0 <7.24.7
65 silly packumentCache full:https://registry.npmjs.org/undici-types cache-miss
66 silly fetch manifest csstype@^3.2.2
67 silly packumentCache full:https://registry.npmjs.org/csstype cache-miss
68 silly fetch manifest browserslist@^4.28.2
69 silly packumentCache full:https://registry.npmjs.org/browserslist cache-miss
70 silly fetch manifest fraction.js@^5.3.4
71 silly packumentCache full:https://registry.npmjs.org/fraction.js cache-miss
72 silly fetch manifest postcss-value-parser@^4.2.0
73 silly packumentCache full:https://registry.npmjs.org/postcss-value-parser cache-miss
74 silly fetch manifest @eslint-community/eslint-utils@^4.8.0
75 silly packumentCache full:https://registry.npmjs.org/@eslint-community%2feslint-utils cache-miss
76 silly fetch manifest @eslint-community/regexpp@^4.12.2
77 silly packumentCache full:https://registry.npmjs.org/@eslint-community%2fregexpp cache-miss
78 silly fetch manifest @eslint/config-array@^0.23.5
79 silly packumentCache full:https://registry.npmjs.org/@eslint%2fconfig-array cache-miss
80 silly fetch manifest @eslint/config-helpers@^0.6.0
81 silly packumentCache full:https://registry.npmjs.org/@eslint%2fconfig-helpers cache-miss
82 silly fetch manifest @eslint/core@^1.2.1
83 silly packumentCache full:https://registry.npmjs.org/@eslint%2fcore cache-miss
84 silly fetch manifest @eslint/plugin-kit@^0.7.2
85 silly packumentCache full:https://registry.npmjs.org/@eslint%2fplugin-kit cache-miss
86 silly fetch manifest @humanfs/node@^0.16.6
87 silly packumentCache full:https://registry.npmjs.org/@humanfs%2fnode cache-miss
88 silly fetch manifest @humanwhocodes/module-importer@^1.0.1
89 silly packumentCache full:https://registry.npmjs.org/@humanwhocodes%2fmodule-importer cache-miss
90 http fetch GET 200 https://registry.npmjs.org/undici-types 50ms (cache miss)
91 silly packumentCache full:https://registry.npmjs.org/undici-types set size:undefined disposed:false
92 silly fetch manifest @humanwhocodes/retry@^0.4.2
93 silly packumentCache full:https://registry.npmjs.org/@humanwhocodes%2fretry cache-miss
94 http fetch GET 200 https://registry.npmjs.org/@humanwhocodes%2fretry 65ms (cache miss)
95 silly packumentCache full:https://registry.npmjs.org/@humanwhocodes%2fretry set size:undefined disposed:false
96 silly fetch manifest @types/estree@^1.0.6
97 silly packumentCache full:https://registry.npmjs.org/@types%2festree cache-miss
98 http fetch GET 200 https://registry.npmjs.org/@eslint-community%2fregexpp 132ms (cache miss)
99 silly packumentCache full:https://registry.npmjs.org/@eslint-community%2fregexpp set size:undefined disposed:false
100 silly fetch manifest ajv@^6.14.0
101 silly packumentCache full:https://registry.npmjs.org/ajv cache-miss
102 http fetch GET 200 https://registry.npmjs.org/csstype 134ms (cache miss)
103 silly packumentCache full:https://registry.npmjs.org/csstype set size:undefined disposed:false
104 silly fetch manifest cross-spawn@^7.0.6
105 silly packumentCache full:https://registry.npmjs.org/cross-spawn cache-miss
106 http fetch GET 200 https://registry.npmjs.org/fraction.js 135ms (cache miss)
107 silly packumentCache full:https://registry.npmjs.org/fraction.js set size:undefined disposed:false
108 silly fetch manifest debug@^4.3.2
109 silly packumentCache full:https://registry.npmjs.org/debug cache-miss
110 http fetch GET 200 https://registry.npmjs.org/@eslint%2fconfig-array 138ms (cache miss)
111 silly packumentCache full:https://registry.npmjs.org/@eslint%2fconfig-array set size:undefined disposed:false
112 silly fetch manifest escape-string-regexp@^4.0.0
113 silly packumentCache full:https://registry.npmjs.org/escape-string-regexp cache-miss
114 http fetch GET 200 https://registry.npmjs.org/@humanfs%2fnode 140ms (cache miss)
115 silly packumentCache full:https://registry.npmjs.org/@humanfs%2fnode set size:undefined disposed:false
116 silly fetch manifest eslint-scope@^9.1.2
117 silly packumentCache full:https://registry.npmjs.org/eslint-scope cache-miss
118 http fetch GET 200 https://registry.npmjs.org/postcss-value-parser 141ms (cache miss)
119 silly packumentCache full:https://registry.npmjs.org/postcss-value-parser set size:undefined disposed:false
120 silly fetch manifest eslint-visitor-keys@^5.0.1
121 silly packumentCache full:https://registry.npmjs.org/eslint-visitor-keys cache-miss
122 http fetch GET 200 https://registry.npmjs.org/@eslint%2fplugin-kit 144ms (cache miss)
123 silly packumentCache full:https://registry.npmjs.org/@eslint%2fplugin-kit set size:undefined disposed:false
124 silly fetch manifest espree@^11.2.0
125 silly packumentCache full:https://registry.npmjs.org/espree cache-miss
126 http fetch GET 200 https://registry.npmjs.org/@eslint%2fcore 148ms (cache miss)
127 silly packumentCache full:https://registry.npmjs.org/@eslint%2fcore set size:undefined disposed:false
128 silly fetch manifest esquery@^1.7.0
129 silly packumentCache full:https://registry.npmjs.org/esquery cache-miss
130 http fetch GET 200 https://registry.npmjs.org/@humanwhocodes%2fmodule-importer 154ms (cache miss)
131 silly packumentCache full:https://registry.npmjs.org/@humanwhocodes%2fmodule-importer set size:undefined disposed:false
132 silly fetch manifest esutils@^2.0.2
133 silly packumentCache full:https://registry.npmjs.org/esutils cache-miss
134 http fetch GET 200 https://registry.npmjs.org/browserslist 158ms (cache miss)
135 silly packumentCache full:https://registry.npmjs.org/browserslist set size:undefined disposed:false
136 silly fetch manifest fast-deep-equal@^3.1.3
137 silly packumentCache full:https://registry.npmjs.org/fast-deep-equal cache-miss
138 http fetch GET 200 https://registry.npmjs.org/@eslint-community%2feslint-utils 160ms (cache miss)
139 silly packumentCache full:https://registry.npmjs.org/@eslint-community%2feslint-utils set size:undefined disposed:false
140 silly fetch manifest file-entry-cache@^8.0.0
141 silly packumentCache full:https://registry.npmjs.org/file-entry-cache cache-miss
142 http fetch GET 200 https://registry.npmjs.org/@eslint%2fconfig-helpers 164ms (cache miss)
143 silly packumentCache full:https://registry.npmjs.org/@eslint%2fconfig-helpers set size:undefined disposed:false
144 silly fetch manifest find-up@^5.0.0
145 silly packumentCache full:https://registry.npmjs.org/find-up cache-miss
146 http fetch GET 200 https://registry.npmjs.org/@types%2festree 49ms (cache miss)
147 silly packumentCache full:https://registry.npmjs.org/@types%2festree set size:undefined disposed:false
148 silly fetch manifest glob-parent@^6.0.2
149 silly packumentCache full:https://registry.npmjs.org/glob-parent cache-miss
150 http fetch GET 200 https://registry.npmjs.org/escape-string-regexp 35ms (cache miss)
151 silly packumentCache full:https://registry.npmjs.org/escape-string-regexp set size:undefined disposed:false
152 silly fetch manifest ignore@^5.2.0
153 silly packumentCache full:https://registry.npmjs.org/ignore cache-miss
154 http fetch GET 200 https://registry.npmjs.org/cross-spawn 39ms (cache miss)
155 silly packumentCache full:https://registry.npmjs.org/cross-spawn set size:undefined disposed:false
156 silly fetch manifest imurmurhash@^0.1.4
157 silly packumentCache full:https://registry.npmjs.org/imurmurhash cache-miss
158 http fetch GET 200 https://registry.npmjs.org/eslint-scope 44ms (cache miss)
159 silly packumentCache full:https://registry.npmjs.org/eslint-scope set size:undefined disposed:false
160 silly fetch manifest is-glob@^4.0.0
161 silly packumentCache full:https://registry.npmjs.org/is-glob cache-miss
162 http fetch GET 200 https://registry.npmjs.org/debug 54ms (cache miss)
163 silly packumentCache full:https://registry.npmjs.org/debug set size:undefined disposed:false
164 silly fetch manifest json-stable-stringify-without-jsonify@^1.0.1
165 silly packumentCache full:https://registry.npmjs.org/json-stable-stringify-without-jsonify cache-miss
166 http fetch GET 200 https://registry.npmjs.org/eslint-visitor-keys 53ms (cache miss)
167 silly packumentCache full:https://registry.npmjs.org/eslint-visitor-keys set size:undefined disposed:false
168 silly fetch manifest minimatch@^10.2.4
169 silly packumentCache full:https://registry.npmjs.org/minimatch cache-miss
170 http fetch GET 200 https://registry.npmjs.org/esutils 45ms (cache miss)
171 silly packumentCache full:https://registry.npmjs.org/esutils set size:undefined disposed:false
172 silly fetch manifest natural-compare@^1.4.0
173 silly packumentCache full:https://registry.npmjs.org/natural-compare cache-miss
174 http fetch GET 200 https://registry.npmjs.org/esquery 51ms (cache miss)
175 silly packumentCache full:https://registry.npmjs.org/esquery set size:undefined disposed:false
176 silly fetch manifest optionator@^0.9.3
177 silly packumentCache full:https://registry.npmjs.org/optionator cache-miss
178 http fetch GET 200 https://registry.npmjs.org/espree 57ms (cache miss)
179 silly packumentCache full:https://registry.npmjs.org/espree set size:undefined disposed:false
180 silly fetch manifest globals@16.4.0
181 silly packumentCache full:https://registry.npmjs.org/globals cache-miss
182 http fetch GET 200 https://registry.npmjs.org/fast-deep-equal 45ms (cache miss)
183 silly packumentCache full:https://registry.npmjs.org/fast-deep-equal set size:undefined disposed:false
184 silly fetch manifest typescript-eslint@^8.46.0
185 silly packumentCache full:https://registry.npmjs.org/typescript-eslint cache-miss
186 http fetch GET 200 https://registry.npmjs.org/file-entry-cache 46ms (cache miss)
187 silly packumentCache full:https://registry.npmjs.org/file-entry-cache set size:undefined disposed:false
188 silly fetch manifest eslint-plugin-react@^7.37.0
189 silly packumentCache full:https://registry.npmjs.org/eslint-plugin-react cache-miss
190 http fetch GET 200 https://registry.npmjs.org/glob-parent 44ms (cache miss)
191 silly packumentCache full:https://registry.npmjs.org/glob-parent set size:undefined disposed:false
192 silly fetch manifest eslint-plugin-import@^2.32.0
193 silly packumentCache full:https://registry.npmjs.org/eslint-plugin-import cache-miss
194 http fetch GET 200 https://registry.npmjs.org/find-up 48ms (cache miss)
195 silly packumentCache full:https://registry.npmjs.org/find-up set size:undefined disposed:false
196 silly fetch manifest eslint-plugin-jsx-a11y@^6.10.0
197 silly packumentCache full:https://registry.npmjs.org/eslint-plugin-jsx-a11y cache-miss
198 http fetch GET 200 https://registry.npmjs.org/imurmurhash 44ms (cache miss)
199 silly packumentCache full:https://registry.npmjs.org/imurmurhash set size:undefined disposed:false
200 silly fetch manifest @next/eslint-plugin-next@16.2.6
201 silly packumentCache full:https://registry.npmjs.org/@next%2feslint-plugin-next cache-miss
202 http fetch GET 200 https://registry.npmjs.org/ajv 87ms (cache miss)
203 silly packumentCache full:https://registry.npmjs.org/ajv set size:undefined disposed:false
204 silly fetch manifest eslint-plugin-react-hooks@^7.0.0
205 silly packumentCache full:https://registry.npmjs.org/eslint-plugin-react-hooks cache-miss
206 http fetch GET 200 https://registry.npmjs.org/ignore 53ms (cache miss)
207 silly packumentCache full:https://registry.npmjs.org/ignore set size:undefined disposed:false
208 silly fetch manifest eslint-import-resolver-node@^0.3.6
209 silly packumentCache full:https://registry.npmjs.org/eslint-import-resolver-node cache-miss
210 http fetch GET 200 https://registry.npmjs.org/is-glob 46ms (cache miss)
211 silly packumentCache full:https://registry.npmjs.org/is-glob set size:undefined disposed:false
212 silly fetch manifest eslint-import-resolver-typescript@^3.5.2
213 silly packumentCache full:https://registry.npmjs.org/eslint-import-resolver-typescript cache-miss
214 http fetch GET 200 https://registry.npmjs.org/json-stable-stringify-without-jsonify 43ms (cache miss)
215 silly packumentCache full:https://registry.npmjs.org/json-stable-stringify-without-jsonify set size:undefined disposed:false
216 http fetch GET 200 https://registry.npmjs.org/natural-compare 37ms (cache miss)
217 silly packumentCache full:https://registry.npmjs.org/natural-compare set size:undefined disposed:false
218 http fetch GET 200 https://registry.npmjs.org/optionator 42ms (cache miss)
219 silly packumentCache full:https://registry.npmjs.org/optionator set size:undefined disposed:false
220 http fetch GET 200 https://registry.npmjs.org/eslint-plugin-react 57ms (cache miss)
221 silly packumentCache full:https://registry.npmjs.org/eslint-plugin-react set size:undefined disposed:false
222 http fetch GET 200 https://registry.npmjs.org/eslint-import-resolver-node 42ms (cache miss)
223 silly packumentCache full:https://registry.npmjs.org/eslint-import-resolver-node set size:undefined disposed:false
224 http fetch GET 200 https://registry.npmjs.org/eslint-plugin-import 61ms (cache miss)
225 silly packumentCache full:https://registry.npmjs.org/eslint-plugin-import set size:undefined disposed:false
226 http fetch GET 200 https://registry.npmjs.org/minimatch 77ms (cache miss)
227 silly packumentCache full:https://registry.npmjs.org/minimatch set size:undefined disposed:false
228 http fetch GET 200 https://registry.npmjs.org/eslint-plugin-jsx-a11y 62ms (cache miss)
229 silly packumentCache full:https://registry.npmjs.org/eslint-plugin-jsx-a11y set size:undefined disposed:false
230 http fetch GET 200 https://registry.npmjs.org/globals 87ms (cache miss)
231 silly packumentCache full:https://registry.npmjs.org/globals set size:undefined disposed:false
232 http fetch GET 200 https://registry.npmjs.org/eslint-import-resolver-typescript 59ms (cache miss)
233 silly packumentCache full:https://registry.npmjs.org/eslint-import-resolver-typescript set size:undefined disposed:false
234 http fetch GET 200 https://registry.npmjs.org/typescript-eslint 162ms (cache miss)
235 silly packumentCache full:https://registry.npmjs.org/typescript-eslint set size:undefined disposed:false
236 http fetch GET 200 https://registry.npmjs.org/eslint-plugin-react-hooks 178ms (cache miss)
237 silly packumentCache full:https://registry.npmjs.org/eslint-plugin-react-hooks set size:undefined disposed:false
238 http fetch GET 200 https://registry.npmjs.org/@next%2feslint-plugin-next 227ms (cache miss)
239 silly packumentCache full:https://registry.npmjs.org/@next%2feslint-plugin-next set size:undefined disposed:false
240 silly placeDep ROOT undici-types@7.24.6 OK for: @types/node@25.9.1 want: >=7.24.0 <7.24.7
241 silly placeDep ROOT csstype@3.2.3 OK for: @types/react@19.2.15 want: ^3.2.2
242 silly placeDep ROOT browserslist@4.28.2 OK for: autoprefixer@10.5.0 want: ^4.28.2
243 silly placeDep ROOT fraction.js@5.3.4 OK for: autoprefixer@10.5.0 want: ^5.3.4
244 silly placeDep ROOT postcss-value-parser@4.2.0 OK for: autoprefixer@10.5.0 want: ^4.2.0
245 silly fetch manifest electron-to-chromium@^1.5.328
246 silly packumentCache full:https://registry.npmjs.org/electron-to-chromium cache-miss
247 silly fetch manifest node-releases@^2.0.36
248 silly packumentCache full:https://registry.npmjs.org/node-releases cache-miss
249 silly fetch manifest update-browserslist-db@^1.2.3
250 silly packumentCache full:https://registry.npmjs.org/update-browserslist-db cache-miss
251 http fetch GET 200 https://registry.npmjs.org/update-browserslist-db 41ms (cache miss)
252 silly packumentCache full:https://registry.npmjs.org/update-browserslist-db set size:undefined disposed:false
253 http fetch GET 200 https://registry.npmjs.org/node-releases 64ms (cache miss)
254 silly packumentCache full:https://registry.npmjs.org/node-releases set size:undefined disposed:false
255 http fetch GET 200 https://registry.npmjs.org/electron-to-chromium 159ms (cache miss)
256 silly packumentCache full:https://registry.npmjs.org/electron-to-chromium set size:undefined disposed:false
257 silly fetch manifest browserslist@>= 4.21.0
258 silly packumentCache full:https://registry.npmjs.org/browserslist cache-miss
259 http cache https://registry.npmjs.org/browserslist 4ms (cache hit)
260 silly packumentCache full:https://registry.npmjs.org/browserslist set size:504681 disposed:false
261 silly placeDep ROOT electron-to-chromium@1.5.364 OK for: browserslist@4.28.2 want: ^1.5.328
262 silly placeDep ROOT node-releases@2.0.46 OK for: browserslist@4.28.2 want: ^2.0.36
263 silly placeDep ROOT update-browserslist-db@1.2.3 OK for: browserslist@4.28.2 want: ^1.2.3
264 silly fetch manifest escalade@^3.2.0
265 silly packumentCache full:https://registry.npmjs.org/escalade cache-miss
266 http fetch GET 200 https://registry.npmjs.org/escalade 37ms (cache miss)
267 silly packumentCache full:https://registry.npmjs.org/escalade set size:undefined disposed:false
268 silly fetch manifest eslint@^6.0.0 || ^7.0.0 || >=8.0.0
269 silly packumentCache full:https://registry.npmjs.org/eslint cache-miss
270 http cache https://registry.npmjs.org/eslint 3ms (cache hit)
271 silly packumentCache full:https://registry.npmjs.org/eslint set size:2004222 disposed:false
272 silly placeDep ROOT @eslint-community/eslint-utils@4.9.1 OK for: eslint@10.4.1 want: ^4.8.0
273 silly placeDep ROOT @eslint-community/regexpp@4.12.2 OK for: eslint@10.4.1 want: ^4.12.2
274 silly placeDep ROOT @eslint/config-array@0.23.5 OK for: eslint@10.4.1 want: ^0.23.5
275 silly placeDep ROOT @eslint/config-helpers@0.6.0 OK for: eslint@10.4.1 want: ^0.6.0
276 silly placeDep ROOT @eslint/core@1.2.1 OK for: eslint@10.4.1 want: ^1.2.1
277 silly placeDep ROOT @eslint/plugin-kit@0.7.2 OK for: eslint@10.4.1 want: ^0.7.2
278 silly placeDep ROOT @humanfs/node@0.16.8 OK for: eslint@10.4.1 want: ^0.16.6
279 silly placeDep ROOT @humanwhocodes/module-importer@1.0.1 OK for: eslint@10.4.1 want: ^1.0.1
280 silly placeDep ROOT @humanwhocodes/retry@0.4.3 OK for: eslint@10.4.1 want: ^0.4.2
281 silly placeDep ROOT @types/estree@1.0.9 OK for: eslint@10.4.1 want: ^1.0.6
282 silly placeDep ROOT ajv@6.15.0 OK for: eslint@10.4.1 want: ^6.14.0
283 silly placeDep ROOT cross-spawn@7.0.6 OK for: eslint@10.4.1 want: ^7.0.6
284 silly placeDep ROOT debug@4.4.3 OK for: eslint@10.4.1 want: ^4.3.2
285 silly placeDep ROOT escape-string-regexp@4.0.0 OK for: eslint@10.4.1 want: ^4.0.0
286 silly placeDep ROOT eslint-scope@9.1.2 OK for: eslint@10.4.1 want: ^9.1.2
287 silly placeDep ROOT eslint-visitor-keys@5.0.1 OK for: eslint@10.4.1 want: ^5.0.1
288 silly placeDep ROOT espree@11.2.0 OK for: eslint@10.4.1 want: ^11.2.0
289 silly placeDep ROOT esquery@1.7.0 OK for: eslint@10.4.1 want: ^1.7.0
290 silly placeDep ROOT esutils@2.0.3 OK for: eslint@10.4.1 want: ^2.0.2
291 silly placeDep ROOT fast-deep-equal@3.1.3 OK for: eslint@10.4.1 want: ^3.1.3
292 silly placeDep ROOT file-entry-cache@8.0.0 OK for: eslint@10.4.1 want: ^8.0.0
293 silly placeDep ROOT find-up@5.0.0 OK for: eslint@10.4.1 want: ^5.0.0
294 silly placeDep ROOT glob-parent@6.0.2 OK for: eslint@10.4.1 want: ^6.0.2
295 silly placeDep ROOT ignore@5.3.2 OK for: eslint@10.4.1 want: ^5.2.0
296 silly placeDep ROOT imurmurhash@0.1.4 OK for: eslint@10.4.1 want: ^0.1.4
297 silly placeDep ROOT is-glob@4.0.3 OK for: eslint@10.4.1 want: ^4.0.0
298 silly placeDep ROOT json-stable-stringify-without-jsonify@1.0.1 OK for: eslint@10.4.1 want: ^1.0.1
299 silly placeDep ROOT minimatch@10.2.5 OK for: eslint@10.4.1 want: ^10.2.4
300 silly placeDep ROOT natural-compare@1.4.0 OK for: eslint@10.4.1 want: ^1.4.0
301 silly placeDep ROOT optionator@0.9.4 OK for: eslint@10.4.1 want: ^0.9.3
302 silly fetch manifest eslint-visitor-keys@^3.4.3
303 silly packumentCache full:https://registry.npmjs.org/eslint-visitor-keys cache-miss
304 silly fetch manifest @eslint/object-schema@^3.0.5
305 silly packumentCache full:https://registry.npmjs.org/@eslint%2fobject-schema cache-miss
306 silly fetch manifest debug@^4.3.1
307 silly packumentCache full:https://registry.npmjs.org/debug cache-miss
308 silly fetch manifest @types/json-schema@^7.0.15
309 silly packumentCache full:https://registry.npmjs.org/@types%2fjson-schema cache-miss
310 silly fetch manifest levn@^0.4.1
311 silly packumentCache full:https://registry.npmjs.org/levn cache-miss
312 silly fetch manifest @humanwhocodes/retry@^0.4.0
313 silly packumentCache full:https://registry.npmjs.org/@humanwhocodes%2fretry cache-miss
314 silly fetch manifest @humanfs/core@^0.19.2
315 silly packumentCache full:https://registry.npmjs.org/@humanfs%2fcore cache-miss
316 silly fetch manifest @humanfs/types@^0.15.0
317 silly packumentCache full:https://registry.npmjs.org/@humanfs%2ftypes cache-miss
318 silly fetch manifest uri-js@^4.2.2
319 silly packumentCache full:https://registry.npmjs.org/uri-js cache-miss
320 silly fetch manifest fast-deep-equal@^3.1.1
321 silly packumentCache full:https://registry.npmjs.org/fast-deep-equal cache-miss
322 silly fetch manifest json-schema-traverse@^0.4.1
323 silly packumentCache full:https://registry.npmjs.org/json-schema-traverse cache-miss
324 silly fetch manifest fast-json-stable-stringify@^2.0.0
325 silly packumentCache full:https://registry.npmjs.org/fast-json-stable-stringify cache-miss
326 silly fetch manifest which@^2.0.1
327 silly packumentCache full:https://registry.npmjs.org/which cache-miss
328 http cache https://registry.npmjs.org/@humanwhocodes%2fretry 6ms (cache hit)
329 silly packumentCache full:https://registry.npmjs.org/@humanwhocodes%2fretry set size:42348 disposed:false
330 silly fetch manifest path-key@^3.1.0
331 silly packumentCache full:https://registry.npmjs.org/path-key cache-miss
332 http cache https://registry.npmjs.org/fast-deep-equal 6ms (cache hit)
333 silly packumentCache full:https://registry.npmjs.org/fast-deep-equal set size:48634 disposed:false
334 silly fetch manifest shebang-command@^2.0.0
335 silly packumentCache full:https://registry.npmjs.org/shebang-command cache-miss
336 http cache https://registry.npmjs.org/eslint-visitor-keys 8ms (cache hit)
337 silly packumentCache full:https://registry.npmjs.org/eslint-visitor-keys set size:69949 disposed:false
338 silly fetch manifest ms@^2.1.3
339 silly packumentCache full:https://registry.npmjs.org/ms cache-miss
340 http cache https://registry.npmjs.org/debug 9ms (cache hit)
341 silly packumentCache full:https://registry.npmjs.org/debug set size:195840 disposed:false
342 silly fetch manifest @types/esrecurse@^4.3.1
343 silly packumentCache full:https://registry.npmjs.org/@types%2fesrecurse cache-miss
344 http fetch GET 200 https://registry.npmjs.org/json-schema-traverse 47ms (cache miss)
345 silly packumentCache full:https://registry.npmjs.org/json-schema-traverse set size:undefined disposed:false
346 silly fetch manifest esrecurse@^4.3.0
347 silly packumentCache full:https://registry.npmjs.org/esrecurse cache-miss
348 http fetch GET 200 https://registry.npmjs.org/shebang-command 41ms (cache miss)
349 silly packumentCache full:https://registry.npmjs.org/shebang-command set size:undefined disposed:false
350 silly fetch manifest estraverse@^5.2.0
351 silly packumentCache full:https://registry.npmjs.org/estraverse cache-miss
352 http fetch GET 200 https://registry.npmjs.org/path-key 42ms (cache miss)
353 silly packumentCache full:https://registry.npmjs.org/path-key set size:undefined disposed:false
354 silly fetch manifest acorn@^8.16.0
355 silly packumentCache full:https://registry.npmjs.org/acorn cache-miss
356 http fetch GET 200 https://registry.npmjs.org/fast-json-stable-stringify 48ms (cache miss)
357 silly packumentCache full:https://registry.npmjs.org/fast-json-stable-stringify set size:undefined disposed:false
358 silly fetch manifest acorn-jsx@^5.3.2
359 silly packumentCache full:https://registry.npmjs.org/acorn-jsx cache-miss
360 http fetch GET 200 https://registry.npmjs.org/ms 46ms (cache miss)
361 silly packumentCache full:https://registry.npmjs.org/ms set size:undefined disposed:false
362 silly fetch manifest estraverse@^5.1.0
363 silly packumentCache full:https://registry.npmjs.org/estraverse cache-miss
364 http fetch GET 200 https://registry.npmjs.org/uri-js 54ms (cache miss)
365 silly packumentCache full:https://registry.npmjs.org/uri-js set size:undefined disposed:false
366 silly fetch manifest flat-cache@^4.0.0
367 silly packumentCache full:https://registry.npmjs.org/flat-cache cache-miss
368 http fetch GET 200 https://registry.npmjs.org/@types%2fjson-schema 57ms (cache miss)
369 silly packumentCache full:https://registry.npmjs.org/@types%2fjson-schema set size:undefined disposed:false
370 silly fetch manifest locate-path@^6.0.0
371 silly packumentCache full:https://registry.npmjs.org/locate-path cache-miss
372 http fetch GET 200 https://registry.npmjs.org/@eslint%2fobject-schema 58ms (cache miss)
373 silly packumentCache full:https://registry.npmjs.org/@eslint%2fobject-schema set size:undefined disposed:false
374 silly fetch manifest path-exists@^4.0.0
375 silly packumentCache full:https://registry.npmjs.org/path-exists cache-miss
376 http fetch GET 200 https://registry.npmjs.org/@humanfs%2ftypes 58ms (cache miss)
377 silly packumentCache full:https://registry.npmjs.org/@humanfs%2ftypes set size:undefined disposed:false
378 silly fetch manifest is-glob@^4.0.3
379 silly packumentCache full:https://registry.npmjs.org/is-glob cache-miss
380 http fetch GET 200 https://registry.npmjs.org/@types%2fesrecurse 49ms (cache miss)
381 silly packumentCache full:https://registry.npmjs.org/@types%2fesrecurse set size:undefined disposed:false
382 silly fetch manifest is-extglob@^2.1.1
383 silly packumentCache full:https://registry.npmjs.org/is-extglob cache-miss
384 http fetch GET 200 https://registry.npmjs.org/levn 60ms (cache miss)
385 silly packumentCache full:https://registry.npmjs.org/levn set size:undefined disposed:false
386 silly fetch manifest brace-expansion@^5.0.5
387 silly packumentCache full:https://registry.npmjs.org/brace-expansion cache-miss
388 http cache https://registry.npmjs.org/is-glob 4ms (cache hit)
389 silly packumentCache full:https://registry.npmjs.org/is-glob set size:40530 disposed:false
390 silly fetch manifest prelude-ls@^1.2.1
391 silly packumentCache full:https://registry.npmjs.org/prelude-ls cache-miss
392 http fetch GET 200 https://registry.npmjs.org/which 66ms (cache miss)
393 silly packumentCache full:https://registry.npmjs.org/which set size:undefined disposed:false
394 silly fetch manifest deep-is@^0.1.3
395 silly packumentCache full:https://registry.npmjs.org/deep-is cache-miss
396 http fetch GET 200 https://registry.npmjs.org/@humanfs%2fcore 73ms (cache miss)
397 silly packumentCache full:https://registry.npmjs.org/@humanfs%2fcore set size:undefined disposed:false
398 silly fetch manifest word-wrap@^1.2.5
399 silly packumentCache full:https://registry.npmjs.org/word-wrap cache-miss
400 http fetch GET 200 https://registry.npmjs.org/esrecurse 42ms (cache miss)
401 silly packumentCache full:https://registry.npmjs.org/esrecurse set size:undefined disposed:false
402 silly fetch manifest type-check@^0.4.0
403 silly packumentCache full:https://registry.npmjs.org/type-check cache-miss
404 http fetch GET 200 https://registry.npmjs.org/acorn-jsx 45ms (cache miss)
405 silly packumentCache full:https://registry.npmjs.org/acorn-jsx set size:undefined disposed:false
406 silly fetch manifest fast-levenshtein@^2.0.6
407 silly packumentCache full:https://registry.npmjs.org/fast-levenshtein cache-miss
408 http fetch GET 200 https://registry.npmjs.org/path-exists 38ms (cache miss)
409 silly packumentCache full:https://registry.npmjs.org/path-exists set size:undefined disposed:false
410 http fetch GET 200 https://registry.npmjs.org/locate-path 41ms (cache miss)
411 silly packumentCache full:https://registry.npmjs.org/locate-path set size:undefined disposed:false
412 http fetch GET 200 https://registry.npmjs.org/acorn 51ms (cache miss)
413 silly packumentCache full:https://registry.npmjs.org/acorn set size:undefined disposed:false
414 http fetch GET 200 https://registry.npmjs.org/estraverse 55ms (cache miss)
415 silly packumentCache full:https://registry.npmjs.org/estraverse set size:undefined disposed:false
416 http fetch GET 200 https://registry.npmjs.org/is-extglob 46ms (cache miss)
417 silly packumentCache full:https://registry.npmjs.org/is-extglob set size:undefined disposed:false
418 http fetch GET 200 https://registry.npmjs.org/prelude-ls 42ms (cache miss)
419 silly packumentCache full:https://registry.npmjs.org/prelude-ls set size:undefined disposed:false
420 http fetch GET 200 https://registry.npmjs.org/brace-expansion 46ms (cache miss)
421 silly packumentCache full:https://registry.npmjs.org/brace-expansion set size:undefined disposed:false
422 http fetch GET 200 https://registry.npmjs.org/estraverse 54ms (cache miss)
423 silly packumentCache full:https://registry.npmjs.org/estraverse set size:undefined disposed:false
424 http fetch GET 200 https://registry.npmjs.org/flat-cache 54ms (cache miss)
425 silly packumentCache full:https://registry.npmjs.org/flat-cache set size:undefined disposed:false
426 http fetch GET 200 https://registry.npmjs.org/deep-is 42ms (cache miss)
427 silly packumentCache full:https://registry.npmjs.org/deep-is set size:undefined disposed:false
428 http fetch GET 200 https://registry.npmjs.org/word-wrap 47ms (cache miss)
429 silly packumentCache full:https://registry.npmjs.org/word-wrap set size:undefined disposed:false
430 http fetch GET 200 https://registry.npmjs.org/type-check 44ms (cache miss)
431 silly packumentCache full:https://registry.npmjs.org/type-check set size:undefined disposed:false
432 http fetch GET 200 https://registry.npmjs.org/fast-levenshtein 49ms (cache miss)
433 silly packumentCache full:https://registry.npmjs.org/fast-levenshtein set size:undefined disposed:false
434 silly placeDep node_modules/@eslint-community/eslint-utils eslint-visitor-keys@3.4.3 OK for: @eslint-community/eslint-utils@4.9.1 want: ^3.4.3
435 silly placeDep ROOT @eslint/object-schema@3.0.5 OK for: @eslint/config-array@0.23.5 want: ^3.0.5
436 silly placeDep ROOT @types/json-schema@7.0.15 OK for: @eslint/core@1.2.1 want: ^7.0.15
437 silly placeDep ROOT levn@0.4.1 OK for: @eslint/plugin-kit@0.7.2 want: ^0.4.1
438 silly fetch manifest type-check@~0.4.0
439 silly packumentCache full:https://registry.npmjs.org/type-check cache-miss
440 http cache https://registry.npmjs.org/type-check 2ms (cache hit)
441 silly packumentCache full:https://registry.npmjs.org/type-check set size:21221 disposed:false
442 silly placeDep ROOT @humanfs/core@0.19.2 OK for: @humanfs/node@0.16.8 want: ^0.19.2
443 silly placeDep ROOT @humanfs/types@0.15.0 OK for: @humanfs/node@0.16.8 want: ^0.15.0
444 silly placeDep ROOT fast-json-stable-stringify@2.1.0 OK for: ajv@6.15.0 want: ^2.0.0
445 silly placeDep ROOT json-schema-traverse@0.4.1 OK for: ajv@6.15.0 want: ^0.4.1
446 silly placeDep ROOT uri-js@4.4.1 OK for: ajv@6.15.0 want: ^4.2.2
447 silly fetch manifest punycode@^2.1.0
448 silly packumentCache full:https://registry.npmjs.org/punycode cache-miss
449 http fetch GET 200 https://registry.npmjs.org/punycode 37ms (cache miss)
450 silly packumentCache full:https://registry.npmjs.org/punycode set size:undefined disposed:false
451 silly placeDep ROOT path-key@3.1.1 OK for: cross-spawn@7.0.6 want: ^3.1.0
452 silly placeDep ROOT shebang-command@2.0.0 OK for: cross-spawn@7.0.6 want: ^2.0.0
453 silly placeDep ROOT which@2.0.2 OK for: cross-spawn@7.0.6 want: ^2.0.1
454 silly fetch manifest shebang-regex@^3.0.0
455 silly packumentCache full:https://registry.npmjs.org/shebang-regex cache-miss
456 silly fetch manifest isexe@^2.0.0
457 silly packumentCache full:https://registry.npmjs.org/isexe cache-miss
458 http fetch GET 200 https://registry.npmjs.org/shebang-regex 33ms (cache miss)
459 silly packumentCache full:https://registry.npmjs.org/shebang-regex set size:undefined disposed:false
460 http fetch GET 200 https://registry.npmjs.org/isexe 43ms (cache miss)
461 silly packumentCache full:https://registry.npmjs.org/isexe set size:undefined disposed:false
462 silly placeDep ROOT ms@2.1.3 OK for: debug@4.4.3 want: ^2.1.3
463 silly fetch manifest eslint@>=9.0.0
464 silly packumentCache full:https://registry.npmjs.org/eslint cache-miss
465 http cache https://registry.npmjs.org/eslint 4ms (cache hit)
466 silly packumentCache full:https://registry.npmjs.org/eslint set size:2004222 disposed:false
467 silly fetch manifest typescript@>=3.3.1
468 silly packumentCache full:https://registry.npmjs.org/typescript cache-miss
469 http cache https://registry.npmjs.org/typescript 16ms (cache hit)
470 silly packumentCache full:https://registry.npmjs.org/typescript set size:15409943 disposed:false
471 silly fetch manifest eslint@^3 || ^4 || ^5 || ^6 || ^7 || ^8 || ^9.7
472 silly packumentCache full:https://registry.npmjs.org/eslint cache-miss
473 http cache https://registry.npmjs.org/eslint 3ms (cache hit)
474 silly packumentCache full:https://registry.npmjs.org/eslint set size:2004222 disposed:false
475 silly fetch manifest eslint@^2 || ^3 || ^4 || ^5 || ^6 || ^7.2.0 || ^8 || ^9
476 silly packumentCache full:https://registry.npmjs.org/eslint cache-miss
477 http cache https://registry.npmjs.org/eslint 4ms (cache hit)
478 silly packumentCache full:https://registry.npmjs.org/eslint set size:2004222 disposed:false
479 silly fetch manifest eslint@^3 || ^4 || ^5 || ^6 || ^7 || ^8 || ^9
480 silly packumentCache full:https://registry.npmjs.org/eslint cache-miss
481 http cache https://registry.npmjs.org/eslint 5ms (cache hit)
482 silly packumentCache full:https://registry.npmjs.org/eslint set size:2004222 disposed:false
483 silly fetch manifest eslint-plugin-import-x@*
484 silly packumentCache full:https://registry.npmjs.org/eslint-plugin-import-x cache-miss
485 http fetch GET 200 https://registry.npmjs.org/eslint-plugin-import-x 46ms (cache miss)
486 silly packumentCache full:https://registry.npmjs.org/eslint-plugin-import-x set size:undefined disposed:false
487 silly fetch manifest @typescript-eslint/utils@^8.56.0
488 silly packumentCache full:https://registry.npmjs.org/@typescript-eslint%2futils cache-miss
489 http fetch GET 200 https://registry.npmjs.org/@typescript-eslint%2futils 255ms (cache miss)
490 silly packumentCache full:https://registry.npmjs.org/@typescript-eslint%2futils set size:undefined disposed:false
491 silly placeDep ROOT @next/eslint-plugin-next@16.2.6 OK for: eslint-config-next@16.2.6 want: 16.2.6
492 silly placeDep ROOT eslint-import-resolver-node@0.3.10 OK for: eslint-config-next@16.2.6 want: ^0.3.6
493 silly placeDep ROOT eslint-import-resolver-typescript@3.10.1 OK for: eslint-config-next@16.2.6 want: ^3.5.2
494 silly placeDep ROOT eslint-plugin-import@2.32.0 OK for: eslint-config-next@16.2.6 want: ^2.32.0
495 silly placeDep ROOT eslint@9.39.4 REPLACE for: eslint-plugin-import@2.32.0 want: ^2 || ^3 || ^4 || ^5 || ^6 || ^7.2.0 || ^8 || ^9
496 silly placeDep ROOT eslint-plugin-jsx-a11y@6.10.2 OK for: eslint-config-next@16.2.6 want: ^6.10.0
497 silly placeDep ROOT eslint-plugin-react@7.37.5 OK for: eslint-config-next@16.2.6 want: ^7.37.0
498 silly placeDep ROOT eslint-plugin-react-hooks@7.1.1 OK for: eslint-config-next@16.2.6 want: ^7.0.0
499 silly placeDep ROOT globals@16.4.0 OK for: eslint-config-next@16.2.6 want: 16.4.0
500 silly placeDep ROOT typescript-eslint@8.60.0 OK for: eslint-config-next@16.2.6 want: ^8.46.0
501 silly fetch manifest fast-glob@3.3.1
502 silly packumentCache full:https://registry.npmjs.org/fast-glob cache-miss
503 silly fetch manifest debug@^3.2.7
504 silly packumentCache full:https://registry.npmjs.org/debug cache-hit
505 silly fetch manifest resolve@^2.0.0-next.6
506 silly packumentCache full:https://registry.npmjs.org/resolve cache-miss
507 silly fetch manifest is-core-module@^2.16.1
508 silly packumentCache full:https://registry.npmjs.org/is-core-module cache-miss
509 silly fetch manifest tinyglobby@^0.2.13
510 silly packumentCache full:https://registry.npmjs.org/tinyglobby cache-miss
511 silly fetch manifest stable-hash@^0.0.5
512 silly packumentCache full:https://registry.npmjs.org/stable-hash cache-miss
513 silly fetch manifest get-tsconfig@^4.10.0
514 silly packumentCache full:https://registry.npmjs.org/get-tsconfig cache-miss
515 silly fetch manifest is-bun-module@^2.0.0
516 silly packumentCache full:https://registry.npmjs.org/is-bun-module cache-miss
517 silly fetch manifest unrs-resolver@^1.6.2
518 silly packumentCache full:https://registry.npmjs.org/unrs-resolver cache-miss
519 silly fetch manifest @nolyfill/is-core-module@1.0.39
520 silly packumentCache full:https://registry.npmjs.org/@nolyfill%2fis-core-module cache-miss
521 silly fetch manifest @rtsao/scc@^1.1.0
522 silly packumentCache full:https://registry.npmjs.org/@rtsao%2fscc cache-miss
523 silly fetch manifest array-includes@^3.1.9
524 silly packumentCache full:https://registry.npmjs.org/array-includes cache-miss
525 silly fetch manifest array.prototype.findlastindex@^1.2.6
526 silly packumentCache full:https://registry.npmjs.org/array.prototype.findlastindex cache-miss
527 silly fetch manifest array.prototype.flat@^1.3.3
528 silly packumentCache full:https://registry.npmjs.org/array.prototype.flat cache-miss
529 http fetch GET 200 https://registry.npmjs.org/stable-hash 47ms (cache miss)
530 silly packumentCache full:https://registry.npmjs.org/stable-hash set size:undefined disposed:false
531 silly fetch manifest array.prototype.flatmap@^1.3.3
532 silly packumentCache full:https://registry.npmjs.org/array.prototype.flatmap cache-miss
533 http fetch GET 200 https://registry.npmjs.org/is-bun-module 48ms (cache miss)
534 silly packumentCache full:https://registry.npmjs.org/is-bun-module set size:undefined disposed:false
535 silly fetch manifest doctrine@^2.1.0
536 silly packumentCache full:https://registry.npmjs.org/doctrine cache-miss
537 http fetch GET 200 https://registry.npmjs.org/array-includes 48ms (cache miss)
538 silly packumentCache full:https://registry.npmjs.org/array-includes set size:undefined disposed:false
539 silly fetch manifest eslint-module-utils@^2.12.1
540 silly packumentCache full:https://registry.npmjs.org/eslint-module-utils cache-miss
541 http fetch GET 200 https://registry.npmjs.org/is-core-module 52ms (cache miss)
542 silly packumentCache full:https://registry.npmjs.org/is-core-module set size:undefined disposed:false
543 silly fetch manifest hasown@^2.0.2
544 silly packumentCache full:https://registry.npmjs.org/hasown cache-miss
545 http fetch GET 200 https://registry.npmjs.org/unrs-resolver 55ms (cache miss)
546 silly packumentCache full:https://registry.npmjs.org/unrs-resolver set size:undefined disposed:false
547 silly fetch manifest minimatch@^3.1.2
548 silly packumentCache full:https://registry.npmjs.org/minimatch cache-miss
549 http fetch GET 200 https://registry.npmjs.org/array.prototype.flat 57ms (cache miss)
550 silly packumentCache full:https://registry.npmjs.org/array.prototype.flat set size:undefined disposed:false
551 silly fetch manifest object.fromentries@^2.0.8
552 silly packumentCache full:https://registry.npmjs.org/object.fromentries cache-miss
553 http fetch GET 200 https://registry.npmjs.org/tinyglobby 60ms (cache miss)
554 silly packumentCache full:https://registry.npmjs.org/tinyglobby set size:undefined disposed:false
555 silly fetch manifest object.groupby@^1.0.3
556 silly packumentCache full:https://registry.npmjs.org/object.groupby cache-miss
557 http fetch GET 200 https://registry.npmjs.org/array.prototype.findlastindex 61ms (cache miss)
558 silly packumentCache full:https://registry.npmjs.org/array.prototype.findlastindex set size:undefined disposed:false
559 silly fetch manifest object.values@^1.2.1
560 silly packumentCache full:https://registry.npmjs.org/object.values cache-miss
561 http fetch GET 200 https://registry.npmjs.org/@rtsao%2fscc 61ms (cache miss)
562 silly packumentCache full:https://registry.npmjs.org/@rtsao%2fscc set size:undefined disposed:false
563 silly fetch manifest semver@^6.3.1
564 silly packumentCache full:https://registry.npmjs.org/semver cache-miss
565 http fetch GET 200 https://registry.npmjs.org/@nolyfill%2fis-core-module 62ms (cache miss)
566 silly packumentCache full:https://registry.npmjs.org/@nolyfill%2fis-core-module set size:undefined disposed:false
567 silly fetch manifest string.prototype.trimend@^1.0.9
568 silly packumentCache full:https://registry.npmjs.org/string.prototype.trimend cache-miss
569 http cache https://registry.npmjs.org/minimatch 7ms (cache hit)
570 silly packumentCache full:https://registry.npmjs.org/minimatch set size:375282 disposed:false
571 silly fetch manifest tsconfig-paths@^3.15.0
572 silly packumentCache full:https://registry.npmjs.org/tsconfig-paths cache-miss
573 http fetch GET 200 https://registry.npmjs.org/resolve 66ms (cache miss)
574 silly packumentCache full:https://registry.npmjs.org/resolve set size:undefined disposed:false
575 silly fetch manifest chalk@^4.0.0
576 silly packumentCache full:https://registry.npmjs.org/chalk cache-miss
577 http fetch GET 200 https://registry.npmjs.org/get-tsconfig 68ms (cache miss)
578 silly packumentCache full:https://registry.npmjs.org/get-tsconfig set size:undefined disposed:false
579 silly fetch manifest espree@^10.4.0
580 silly packumentCache full:https://registry.npmjs.org/espree cache-miss
581 http fetch GET 200 https://registry.npmjs.org/fast-glob 70ms (cache miss)
582 silly packumentCache full:https://registry.npmjs.org/fast-glob set size:undefined disposed:false
583 silly fetch manifest minimatch@^3.1.5
584 silly packumentCache full:https://registry.npmjs.org/minimatch cache-hit
585 silly fetch manifest @eslint/js@9.39.4
586 silly packumentCache full:https://registry.npmjs.org/@eslint%2fjs cache-miss
587 http cache https://registry.npmjs.org/semver 10ms (cache hit)
588 silly packumentCache full:https://registry.npmjs.org/semver set size:235672 disposed:false
589 silly fetch manifest @eslint/core@^0.17.0
590 silly packumentCache full:https://registry.npmjs.org/@eslint%2fcore cache-miss
591 http cache https://registry.npmjs.org/espree 6ms (cache hit)
592 silly packumentCache full:https://registry.npmjs.org/espree set size:326080 disposed:false
593 silly fetch manifest eslint-scope@^8.4.0
594 silly packumentCache full:https://registry.npmjs.org/eslint-scope cache-miss
595 http cache https://registry.npmjs.org/@eslint%2fcore 4ms (cache hit)
596 silly packumentCache full:https://registry.npmjs.org/@eslint%2fcore set size:58023 disposed:false
597 silly fetch manifest lodash.merge@^4.6.2
598 silly packumentCache full:https://registry.npmjs.org/lodash.merge cache-miss
599 http cache https://registry.npmjs.org/eslint-scope 2ms (cache hit)
600 silly packumentCache full:https://registry.npmjs.org/eslint-scope set size:98867 disposed:false
601 silly fetch manifest @eslint/eslintrc@^3.3.5
602 silly packumentCache full:https://registry.npmjs.org/@eslint%2feslintrc cache-miss
603 http fetch GET 200 https://registry.npmjs.org/doctrine 41ms (cache miss)
604 silly packumentCache full:https://registry.npmjs.org/doctrine set size:undefined disposed:false
605 silly fetch manifest @eslint/plugin-kit@^0.4.1
606 silly packumentCache full:https://registry.npmjs.org/@eslint%2fplugin-kit cache-miss
607 http fetch GET 200 https://registry.npmjs.org/hasown 39ms (cache miss)
608 silly packumentCache full:https://registry.npmjs.org/hasown set size:undefined disposed:false
609 silly fetch manifest eslint-visitor-keys@^4.2.1
610 silly packumentCache full:https://registry.npmjs.org/eslint-visitor-keys cache-hit
611 silly fetch manifest @eslint/config-array@^0.21.2
612 silly packumentCache full:https://registry.npmjs.org/@eslint%2fconfig-array cache-miss
613 http cache https://registry.npmjs.org/@eslint%2fplugin-kit 2ms (cache hit)
614 silly packumentCache full:https://registry.npmjs.org/@eslint%2fplugin-kit set size:76057 disposed:false
615 silly fetch manifest @eslint/config-helpers@^0.4.2
616 silly packumentCache full:https://registry.npmjs.org/@eslint%2fconfig-helpers cache-miss
617 http cache https://registry.npmjs.org/@eslint%2fconfig-helpers 1ms (cache hit)
618 silly packumentCache full:https://registry.npmjs.org/@eslint%2fconfig-helpers set size:52610 disposed:false
619 silly fetch manifest aria-query@^5.3.2
620 silly packumentCache full:https://registry.npmjs.org/aria-query cache-miss
621 http cache https://registry.npmjs.org/@eslint%2fconfig-array 2ms (cache hit)
622 silly packumentCache full:https://registry.npmjs.org/@eslint%2fconfig-array set size:74140 disposed:false
623 silly fetch manifest array-includes@^3.1.8
624 silly packumentCache full:https://registry.npmjs.org/array-includes cache-miss
625 http fetch GET 200 https://registry.npmjs.org/object.groupby 37ms (cache miss)
626 silly packumentCache full:https://registry.npmjs.org/object.groupby set size:undefined disposed:false
627 silly fetch manifest array.prototype.flatmap@^1.3.2
628 silly packumentCache full:https://registry.npmjs.org/array.prototype.flatmap cache-miss
629 http cache https://registry.npmjs.org/array-includes 3ms (cache hit)
630 silly packumentCache full:https://registry.npmjs.org/array-includes set size:77143 disposed:false
631 silly fetch manifest ast-types-flow@^0.0.8
632 silly packumentCache full:https://registry.npmjs.org/ast-types-flow cache-miss
633 http fetch GET 200 https://registry.npmjs.org/eslint-module-utils 51ms (cache miss)
634 silly packumentCache full:https://registry.npmjs.org/eslint-module-utils set size:undefined disposed:false
635 silly fetch manifest axe-core@^4.10.0
636 silly packumentCache full:https://registry.npmjs.org/axe-core cache-miss
637 http fetch GET 200 https://registry.npmjs.org/array.prototype.flatmap 54ms (cache miss)
638 silly packumentCache full:https://registry.npmjs.org/array.prototype.flatmap set size:undefined disposed:false
639 silly fetch manifest axobject-query@^4.1.0
640 silly packumentCache full:https://registry.npmjs.org/axobject-query cache-miss
641 http fetch GET 200 https://registry.npmjs.org/object.fromentries 44ms (cache miss)
642 silly packumentCache full:https://registry.npmjs.org/object.fromentries set size:undefined disposed:false
643 silly fetch manifest damerau-levenshtein@^1.0.8
644 silly packumentCache full:https://registry.npmjs.org/damerau-levenshtein cache-miss
645 http fetch GET 200 https://registry.npmjs.org/string.prototype.trimend 42ms (cache miss)
646 silly packumentCache full:https://registry.npmjs.org/string.prototype.trimend set size:undefined disposed:false
647 silly fetch manifest emoji-regex@^9.2.2
648 silly packumentCache full:https://registry.npmjs.org/emoji-regex cache-miss
649 http fetch GET 200 https://registry.npmjs.org/object.values 50ms (cache miss)
650 silly packumentCache full:https://registry.npmjs.org/object.values set size:undefined disposed:false
651 silly fetch manifest jsx-ast-utils@^3.3.5
652 silly packumentCache full:https://registry.npmjs.org/jsx-ast-utils cache-miss
653 http fetch GET 200 https://registry.npmjs.org/chalk 46ms (cache miss)
654 silly packumentCache full:https://registry.npmjs.org/chalk set size:undefined disposed:false
655 silly fetch manifest language-tags@^1.0.9
656 silly packumentCache full:https://registry.npmjs.org/language-tags cache-miss
657 http fetch GET 200 https://registry.npmjs.org/tsconfig-paths 50ms (cache miss)
658 silly packumentCache full:https://registry.npmjs.org/tsconfig-paths set size:undefined disposed:false
659 silly fetch manifest safe-regex-test@^1.0.3
660 silly packumentCache full:https://registry.npmjs.org/safe-regex-test cache-miss
661 http fetch GET 200 https://registry.npmjs.org/lodash.merge 48ms (cache miss)
662 silly packumentCache full:https://registry.npmjs.org/lodash.merge set size:undefined disposed:false
663 silly fetch manifest string.prototype.includes@^2.0.1
664 silly packumentCache full:https://registry.npmjs.org/string.prototype.includes cache-miss
665 http fetch GET 200 https://registry.npmjs.org/@eslint%2fjs 55ms (cache miss)
666 silly packumentCache full:https://registry.npmjs.org/@eslint%2fjs set size:undefined disposed:false
667 silly fetch manifest array.prototype.findlast@^1.2.5
668 silly packumentCache full:https://registry.npmjs.org/array.prototype.findlast cache-miss
669 http fetch GET 200 https://registry.npmjs.org/aria-query 39ms (cache miss)
670 silly packumentCache full:https://registry.npmjs.org/aria-query set size:undefined disposed:false
671 silly fetch manifest array.prototype.tosorted@^1.1.4
672 silly packumentCache full:https://registry.npmjs.org/array.prototype.tosorted cache-miss
673 http fetch GET 200 https://registry.npmjs.org/array.prototype.flatmap 43ms (cache miss)
674 silly packumentCache full:https://registry.npmjs.org/array.prototype.flatmap set size:undefined disposed:false
675 silly fetch manifest es-iterator-helpers@^1.2.1
676 silly packumentCache full:https://registry.npmjs.org/es-iterator-helpers cache-miss
677 http fetch GET 200 https://registry.npmjs.org/ast-types-flow 43ms (cache miss)
678 silly packumentCache full:https://registry.npmjs.org/ast-types-flow set size:undefined disposed:false
679 silly fetch manifest estraverse@^5.3.0
680 silly packumentCache full:https://registry.npmjs.org/estraverse cache-miss
681 http cache https://registry.npmjs.org/estraverse 1ms (cache hit)
682 silly packumentCache full:https://registry.npmjs.org/estraverse set size:62412 disposed:false
683 silly fetch manifest jsx-ast-utils@^2.4.1 || ^3.0.0
684 silly packumentCache full:https://registry.npmjs.org/jsx-ast-utils cache-miss
685 http fetch GET 200 https://registry.npmjs.org/damerau-levenshtein 47ms (cache miss)
686 silly packumentCache full:https://registry.npmjs.org/damerau-levenshtein set size:undefined disposed:false
687 silly fetch manifest object.entries@^1.1.9
688 silly packumentCache full:https://registry.npmjs.org/object.entries cache-miss
689 http fetch GET 200 https://registry.npmjs.org/axobject-query 48ms (cache miss)
690 silly packumentCache full:https://registry.npmjs.org/axobject-query set size:undefined disposed:false
691 silly fetch manifest prop-types@^15.8.1
692 silly packumentCache full:https://registry.npmjs.org/prop-types cache-miss
693 http fetch GET 200 https://registry.npmjs.org/emoji-regex 51ms (cache miss)
694 silly packumentCache full:https://registry.npmjs.org/emoji-regex set size:undefined disposed:false
695 silly fetch manifest resolve@^2.0.0-next.5
696 silly packumentCache full:https://registry.npmjs.org/resolve cache-miss
697 http cache https://registry.npmjs.org/resolve 2ms (cache hit)
698 silly packumentCache full:https://registry.npmjs.org/resolve set size:244568 disposed:false
699 silly fetch manifest string.prototype.matchall@^4.0.12
700 silly packumentCache full:https://registry.npmjs.org/string.prototype.matchall cache-miss
701 http fetch GET 200 https://registry.npmjs.org/language-tags 47ms (cache miss)
702 silly packumentCache full:https://registry.npmjs.org/language-tags set size:undefined disposed:false
703 silly fetch manifest string.prototype.repeat@^1.0.0
704 silly packumentCache full:https://registry.npmjs.org/string.prototype.repeat cache-miss
705 http fetch GET 200 https://registry.npmjs.org/@eslint%2feslintrc 84ms (cache miss)
706 silly packumentCache full:https://registry.npmjs.org/@eslint%2feslintrc set size:undefined disposed:false
707 silly fetch manifest zod@^3.25.0 || ^4.0.0
708 silly packumentCache full:https://registry.npmjs.org/zod cache-miss
709 http fetch GET 200 https://registry.npmjs.org/safe-regex-test 48ms (cache miss)
710 silly packumentCache full:https://registry.npmjs.org/safe-regex-test set size:undefined disposed:false
711 silly fetch manifest @babel/core@^7.24.4
712 silly packumentCache full:https://registry.npmjs.org/@babel%2fcore cache-miss
713 http fetch GET 200 https://registry.npmjs.org/jsx-ast-utils 54ms (cache miss)
714 silly packumentCache full:https://registry.npmjs.org/jsx-ast-utils set size:undefined disposed:false
715 silly fetch manifest @babel/parser@^7.24.4
716 silly packumentCache full:https://registry.npmjs.org/@babel%2fparser cache-miss
717 http fetch GET 200 https://registry.npmjs.org/string.prototype.includes 47ms (cache miss)
718 silly packumentCache full:https://registry.npmjs.org/string.prototype.includes set size:undefined disposed:false
719 silly fetch manifest hermes-parser@^0.25.1
720 silly packumentCache full:https://registry.npmjs.org/hermes-parser cache-miss
721 http fetch GET 200 https://registry.npmjs.org/array.prototype.findlast 53ms (cache miss)
722 silly packumentCache full:https://registry.npmjs.org/array.prototype.findlast set size:undefined disposed:false
723 silly fetch manifest zod-validation-error@^3.5.0 || ^4.0.0
724 silly packumentCache full:https://registry.npmjs.org/zod-validation-error cache-miss
725 http fetch GET 200 https://registry.npmjs.org/array.prototype.tosorted 49ms (cache miss)
726 silly packumentCache full:https://registry.npmjs.org/array.prototype.tosorted set size:undefined disposed:false
727 silly fetch manifest @typescript-eslint/utils@8.60.0
728 silly packumentCache full:https://registry.npmjs.org/@typescript-eslint%2futils cache-miss
729 http fetch GET 200 https://registry.npmjs.org/es-iterator-helpers 44ms (cache miss)
730 silly packumentCache full:https://registry.npmjs.org/es-iterator-helpers set size:undefined disposed:false
731 silly fetch manifest @typescript-eslint/parser@8.60.0
732 silly packumentCache full:https://registry.npmjs.org/@typescript-eslint%2fparser cache-miss
733 http cache https://registry.npmjs.org/@typescript-eslint%2futils 12ms (cache hit)
734 silly packumentCache full:https://registry.npmjs.org/@typescript-eslint%2futils set size:10199886 disposed:false
735 silly fetch manifest @typescript-eslint/eslint-plugin@8.60.0
736 silly packumentCache full:https://registry.npmjs.org/@typescript-eslint%2feslint-plugin cache-miss
737 http fetch GET 200 https://registry.npmjs.org/object.entries 87ms (cache miss)
738 silly packumentCache full:https://registry.npmjs.org/object.entries set size:undefined disposed:false
739 silly fetch manifest @typescript-eslint/typescript-estree@8.60.0
740 silly packumentCache full:https://registry.npmjs.org/@typescript-eslint%2ftypescript-estree cache-miss
741 http fetch GET 200 https://registry.npmjs.org/string.prototype.repeat 77ms (cache miss)
742 silly packumentCache full:https://registry.npmjs.org/string.prototype.repeat set size:undefined disposed:false
743 http fetch GET 200 https://registry.npmjs.org/string.prototype.matchall 78ms (cache miss)
744 silly packumentCache full:https://registry.npmjs.org/string.prototype.matchall set size:undefined disposed:false
745 http fetch GET 200 https://registry.npmjs.org/jsx-ast-utils 96ms (cache miss)
746 silly packumentCache full:https://registry.npmjs.org/jsx-ast-utils set size:undefined disposed:false
747 http fetch GET 200 https://registry.npmjs.org/zod-validation-error 61ms (cache miss)
748 silly packumentCache full:https://registry.npmjs.org/zod-validation-error set size:undefined disposed:false
749 http fetch GET 200 https://registry.npmjs.org/hermes-parser 69ms (cache miss)
750 silly packumentCache full:https://registry.npmjs.org/hermes-parser set size:undefined disposed:false
751 http fetch GET 200 https://registry.npmjs.org/prop-types 96ms (cache miss)
752 silly packumentCache full:https://registry.npmjs.org/prop-types set size:undefined disposed:false
753 http fetch GET 200 https://registry.npmjs.org/@babel%2fcore 86ms (cache miss)
754 silly packumentCache full:https://registry.npmjs.org/@babel%2fcore set size:undefined disposed:false
755 http fetch GET 200 https://registry.npmjs.org/@babel%2fparser 108ms (cache miss)
756 silly packumentCache full:https://registry.npmjs.org/@babel%2fparser set size:undefined disposed:false
757 http fetch GET 200 https://registry.npmjs.org/zod 119ms (cache miss)
758 silly packumentCache full:https://registry.npmjs.org/zod set size:undefined disposed:false
759 http fetch GET 200 https://registry.npmjs.org/axe-core 201ms (cache miss)
760 silly packumentCache full:https://registry.npmjs.org/axe-core set size:undefined disposed:false
761 http fetch GET 200 https://registry.npmjs.org/@typescript-eslint%2ftypescript-estree 317ms (cache miss)
762 silly packumentCache full:https://registry.npmjs.org/@typescript-eslint%2ftypescript-estree set size:undefined disposed:false
763 http fetch GET 200 https://registry.npmjs.org/@typescript-eslint%2feslint-plugin 396ms (cache miss)
764 silly packumentCache full:https://registry.npmjs.org/@typescript-eslint%2feslint-plugin set size:undefined disposed:false
765 http fetch GET 200 https://registry.npmjs.org/@typescript-eslint%2fparser 505ms (cache miss)
766 silly packumentCache full:https://registry.npmjs.org/@typescript-eslint%2fparser set size:undefined disposed:false
767 silly placeDep ROOT fast-glob@3.3.1 OK for: @next/eslint-plugin-next@16.2.6 want: 3.3.1
768 silly fetch manifest merge2@^1.3.0
769 silly packumentCache full:https://registry.npmjs.org/merge2 cache-miss
770 silly fetch manifest micromatch@^4.0.4
771 silly packumentCache full:https://registry.npmjs.org/micromatch cache-miss
772 silly fetch manifest glob-parent@^5.1.2
773 silly packumentCache full:https://registry.npmjs.org/glob-parent cache-miss
774 silly fetch manifest @nodelib/fs.stat@^2.0.2
775 silly packumentCache full:https://registry.npmjs.org/@nodelib%2ffs.stat cache-miss
776 silly fetch manifest @nodelib/fs.walk@^1.2.3
777 silly packumentCache full:https://registry.npmjs.org/@nodelib%2ffs.walk cache-miss
778 http cache https://registry.npmjs.org/glob-parent 3ms (cache hit)
779 silly packumentCache full:https://registry.npmjs.org/glob-parent set size:42445 disposed:false
780 http fetch GET 200 https://registry.npmjs.org/merge2 36ms (cache miss)
781 silly packumentCache full:https://registry.npmjs.org/merge2 set size:undefined disposed:false
782 http fetch GET 200 https://registry.npmjs.org/micromatch 50ms (cache miss)
783 silly packumentCache full:https://registry.npmjs.org/micromatch set size:undefined disposed:false
784 http fetch GET 200 https://registry.npmjs.org/@nodelib%2ffs.walk 54ms (cache miss)
785 silly packumentCache full:https://registry.npmjs.org/@nodelib%2ffs.walk set size:undefined disposed:false
786 http fetch GET 200 https://registry.npmjs.org/@nodelib%2ffs.stat 69ms (cache miss)
787 silly packumentCache full:https://registry.npmjs.org/@nodelib%2ffs.stat set size:undefined disposed:false
788 silly placeDep ROOT @eslint/config-array@0.21.2 OK for: eslint@9.39.4 want: ^0.21.2
789 silly placeDep ROOT @eslint/config-helpers@0.4.2 OK for: eslint@9.39.4 want: ^0.4.2
790 silly placeDep ROOT @eslint/core@0.17.0 OK for: eslint@9.39.4 want: ^0.17.0
791 silly placeDep ROOT @eslint/eslintrc@3.3.5 OK for: eslint@9.39.4 want: ^3.3.5
792 silly placeDep ROOT @eslint/js@9.39.4 OK for: eslint@9.39.4 want: 9.39.4
793 silly placeDep ROOT @eslint/plugin-kit@0.4.1 OK for: eslint@9.39.4 want: ^0.4.1
794 silly placeDep ROOT @types/estree@1.0.9 OK for: eslint@9.39.4 want: ^1.0.6
795 silly placeDep ROOT chalk@4.1.2 OK for: eslint@9.39.4 want: ^4.0.0
796 silly placeDep ROOT eslint-scope@8.4.0 OK for: eslint@9.39.4 want: ^8.4.0
797 silly placeDep ROOT eslint-visitor-keys@4.2.1 OK for: eslint@9.39.4 want: ^4.2.1
798 silly placeDep ROOT espree@10.4.0 OK for: eslint@9.39.4 want: ^10.4.0
799 silly placeDep ROOT lodash.merge@4.6.2 OK for: eslint@9.39.4 want: ^4.6.2
800 silly placeDep ROOT minimatch@3.1.5 OK for: eslint@9.39.4 want: ^3.1.5
801 silly fetch manifest @eslint/object-schema@^2.1.7
802 silly packumentCache full:https://registry.npmjs.org/@eslint%2fobject-schema cache-miss
803 silly fetch manifest espree@^10.0.1
804 silly packumentCache full:https://registry.npmjs.org/espree cache-hit
805 silly fetch manifest globals@^14.0.0
806 silly packumentCache full:https://registry.npmjs.org/globals cache-miss
807 silly fetch manifest import-fresh@^3.2.1
808 silly packumentCache full:https://registry.npmjs.org/import-fresh cache-miss
809 silly fetch manifest js-yaml@^4.1.1
810 silly packumentCache full:https://registry.npmjs.org/js-yaml cache-miss
811 silly fetch manifest strip-json-comments@^3.1.1
812 silly packumentCache full:https://registry.npmjs.org/strip-json-comments cache-miss
813 silly fetch manifest ansi-styles@^4.1.0
814 silly packumentCache full:https://registry.npmjs.org/ansi-styles cache-miss
815 silly fetch manifest supports-color@^7.1.0
816 silly packumentCache full:https://registry.npmjs.org/supports-color cache-miss
817 silly fetch manifest acorn@^8.15.0
818 silly packumentCache full:https://registry.npmjs.org/acorn cache-miss
819 silly fetch manifest brace-expansion@^1.1.7
820 silly packumentCache full:https://registry.npmjs.org/brace-expansion cache-miss
821 http cache https://registry.npmjs.org/@eslint%2fobject-schema 4ms (cache hit)
822 silly packumentCache full:https://registry.npmjs.org/@eslint%2fobject-schema set size:38535 disposed:false
823 http cache https://registry.npmjs.org/globals 5ms (cache hit)
824 silly packumentCache full:https://registry.npmjs.org/globals set size:315985 disposed:false
825 http cache https://registry.npmjs.org/brace-expansion 6ms (cache hit)
826 silly packumentCache full:https://registry.npmjs.org/brace-expansion set size:72152 disposed:false
827 http cache https://registry.npmjs.org/acorn 7ms (cache hit)
828 silly packumentCache full:https://registry.npmjs.org/acorn set size:379626 disposed:false
829 http fetch GET 200 https://registry.npmjs.org/ansi-styles 45ms (cache miss)
830 silly packumentCache full:https://registry.npmjs.org/ansi-styles set size:undefined disposed:false
831 http fetch GET 200 https://registry.npmjs.org/strip-json-comments 46ms (cache miss)
832 silly packumentCache full:https://registry.npmjs.org/strip-json-comments set size:undefined disposed:false
833 http fetch GET 200 https://registry.npmjs.org/js-yaml 48ms (cache miss)
834 silly packumentCache full:https://registry.npmjs.org/js-yaml set size:undefined disposed:false
835 http fetch GET 200 https://registry.npmjs.org/import-fresh 51ms (cache miss)
836 silly packumentCache full:https://registry.npmjs.org/import-fresh set size:undefined disposed:false
837 http fetch GET 200 https://registry.npmjs.org/supports-color 50ms (cache miss)
838 silly packumentCache full:https://registry.npmjs.org/supports-color set size:undefined disposed:false
839 silly placeDep ROOT @eslint/object-schema@2.1.7 OK for: @eslint/config-array@0.21.2 want: ^2.1.7
840 silly placeDep ROOT @types/json-schema@7.0.15 OK for: @eslint/core@0.17.0 want: ^7.0.15
841 silly placeDep node_modules/@eslint/eslintrc globals@14.0.0 OK for: @eslint/eslintrc@3.3.5 want: ^14.0.0
842 silly placeDep ROOT import-fresh@3.3.1 OK for: @eslint/eslintrc@3.3.5 want: ^3.2.1
843 silly placeDep ROOT js-yaml@4.1.1 OK for: @eslint/eslintrc@3.3.5 want: ^4.1.1
844 silly placeDep ROOT strip-json-comments@3.1.1 OK for: @eslint/eslintrc@3.3.5 want: ^3.1.1
845 silly fetch manifest resolve-from@^4.0.0
846 silly packumentCache full:https://registry.npmjs.org/resolve-from cache-miss
847 silly fetch manifest parent-module@^1.0.0
848 silly packumentCache full:https://registry.npmjs.org/parent-module cache-miss
849 silly fetch manifest argparse@^2.0.1
850 silly packumentCache full:https://registry.npmjs.org/argparse cache-miss
851 http fetch GET 200 https://registry.npmjs.org/resolve-from 37ms (cache miss)
852 silly packumentCache full:https://registry.npmjs.org/resolve-from set size:undefined disposed:false
853 http fetch GET 200 https://registry.npmjs.org/parent-module 39ms (cache miss)
854 silly packumentCache full:https://registry.npmjs.org/parent-module set size:undefined disposed:false
855 http fetch GET 200 https://registry.npmjs.org/argparse 40ms (cache miss)
856 silly packumentCache full:https://registry.npmjs.org/argparse set size:undefined disposed:false
857 silly placeDep ROOT ansi-styles@4.3.0 OK for: chalk@4.1.2 want: ^4.1.0
858 silly placeDep ROOT supports-color@7.2.0 OK for: chalk@4.1.2 want: ^7.1.0
859 silly fetch manifest color-convert@^2.0.1
860 silly packumentCache full:https://registry.npmjs.org/color-convert cache-miss
861 silly fetch manifest has-flag@^4.0.0
862 silly packumentCache full:https://registry.npmjs.org/has-flag cache-miss
863 http fetch GET 200 https://registry.npmjs.org/has-flag 37ms (cache miss)
864 silly packumentCache full:https://registry.npmjs.org/has-flag set size:undefined disposed:false
865 http fetch GET 200 https://registry.npmjs.org/color-convert 49ms (cache miss)
866 silly packumentCache full:https://registry.npmjs.org/color-convert set size:undefined disposed:false
867 silly placeDep ROOT color-convert@2.0.1 OK for: ansi-styles@4.3.0 want: ^2.0.1
868 silly fetch manifest color-name@~1.1.4
869 silly packumentCache full:https://registry.npmjs.org/color-name cache-miss
870 http fetch GET 200 https://registry.npmjs.org/color-name 34ms (cache miss)
871 silly packumentCache full:https://registry.npmjs.org/color-name set size:undefined disposed:false
872 silly placeDep ROOT color-name@1.1.4 OK for: color-convert@2.0.1 want: ~1.1.4
873 silly placeDep node_modules/eslint-import-resolver-node debug@3.2.7 OK for: eslint-import-resolver-node@0.3.10 want: ^3.2.7
874 silly placeDep ROOT is-core-module@2.16.2 OK for: eslint-import-resolver-node@0.3.10 want: ^2.16.1
875 silly placeDep ROOT resolve@2.0.0-next.7 OK for: eslint-import-resolver-node@0.3.10 want: ^2.0.0-next.6
876 silly fetch manifest hasown@^2.0.3
877 silly packumentCache full:https://registry.npmjs.org/hasown cache-miss
878 silly fetch manifest es-errors@^1.3.0
879 silly packumentCache full:https://registry.npmjs.org/es-errors cache-miss
880 silly fetch manifest node-exports-info@^1.6.0
881 silly packumentCache full:https://registry.npmjs.org/node-exports-info cache-miss
882 silly fetch manifest object-keys@^1.1.1
883 silly packumentCache full:https://registry.npmjs.org/object-keys cache-miss
884 silly fetch manifest path-parse@^1.0.7
885 silly packumentCache full:https://registry.npmjs.org/path-parse cache-miss
886 silly fetch manifest supports-preserve-symlinks-flag@^1.0.0
887 silly packumentCache full:https://registry.npmjs.org/supports-preserve-symlinks-flag cache-miss
888 http cache https://registry.npmjs.org/hasown 2ms (cache hit)
889 silly packumentCache full:https://registry.npmjs.org/hasown set size:18361 disposed:false
890 http fetch GET 200 https://registry.npmjs.org/es-errors 33ms (cache miss)
891 silly packumentCache full:https://registry.npmjs.org/es-errors set size:undefined disposed:false
892 http fetch GET 200 https://registry.npmjs.org/path-parse 41ms (cache miss)
893 silly packumentCache full:https://registry.npmjs.org/path-parse set size:undefined disposed:false
894 http fetch GET 200 https://registry.npmjs.org/supports-preserve-symlinks-flag 47ms (cache miss)
895 silly packumentCache full:https://registry.npmjs.org/supports-preserve-symlinks-flag set size:undefined disposed:false
896 http fetch GET 200 https://registry.npmjs.org/object-keys 47ms (cache miss)
897 silly packumentCache full:https://registry.npmjs.org/object-keys set size:undefined disposed:false
898 http fetch GET 200 https://registry.npmjs.org/node-exports-info 52ms (cache miss)
899 silly packumentCache full:https://registry.npmjs.org/node-exports-info set size:undefined disposed:false
900 silly placeDep ROOT @nolyfill/is-core-module@1.0.39 OK for: eslint-import-resolver-typescript@3.10.1 want: 1.0.39
901 silly placeDep ROOT get-tsconfig@4.14.0 OK for: eslint-import-resolver-typescript@3.10.1 want: ^4.10.0
902 silly placeDep ROOT is-bun-module@2.0.0 OK for: eslint-import-resolver-typescript@3.10.1 want: ^2.0.0
903 silly placeDep ROOT stable-hash@0.0.5 OK for: eslint-import-resolver-typescript@3.10.1 want: ^0.0.5
904 silly placeDep ROOT tinyglobby@0.2.17 OK for: eslint-import-resolver-typescript@3.10.1 want: ^0.2.13
905 silly placeDep ROOT unrs-resolver@1.12.2 OK for: eslint-import-resolver-typescript@3.10.1 want: ^1.6.2
906 silly fetch manifest resolve-pkg-maps@^1.0.0
907 silly packumentCache full:https://registry.npmjs.org/resolve-pkg-maps cache-miss
908 silly fetch manifest fdir@^6.5.0
909 silly packumentCache full:https://registry.npmjs.org/fdir cache-miss
910 silly fetch manifest picomatch@^4.0.4
911 silly packumentCache full:https://registry.npmjs.org/picomatch cache-miss
912 silly fetch manifest napi-postinstall@^0.3.4
913 silly packumentCache full:https://registry.npmjs.org/napi-postinstall cache-miss
914 silly fetch manifest @unrs/resolver-binding-darwin-arm64@1.12.2
915 silly packumentCache full:https://registry.npmjs.org/@unrs%2fresolver-binding-darwin-arm64 cache-miss
916 silly fetch manifest @unrs/resolver-binding-android-arm64@1.12.2
917 silly packumentCache full:https://registry.npmjs.org/@unrs%2fresolver-binding-android-arm64 cache-miss
918 silly fetch manifest @unrs/resolver-binding-win32-arm64-msvc@1.12.2
919 silly packumentCache full:https://registry.npmjs.org/@unrs%2fresolver-binding-win32-arm64-msvc cache-miss
920 silly fetch manifest @unrs/resolver-binding-linux-arm64-gnu@1.12.2
921 silly packumentCache full:https://registry.npmjs.org/@unrs%2fresolver-binding-linux-arm64-gnu cache-miss
922 silly fetch manifest @unrs/resolver-binding-linux-arm64-musl@1.12.2
923 silly packumentCache full:https://registry.npmjs.org/@unrs%2fresolver-binding-linux-arm64-musl cache-miss
924 silly fetch manifest @unrs/resolver-binding-openharmony-arm64@1.12.2
925 silly packumentCache full:https://registry.npmjs.org/@unrs%2fresolver-binding-openharmony-arm64 cache-miss
926 silly fetch manifest @unrs/resolver-binding-android-arm-eabi@1.12.2
927 silly packumentCache full:https://registry.npmjs.org/@unrs%2fresolver-binding-android-arm-eabi cache-miss
928 silly fetch manifest @unrs/resolver-binding-linux-arm-gnueabihf@1.12.2
929 silly packumentCache full:https://registry.npmjs.org/@unrs%2fresolver-binding-linux-arm-gnueabihf cache-miss
930 silly fetch manifest @unrs/resolver-binding-linux-arm-musleabihf@1.12.2
931 silly packumentCache full:https://registry.npmjs.org/@unrs%2fresolver-binding-linux-arm-musleabihf cache-miss
932 http fetch GET 200 https://registry.npmjs.org/resolve-pkg-maps 46ms (cache miss)
933 silly packumentCache full:https://registry.npmjs.org/resolve-pkg-maps set size:undefined disposed:false
934 silly fetch manifest @unrs/resolver-binding-win32-ia32-msvc@1.12.2
935 silly packumentCache full:https://registry.npmjs.org/@unrs%2fresolver-binding-win32-ia32-msvc cache-miss
936 http fetch GET 200 https://registry.npmjs.org/napi-postinstall 47ms (cache miss)
937 silly packumentCache full:https://registry.npmjs.org/napi-postinstall set size:undefined disposed:false
938 silly fetch manifest @unrs/resolver-binding-linux-loong64-gnu@1.12.2
939 silly packumentCache full:https://registry.npmjs.org/@unrs%2fresolver-binding-linux-loong64-gnu cache-miss
940 http fetch GET 200 https://registry.npmjs.org/fdir 48ms (cache miss)
941 silly packumentCache full:https://registry.npmjs.org/fdir set size:undefined disposed:false
942 silly fetch manifest @unrs/resolver-binding-linux-loong64-musl@1.12.2
943 silly packumentCache full:https://registry.npmjs.org/@unrs%2fresolver-binding-linux-loong64-musl cache-miss
944 http fetch GET 200 https://registry.npmjs.org/picomatch 50ms (cache miss)
945 silly packumentCache full:https://registry.npmjs.org/picomatch set size:undefined disposed:false
946 silly fetch manifest @unrs/resolver-binding-linux-ppc64-gnu@1.12.2
947 silly packumentCache full:https://registry.npmjs.org/@unrs%2fresolver-binding-linux-ppc64-gnu cache-miss
948 http fetch GET 200 https://registry.npmjs.org/@unrs%2fresolver-binding-win32-arm64-msvc 61ms (cache miss)
949 silly packumentCache full:https://registry.npmjs.org/@unrs%2fresolver-binding-win32-arm64-msvc set size:undefined disposed:false
950 silly fetch manifest @unrs/resolver-binding-linux-riscv64-gnu@1.12.2
951 silly packumentCache full:https://registry.npmjs.org/@unrs%2fresolver-binding-linux-riscv64-gnu cache-miss
952 http fetch GET 200 https://registry.npmjs.org/@unrs%2fresolver-binding-linux-arm64-gnu 61ms (cache miss)
953 silly packumentCache full:https://registry.npmjs.org/@unrs%2fresolver-binding-linux-arm64-gnu set size:undefined disposed:false
954 silly fetch manifest @unrs/resolver-binding-linux-riscv64-musl@1.12.2
955 silly packumentCache full:https://registry.npmjs.org/@unrs%2fresolver-binding-linux-riscv64-musl cache-miss
956 http fetch GET 200 https://registry.npmjs.org/@unrs%2fresolver-binding-linux-arm64-musl 63ms (cache miss)
957 silly packumentCache full:https://registry.npmjs.org/@unrs%2fresolver-binding-linux-arm64-musl set size:undefined disposed:false
958 silly fetch manifest @unrs/resolver-binding-linux-s390x-gnu@1.12.2
959 silly packumentCache full:https://registry.npmjs.org/@unrs%2fresolver-binding-linux-s390x-gnu cache-miss
960 http fetch GET 200 https://registry.npmjs.org/@unrs%2fresolver-binding-android-arm64 66ms (cache miss)
961 silly packumentCache full:https://registry.npmjs.org/@unrs%2fresolver-binding-android-arm64 set size:undefined disposed:false
962 silly fetch manifest @unrs/resolver-binding-wasm32-wasi@1.12.2
963 silly packumentCache full:https://registry.npmjs.org/@unrs%2fresolver-binding-wasm32-wasi cache-miss
964 http fetch GET 200 https://registry.npmjs.org/@unrs%2fresolver-binding-linux-arm-gnueabihf 66ms (cache miss)
965 silly packumentCache full:https://registry.npmjs.org/@unrs%2fresolver-binding-linux-arm-gnueabihf set size:undefined disposed:false
966 silly fetch manifest @unrs/resolver-binding-darwin-x64@1.12.2
967 silly packumentCache full:https://registry.npmjs.org/@unrs%2fresolver-binding-darwin-x64 cache-miss
968 http fetch GET 200 https://registry.npmjs.org/@unrs%2fresolver-binding-openharmony-arm64 67ms (cache miss)
969 silly packumentCache full:https://registry.npmjs.org/@unrs%2fresolver-binding-openharmony-arm64 set size:undefined disposed:false
970 silly fetch manifest @unrs/resolver-binding-win32-x64-msvc@1.12.2
971 silly packumentCache full:https://registry.npmjs.org/@unrs%2fresolver-binding-win32-x64-msvc cache-miss
972 http fetch GET 200 https://registry.npmjs.org/@unrs%2fresolver-binding-android-arm-eabi 68ms (cache miss)
973 silly packumentCache full:https://registry.npmjs.org/@unrs%2fresolver-binding-android-arm-eabi set size:undefined disposed:false
974 silly fetch manifest @unrs/resolver-binding-freebsd-x64@1.12.2
975 silly packumentCache full:https://registry.npmjs.org/@unrs%2fresolver-binding-freebsd-x64 cache-miss
976 http fetch GET 200 https://registry.npmjs.org/@unrs%2fresolver-binding-darwin-arm64 68ms (cache miss)
977 silly packumentCache full:https://registry.npmjs.org/@unrs%2fresolver-binding-darwin-arm64 set size:undefined disposed:false
978 silly fetch manifest @unrs/resolver-binding-linux-x64-gnu@1.12.2
979 silly packumentCache full:https://registry.npmjs.org/@unrs%2fresolver-binding-linux-x64-gnu cache-miss
980 http fetch GET 200 https://registry.npmjs.org/@unrs%2fresolver-binding-linux-arm-musleabihf 80ms (cache miss)
981 silly packumentCache full:https://registry.npmjs.org/@unrs%2fresolver-binding-linux-arm-musleabihf set size:undefined disposed:false
982 silly fetch manifest @unrs/resolver-binding-linux-x64-musl@1.12.2
983 silly packumentCache full:https://registry.npmjs.org/@unrs%2fresolver-binding-linux-x64-musl cache-miss
984 http fetch GET 200 https://registry.npmjs.org/@unrs%2fresolver-binding-linux-loong64-gnu 50ms (cache miss)
985 silly packumentCache full:https://registry.npmjs.org/@unrs%2fresolver-binding-linux-loong64-gnu set size:undefined disposed:false
986 http fetch GET 200 https://registry.npmjs.org/@unrs%2fresolver-binding-win32-ia32-msvc 55ms (cache miss)
987 silly packumentCache full:https://registry.npmjs.org/@unrs%2fresolver-binding-win32-ia32-msvc set size:undefined disposed:false
988 http fetch GET 200 https://registry.npmjs.org/@unrs%2fresolver-binding-linux-s390x-gnu 49ms (cache miss)
989 silly packumentCache full:https://registry.npmjs.org/@unrs%2fresolver-binding-linux-s390x-gnu set size:undefined disposed:false
990 http fetch GET 200 https://registry.npmjs.org/@unrs%2fresolver-binding-linux-ppc64-gnu 67ms (cache miss)
991 silly packumentCache full:https://registry.npmjs.org/@unrs%2fresolver-binding-linux-ppc64-gnu set size:undefined disposed:false
992 http fetch GET 200 https://registry.npmjs.org/@unrs%2fresolver-binding-linux-riscv64-musl 56ms (cache miss)
993 silly packumentCache full:https://registry.npmjs.org/@unrs%2fresolver-binding-linux-riscv64-musl set size:undefined disposed:false
994 http fetch GET 200 https://registry.npmjs.org/@unrs%2fresolver-binding-linux-riscv64-gnu 57ms (cache miss)
995 silly packumentCache full:https://registry.npmjs.org/@unrs%2fresolver-binding-linux-riscv64-gnu set size:undefined disposed:false
996 http fetch GET 200 https://registry.npmjs.org/@unrs%2fresolver-binding-linux-loong64-musl 71ms (cache miss)
997 silly packumentCache full:https://registry.npmjs.org/@unrs%2fresolver-binding-linux-loong64-musl set size:undefined disposed:false
998 http fetch GET 200 https://registry.npmjs.org/@unrs%2fresolver-binding-wasm32-wasi 56ms (cache miss)
999 silly packumentCache full:https://registry.npmjs.org/@unrs%2fresolver-binding-wasm32-wasi set size:undefined disposed:false
1000 http fetch GET 200 https://registry.npmjs.org/@unrs%2fresolver-binding-darwin-x64 57ms (cache miss)
1001 silly packumentCache full:https://registry.npmjs.org/@unrs%2fresolver-binding-darwin-x64 set size:undefined disposed:false
1002 http fetch GET 200 https://registry.npmjs.org/@unrs%2fresolver-binding-linux-x64-gnu 64ms (cache miss)
1003 silly packumentCache full:https://registry.npmjs.org/@unrs%2fresolver-binding-linux-x64-gnu set size:undefined disposed:false
1004 http fetch GET 200 https://registry.npmjs.org/@unrs%2fresolver-binding-freebsd-x64 72ms (cache miss)
1005 silly packumentCache full:https://registry.npmjs.org/@unrs%2fresolver-binding-freebsd-x64 set size:undefined disposed:false
1006 http fetch GET 200 https://registry.npmjs.org/@unrs%2fresolver-binding-win32-x64-msvc 82ms (cache miss)
1007 silly packumentCache full:https://registry.npmjs.org/@unrs%2fresolver-binding-win32-x64-msvc set size:undefined disposed:false
1008 http fetch GET 200 https://registry.npmjs.org/@unrs%2fresolver-binding-linux-x64-musl 71ms (cache miss)
1009 silly packumentCache full:https://registry.npmjs.org/@unrs%2fresolver-binding-linux-x64-musl set size:undefined disposed:false
1010 silly placeDep ROOT @rtsao/scc@1.1.0 OK for: eslint-plugin-import@2.32.0 want: ^1.1.0
1011 silly placeDep ROOT array-includes@3.1.9 OK for: eslint-plugin-import@2.32.0 want: ^3.1.9
1012 silly placeDep ROOT array.prototype.findlastindex@1.2.6 OK for: eslint-plugin-import@2.32.0 want: ^1.2.6
1013 silly placeDep ROOT array.prototype.flat@1.3.3 OK for: eslint-plugin-import@2.32.0 want: ^1.3.3
1014 silly placeDep ROOT array.prototype.flatmap@1.3.3 OK for: eslint-plugin-import@2.32.0 want: ^1.3.3
1015 silly placeDep node_modules/eslint-plugin-import debug@3.2.7 OK for: eslint-plugin-import@2.32.0 want: ^3.2.7
1016 silly placeDep ROOT doctrine@2.1.0 OK for: eslint-plugin-import@2.32.0 want: ^2.1.0
1017 silly placeDep ROOT eslint-module-utils@2.13.0 OK for: eslint-plugin-import@2.32.0 want: ^2.12.1
1018 silly placeDep ROOT hasown@2.0.4 OK for: eslint-plugin-import@2.32.0 want: ^2.0.2
1019 silly placeDep ROOT object.fromentries@2.0.8 OK for: eslint-plugin-import@2.32.0 want: ^2.0.8
1020 silly placeDep ROOT object.groupby@1.0.3 OK for: eslint-plugin-import@2.32.0 want: ^1.0.3
1021 silly placeDep ROOT object.values@1.2.1 OK for: eslint-plugin-import@2.32.0 want: ^1.2.1
1022 silly placeDep node_modules/eslint-plugin-import semver@6.3.1 OK for: eslint-plugin-import@2.32.0 want: ^6.3.1
1023 silly placeDep ROOT string.prototype.trimend@1.0.9 OK for: eslint-plugin-import@2.32.0 want: ^1.0.9
1024 silly placeDep ROOT tsconfig-paths@3.15.0 OK for: eslint-plugin-import@2.32.0 want: ^3.15.0
1025 silly fetch manifest call-bind@^1.0.8
1026 silly packumentCache full:https://registry.npmjs.org/call-bind cache-miss
1027 silly fetch manifest call-bound@^1.0.4
1028 silly packumentCache full:https://registry.npmjs.org/call-bound cache-miss
1029 silly fetch manifest define-properties@^1.2.1
1030 silly packumentCache full:https://registry.npmjs.org/define-properties cache-miss
1031 silly fetch manifest es-abstract@^1.24.0
1032 silly packumentCache full:https://registry.npmjs.org/es-abstract cache-miss
1033 silly fetch manifest es-object-atoms@^1.1.1
1034 silly packumentCache full:https://registry.npmjs.org/es-object-atoms cache-miss
1035 silly fetch manifest get-intrinsic@^1.3.0
1036 silly packumentCache full:https://registry.npmjs.org/get-intrinsic cache-miss
1037 silly fetch manifest is-string@^1.1.1
1038 silly packumentCache full:https://registry.npmjs.org/is-string cache-miss
1039 silly fetch manifest math-intrinsics@^1.1.0
1040 silly packumentCache full:https://registry.npmjs.org/math-intrinsics cache-miss
1041 silly fetch manifest call-bind@^1.0.8
1042 silly packumentCache full:https://registry.npmjs.org/call-bind cache-miss
1043 silly fetch manifest call-bound@^1.0.4
1044 silly packumentCache full:https://registry.npmjs.org/call-bound cache-miss
1045 silly fetch manifest define-properties@^1.2.1
1046 silly packumentCache full:https://registry.npmjs.org/define-properties cache-miss
1047 silly fetch manifest es-abstract@^1.23.9
1048 silly packumentCache full:https://registry.npmjs.org/es-abstract cache-miss
1049 silly fetch manifest es-object-atoms@^1.1.1
1050 silly packumentCache full:https://registry.npmjs.org/es-object-atoms cache-miss
1051 http fetch GET 200 https://registry.npmjs.org/call-bind 39ms (cache miss)
1052 silly packumentCache full:https://registry.npmjs.org/call-bind set size:undefined disposed:false
1053 silly fetch manifest es-shim-unscopables@^1.1.0
1054 silly packumentCache full:https://registry.npmjs.org/es-shim-unscopables cache-miss
1055 http fetch GET 200 https://registry.npmjs.org/call-bound 42ms (cache miss)
1056 silly packumentCache full:https://registry.npmjs.org/call-bound set size:undefined disposed:false
1057 silly fetch manifest define-properties@^1.2.1
1058 silly packumentCache full:https://registry.npmjs.org/define-properties cache-miss
1059 http fetch GET 200 https://registry.npmjs.org/math-intrinsics 43ms (cache miss)
1060 silly packumentCache full:https://registry.npmjs.org/math-intrinsics set size:undefined disposed:false
1061 silly fetch manifest es-abstract@^1.23.5
1062 silly packumentCache full:https://registry.npmjs.org/es-abstract cache-miss
1063 http fetch GET 200 https://registry.npmjs.org/define-properties 43ms (cache miss)
1064 silly packumentCache full:https://registry.npmjs.org/define-properties set size:undefined disposed:false
1065 silly fetch manifest es-shim-unscopables@^1.0.2
1066 silly packumentCache full:https://registry.npmjs.org/es-shim-unscopables cache-miss
1067 http fetch GET 200 https://registry.npmjs.org/get-intrinsic 45ms (cache miss)
1068 silly packumentCache full:https://registry.npmjs.org/get-intrinsic set size:undefined disposed:false
1069 silly fetch manifest es-abstract@^1.23.5
1070 silly packumentCache full:https://registry.npmjs.org/es-abstract cache-miss
1071 http fetch GET 200 https://registry.npmjs.org/define-properties 49ms (cache miss)
1072 silly packumentCache full:https://registry.npmjs.org/define-properties set size:undefined disposed:false
1073 silly fetch manifest es-shim-unscopables@^1.0.2
1074 silly packumentCache full:https://registry.npmjs.org/es-shim-unscopables cache-miss
1075 http cache https://registry.npmjs.org/define-properties 8ms (cache hit)
1076 silly packumentCache full:https://registry.npmjs.org/define-properties set size:31491 disposed:false
1077 silly fetch manifest function-bind@^1.1.2
1078 silly packumentCache full:https://registry.npmjs.org/function-bind cache-miss
1079 http fetch GET 200 https://registry.npmjs.org/call-bind 51ms (cache miss)
1080 silly packumentCache full:https://registry.npmjs.org/call-bind set size:undefined disposed:false
1081 silly fetch manifest call-bind@^1.0.7
1082 silly packumentCache full:https://registry.npmjs.org/call-bind cache-miss
1083 http fetch GET 200 https://registry.npmjs.org/es-object-atoms 52ms (cache miss)
1084 silly packumentCache full:https://registry.npmjs.org/es-object-atoms set size:undefined disposed:false
1085 silly fetch manifest es-abstract@^1.23.2
1086 silly packumentCache full:https://registry.npmjs.org/es-abstract cache-miss
1087 http fetch GET 200 https://registry.npmjs.org/call-bound 55ms (cache miss)
1088 silly packumentCache full:https://registry.npmjs.org/call-bound set size:undefined disposed:false
1089 silly fetch manifest es-object-atoms@^1.0.0
1090 silly packumentCache full:https://registry.npmjs.org/es-object-atoms cache-miss
1091 http fetch GET 200 https://registry.npmjs.org/es-object-atoms 53ms (cache miss)
1092 silly packumentCache full:https://registry.npmjs.org/es-object-atoms set size:undefined disposed:false
1093 silly fetch manifest call-bind@^1.0.7
1094 silly packumentCache full:https://registry.npmjs.org/call-bind cache-miss
1095 http cache https://registry.npmjs.org/call-bind 5ms (cache hit)
1096 silly packumentCache full:https://registry.npmjs.org/call-bind set size:32985 disposed:false
1097 silly fetch manifest es-abstract@^1.23.2
1098 silly packumentCache full:https://registry.npmjs.org/es-abstract cache-miss
1099 http cache https://registry.npmjs.org/es-object-atoms 3ms (cache hit)
1100 silly packumentCache full:https://registry.npmjs.org/es-object-atoms set size:18278 disposed:false
1101 silly fetch manifest call-bound@^1.0.3
1102 silly packumentCache full:https://registry.npmjs.org/call-bound cache-miss
1103 http cache https://registry.npmjs.org/call-bind 3ms (cache hit)
1104 silly packumentCache full:https://registry.npmjs.org/call-bind set size:32985 disposed:false
1105 silly packumentCache full:https://registry.npmjs.org/call-bind dispose
1106 silly fetch manifest call-bound@^1.0.2
1107 silly packumentCache full:https://registry.npmjs.org/call-bound cache-miss
1108 http fetch GET 200 https://registry.npmjs.org/es-abstract 58ms (cache miss)
1109 silly packumentCache full:https://registry.npmjs.org/es-abstract set size:undefined disposed:false
1110 silly fetch manifest json5@^1.0.2
1111 silly packumentCache full:https://registry.npmjs.org/json5 cache-miss
1112 http fetch GET 200 https://registry.npmjs.org/es-abstract 60ms (cache miss)
1113 silly packumentCache full:https://registry.npmjs.org/es-abstract set size:undefined disposed:false
1114 silly fetch manifest minimist@^1.2.6
1115 silly packumentCache full:https://registry.npmjs.org/minimist cache-miss
1116 http cache https://registry.npmjs.org/call-bound 8ms (cache hit)
1117 silly packumentCache full:https://registry.npmjs.org/call-bound set size:15317 disposed:false
1118 silly fetch manifest strip-bom@^3.0.0
1119 silly packumentCache full:https://registry.npmjs.org/strip-bom cache-miss
1120 http cache https://registry.npmjs.org/call-bound 8ms (cache hit)
1121 silly packumentCache full:https://registry.npmjs.org/call-bound set size:15317 disposed:false
1122 silly packumentCache full:https://registry.npmjs.org/call-bound dispose
1123 silly fetch manifest @types/json5@^0.0.29
1124 silly packumentCache full:https://registry.npmjs.org/@types%2fjson5 cache-miss
1125 http fetch GET 200 https://registry.npmjs.org/is-string 68ms (cache miss)
1126 silly packumentCache full:https://registry.npmjs.org/is-string set size:undefined disposed:false
1127 http fetch GET 200 https://registry.npmjs.org/es-shim-unscopables 42ms (cache miss)
1128 silly packumentCache full:https://registry.npmjs.org/es-shim-unscopables set size:undefined disposed:false
1129 http fetch GET 200 https://registry.npmjs.org/es-shim-unscopables 44ms (cache miss)
1130 silly packumentCache full:https://registry.npmjs.org/es-shim-unscopables set size:undefined disposed:false
1131 http fetch GET 200 https://registry.npmjs.org/es-shim-unscopables 42ms (cache miss)
1132 silly packumentCache full:https://registry.npmjs.org/es-shim-unscopables set size:undefined disposed:false
1133 http fetch GET 200 https://registry.npmjs.org/es-abstract 45ms (cache miss)
1134 silly packumentCache full:https://registry.npmjs.org/es-abstract set size:undefined disposed:false
1135 http fetch GET 200 https://registry.npmjs.org/es-abstract 51ms (cache miss)
1136 silly packumentCache full:https://registry.npmjs.org/es-abstract set size:undefined disposed:false
1137 http fetch GET 200 https://registry.npmjs.org/function-bind 47ms (cache miss)
1138 silly packumentCache full:https://registry.npmjs.org/function-bind set size:undefined disposed:false
1139 http fetch GET 200 https://registry.npmjs.org/es-abstract 45ms (cache miss)
1140 silly packumentCache full:https://registry.npmjs.org/es-abstract set size:undefined disposed:false
1141 http fetch GET 200 https://registry.npmjs.org/minimist 48ms (cache miss)
1142 silly packumentCache full:https://registry.npmjs.org/minimist set size:undefined disposed:false
1143 http fetch GET 200 https://registry.npmjs.org/strip-bom 46ms (cache miss)
1144 silly packumentCache full:https://registry.npmjs.org/strip-bom set size:undefined disposed:false
1145 http fetch GET 200 https://registry.npmjs.org/es-abstract 56ms (cache miss)
1146 silly packumentCache full:https://registry.npmjs.org/es-abstract set size:undefined disposed:false
1147 http fetch GET 200 https://registry.npmjs.org/json5 54ms (cache miss)
1148 silly packumentCache full:https://registry.npmjs.org/json5 set size:undefined disposed:false
1149 http fetch GET 200 https://registry.npmjs.org/@types%2fjson5 56ms (cache miss)
1150 silly packumentCache full:https://registry.npmjs.org/@types%2fjson5 set size:undefined disposed:false
1151 silly placeDep ROOT call-bind@1.0.9 OK for: array-includes@3.1.9 want: ^1.0.8
1152 silly placeDep ROOT call-bound@1.0.4 OK for: array-includes@3.1.9 want: ^1.0.4
1153 silly placeDep ROOT define-properties@1.2.1 OK for: array-includes@3.1.9 want: ^1.2.1
1154 silly placeDep ROOT es-abstract@1.24.2 OK for: array-includes@3.1.9 want: ^1.24.0
1155 silly placeDep ROOT es-object-atoms@1.1.2 OK for: array-includes@3.1.9 want: ^1.1.1
1156 silly placeDep ROOT get-intrinsic@1.3.0 OK for: array-includes@3.1.9 want: ^1.3.0
1157 silly placeDep ROOT is-string@1.1.1 OK for: array-includes@3.1.9 want: ^1.1.1
1158 silly placeDep ROOT math-intrinsics@1.1.0 OK for: array-includes@3.1.9 want: ^1.1.0
1159 silly fetch manifest call-bind-apply-helpers@^1.0.2
1160 silly packumentCache full:https://registry.npmjs.org/call-bind-apply-helpers cache-miss
1161 silly fetch manifest es-define-property@^1.0.1
1162 silly packumentCache full:https://registry.npmjs.org/es-define-property cache-miss
1163 silly fetch manifest set-function-length@^1.2.2
1164 silly packumentCache full:https://registry.npmjs.org/set-function-length cache-miss
1165 silly fetch manifest call-bind-apply-helpers@^1.0.2
1166 silly packumentCache full:https://registry.npmjs.org/call-bind-apply-helpers cache-miss
1167 silly fetch manifest define-data-property@^1.0.1
1168 silly packumentCache full:https://registry.npmjs.org/define-data-property cache-miss
1169 silly fetch manifest has-property-descriptors@^1.0.0
1170 silly packumentCache full:https://registry.npmjs.org/has-property-descriptors cache-miss
1171 silly fetch manifest array-buffer-byte-length@^1.0.2
1172 silly packumentCache full:https://registry.npmjs.org/array-buffer-byte-length cache-miss
1173 silly fetch manifest arraybuffer.prototype.slice@^1.0.4
1174 silly packumentCache full:https://registry.npmjs.org/arraybuffer.prototype.slice cache-miss
1175 silly fetch manifest available-typed-arrays@^1.0.7
1176 silly packumentCache full:https://registry.npmjs.org/available-typed-arrays cache-miss
1177 silly fetch manifest data-view-buffer@^1.0.2
1178 silly packumentCache full:https://registry.npmjs.org/data-view-buffer cache-miss
1179 silly fetch manifest data-view-byte-length@^1.0.2
1180 silly packumentCache full:https://registry.npmjs.org/data-view-byte-length cache-miss
1181 silly fetch manifest data-view-byte-offset@^1.0.1
1182 silly packumentCache full:https://registry.npmjs.org/data-view-byte-offset cache-miss
1183 silly fetch manifest es-define-property@^1.0.1
1184 silly packumentCache full:https://registry.npmjs.org/es-define-property cache-miss
1185 http fetch GET 200 https://registry.npmjs.org/data-view-byte-offset 43ms (cache miss)
1186 silly packumentCache full:https://registry.npmjs.org/data-view-byte-offset set size:undefined disposed:false
1187 silly fetch manifest es-set-tostringtag@^2.1.0
1188 silly packumentCache full:https://registry.npmjs.org/es-set-tostringtag cache-miss
1189 http fetch GET 200 https://registry.npmjs.org/es-define-property 45ms (cache miss)
1190 silly packumentCache full:https://registry.npmjs.org/es-define-property set size:undefined disposed:false
1191 silly fetch manifest es-to-primitive@^1.3.0
1192 silly packumentCache full:https://registry.npmjs.org/es-to-primitive cache-miss
1193 http fetch GET 200 https://registry.npmjs.org/has-property-descriptors 46ms (cache miss)
1194 silly packumentCache full:https://registry.npmjs.org/has-property-descriptors set size:undefined disposed:false
1195 silly fetch manifest function.prototype.name@^1.1.8
1196 silly packumentCache full:https://registry.npmjs.org/function.prototype.name cache-miss
1197 http fetch GET 200 https://registry.npmjs.org/call-bind-apply-helpers 47ms (cache miss)
1198 silly packumentCache full:https://registry.npmjs.org/call-bind-apply-helpers set size:undefined disposed:false
1199 silly fetch manifest get-proto@^1.0.1
1200 silly packumentCache full:https://registry.npmjs.org/get-proto cache-miss
1201 http fetch GET 200 https://registry.npmjs.org/es-define-property 47ms (cache miss)
1202 silly packumentCache full:https://registry.npmjs.org/es-define-property set size:undefined disposed:false
1203 silly fetch manifest get-symbol-description@^1.1.0
1204 silly packumentCache full:https://registry.npmjs.org/get-symbol-description cache-miss
1205 http fetch GET 200 https://registry.npmjs.org/available-typed-arrays 48ms (cache miss)
1206 silly packumentCache full:https://registry.npmjs.org/available-typed-arrays set size:undefined disposed:false
1207 silly fetch manifest globalthis@^1.0.4
1208 silly packumentCache full:https://registry.npmjs.org/globalthis cache-miss
1209 http fetch GET 200 https://registry.npmjs.org/data-view-byte-length 51ms (cache miss)
1210 silly packumentCache full:https://registry.npmjs.org/data-view-byte-length set size:undefined disposed:false
1211 silly fetch manifest gopd@^1.2.0
1212 silly packumentCache full:https://registry.npmjs.org/gopd cache-miss
1213 http fetch GET 200 https://registry.npmjs.org/arraybuffer.prototype.slice 52ms (cache miss)
1214 silly packumentCache full:https://registry.npmjs.org/arraybuffer.prototype.slice set size:undefined disposed:false
1215 silly fetch manifest has-property-descriptors@^1.0.2
1216 silly packumentCache full:https://registry.npmjs.org/has-property-descriptors cache-miss
1217 http fetch GET 200 https://registry.npmjs.org/data-view-buffer 53ms (cache miss)
1218 silly packumentCache full:https://registry.npmjs.org/data-view-buffer set size:undefined disposed:false
1219 silly fetch manifest has-proto@^1.2.0
1220 silly packumentCache full:https://registry.npmjs.org/has-proto cache-miss
1221 http fetch GET 200 https://registry.npmjs.org/array-buffer-byte-length 53ms (cache miss)
1222 silly packumentCache full:https://registry.npmjs.org/array-buffer-byte-length set size:undefined disposed:false
1223 silly fetch manifest has-symbols@^1.1.0
1224 silly packumentCache full:https://registry.npmjs.org/has-symbols cache-miss
1225 http fetch GET 200 https://registry.npmjs.org/call-bind-apply-helpers 55ms (cache miss)
1226 silly packumentCache full:https://registry.npmjs.org/call-bind-apply-helpers set size:undefined disposed:false
1227 silly fetch manifest internal-slot@^1.1.0
1228 silly packumentCache full:https://registry.npmjs.org/internal-slot cache-miss
1229 http fetch GET 200 https://registry.npmjs.org/set-function-length 56ms (cache miss)
1230 silly packumentCache full:https://registry.npmjs.org/set-function-length set size:undefined disposed:false
1231 silly fetch manifest is-array-buffer@^3.0.5
1232 silly packumentCache full:https://registry.npmjs.org/is-array-buffer cache-miss
1233 http fetch GET 200 https://registry.npmjs.org/define-data-property 56ms (cache miss)
1234 silly packumentCache full:https://registry.npmjs.org/define-data-property set size:undefined disposed:false
1235 silly fetch manifest is-callable@^1.2.7
1236 silly packumentCache full:https://registry.npmjs.org/is-callable cache-miss
1237 http cache https://registry.npmjs.org/has-property-descriptors 5ms (cache hit)
1238 silly packumentCache full:https://registry.npmjs.org/has-property-descriptors set size:12452 disposed:false
1239 silly fetch manifest is-data-view@^1.0.2
1240 silly packumentCache full:https://registry.npmjs.org/is-data-view cache-miss
1241 http fetch GET 200 https://registry.npmjs.org/globalthis 40ms (cache miss)
1242 silly packumentCache full:https://registry.npmjs.org/globalthis set size:undefined disposed:false
1243 silly fetch manifest is-negative-zero@^2.0.3
1244 silly packumentCache full:https://registry.npmjs.org/is-negative-zero cache-miss
1245 http fetch GET 200 https://registry.npmjs.org/es-set-tostringtag 47ms (cache miss)
1246 silly packumentCache full:https://registry.npmjs.org/es-set-tostringtag set size:undefined disposed:false
1247 silly fetch manifest is-regex@^1.2.1
1248 silly packumentCache full:https://registry.npmjs.org/is-regex cache-miss
1249 http fetch GET 200 https://registry.npmjs.org/get-proto 43ms (cache miss)
1250 silly packumentCache full:https://registry.npmjs.org/get-proto set size:undefined disposed:false
1251 silly fetch manifest is-set@^2.0.3
1252 silly packumentCache full:https://registry.npmjs.org/is-set cache-miss
1253 http fetch GET 200 https://registry.npmjs.org/function.prototype.name 47ms (cache miss)
1254 silly packumentCache full:https://registry.npmjs.org/function.prototype.name set size:undefined disposed:false
1255 silly fetch manifest is-shared-array-buffer@^1.0.4
1256 silly packumentCache full:https://registry.npmjs.org/is-shared-array-buffer cache-miss
1257 http fetch GET 200 https://registry.npmjs.org/is-data-view 36ms (cache miss)
1258 silly packumentCache full:https://registry.npmjs.org/is-data-view set size:undefined disposed:false
1259 silly fetch manifest is-typed-array@^1.1.15
1260 silly packumentCache full:https://registry.npmjs.org/is-typed-array cache-miss
1261 http fetch GET 200 https://registry.npmjs.org/es-to-primitive 49ms (cache miss)
1262 silly packumentCache full:https://registry.npmjs.org/es-to-primitive set size:undefined disposed:false
1263 silly fetch manifest is-weakref@^1.1.1
1264 silly packumentCache full:https://registry.npmjs.org/is-weakref cache-miss
1265 http fetch GET 200 https://registry.npmjs.org/gopd 44ms (cache miss)
1266 silly packumentCache full:https://registry.npmjs.org/gopd set size:undefined disposed:false
1267 silly fetch manifest object-inspect@^1.13.4
1268 silly packumentCache full:https://registry.npmjs.org/object-inspect cache-miss
1269 http fetch GET 200 https://registry.npmjs.org/get-symbol-description 48ms (cache miss)
1270 silly packumentCache full:https://registry.npmjs.org/get-symbol-description set size:undefined disposed:false
1271 silly fetch manifest object.assign@^4.1.7
1272 silly packumentCache full:https://registry.npmjs.org/object.assign cache-miss
1273 http fetch GET 200 https://registry.npmjs.org/is-array-buffer 41ms (cache miss)
1274 silly packumentCache full:https://registry.npmjs.org/is-array-buffer set size:undefined disposed:false
1275 silly fetch manifest own-keys@^1.0.1
1276 silly packumentCache full:https://registry.npmjs.org/own-keys cache-miss
1277 http fetch GET 200 https://registry.npmjs.org/has-symbols 45ms (cache miss)
1278 silly packumentCache full:https://registry.npmjs.org/has-symbols set size:undefined disposed:false
1279 silly fetch manifest regexp.prototype.flags@^1.5.4
1280 silly packumentCache full:https://registry.npmjs.org/regexp.prototype.flags cache-miss
1281 http fetch GET 200 https://registry.npmjs.org/internal-slot 46ms (cache miss)
1282 silly packumentCache full:https://registry.npmjs.org/internal-slot set size:undefined disposed:false
1283 silly fetch manifest safe-array-concat@^1.1.3
1284 silly packumentCache full:https://registry.npmjs.org/safe-array-concat cache-miss
1285 http fetch GET 200 https://registry.npmjs.org/has-proto 48ms (cache miss)
1286 silly packumentCache full:https://registry.npmjs.org/has-proto set size:undefined disposed:false
1287 silly fetch manifest safe-push-apply@^1.0.0
1288 silly packumentCache full:https://registry.npmjs.org/safe-push-apply cache-miss
1289 http fetch GET 200 https://registry.npmjs.org/is-callable 49ms (cache miss)
1290 silly packumentCache full:https://registry.npmjs.org/is-callable set size:undefined disposed:false
1291 silly fetch manifest safe-regex-test@^1.1.0
1292 silly packumentCache full:https://registry.npmjs.org/safe-regex-test cache-miss
1293 http cache https://registry.npmjs.org/safe-regex-test 1ms (cache hit)
1294 silly packumentCache full:https://registry.npmjs.org/safe-regex-test set size:17412 disposed:false
1295 silly fetch manifest set-proto@^1.0.0
1296 silly packumentCache full:https://registry.npmjs.org/set-proto cache-miss
1297 http fetch GET 200 https://registry.npmjs.org/is-shared-array-buffer 39ms (cache miss)
1298 silly packumentCache full:https://registry.npmjs.org/is-shared-array-buffer set size:undefined disposed:false
1299 silly fetch manifest stop-iteration-iterator@^1.1.0
1300 silly packumentCache full:https://registry.npmjs.org/stop-iteration-iterator cache-miss
1301 http fetch GET 200 https://registry.npmjs.org/is-typed-array 39ms (cache miss)
1302 silly packumentCache full:https://registry.npmjs.org/is-typed-array set size:undefined disposed:false
1303 silly fetch manifest string.prototype.trim@^1.2.10
1304 silly packumentCache full:https://registry.npmjs.org/string.prototype.trim cache-miss
1305 http fetch GET 200 https://registry.npmjs.org/is-negative-zero 45ms (cache miss)
1306 silly packumentCache full:https://registry.npmjs.org/is-negative-zero set size:undefined disposed:false
1307 silly fetch manifest string.prototype.trimstart@^1.0.8
1308 silly packumentCache full:https://registry.npmjs.org/string.prototype.trimstart cache-miss
1309 http fetch GET 200 https://registry.npmjs.org/is-regex 46ms (cache miss)
1310 silly packumentCache full:https://registry.npmjs.org/is-regex set size:undefined disposed:false
1311 silly fetch manifest typed-array-buffer@^1.0.3
1312 silly packumentCache full:https://registry.npmjs.org/typed-array-buffer cache-miss
1313 http fetch GET 200 https://registry.npmjs.org/is-weakref 45ms (cache miss)
1314 silly packumentCache full:https://registry.npmjs.org/is-weakref set size:undefined disposed:false
1315 silly fetch manifest typed-array-byte-length@^1.0.3
1316 silly packumentCache full:https://registry.npmjs.org/typed-array-byte-length cache-miss
1317 http fetch GET 200 https://registry.npmjs.org/is-set 50ms (cache miss)
1318 silly packumentCache full:https://registry.npmjs.org/is-set set size:undefined disposed:false
1319 silly fetch manifest typed-array-byte-offset@^1.0.4
1320 silly packumentCache full:https://registry.npmjs.org/typed-array-byte-offset cache-miss
1321 http fetch GET 200 https://registry.npmjs.org/own-keys 45ms (cache miss)
1322 silly packumentCache full:https://registry.npmjs.org/own-keys set size:undefined disposed:false
1323 silly fetch manifest typed-array-length@^1.0.7
1324 silly packumentCache full:https://registry.npmjs.org/typed-array-length cache-miss
1325 http fetch GET 200 https://registry.npmjs.org/regexp.prototype.flags 44ms (cache miss)
1326 silly packumentCache full:https://registry.npmjs.org/regexp.prototype.flags set size:undefined disposed:false
1327 silly fetch manifest unbox-primitive@^1.1.0
1328 silly packumentCache full:https://registry.npmjs.org/unbox-primitive cache-miss
1329 http fetch GET 200 https://registry.npmjs.org/object.assign 47ms (cache miss)
1330 silly packumentCache full:https://registry.npmjs.org/object.assign set size:undefined disposed:false
1331 silly fetch manifest which-typed-array@^1.1.19
1332 silly packumentCache full:https://registry.npmjs.org/which-typed-array cache-miss
1333 http fetch GET 200 https://registry.npmjs.org/object-inspect 48ms (cache miss)
1334 silly packumentCache full:https://registry.npmjs.org/object-inspect set size:undefined disposed:false
1335 silly fetch manifest has-tostringtag@^1.0.2
1336 silly packumentCache full:https://registry.npmjs.org/has-tostringtag cache-miss
1337 http fetch GET 200 https://registry.npmjs.org/safe-push-apply 45ms (cache miss)
1338 silly packumentCache full:https://registry.npmjs.org/safe-push-apply set size:undefined disposed:false
1339 http fetch GET 200 https://registry.npmjs.org/set-proto 42ms (cache miss)
1340 silly packumentCache full:https://registry.npmjs.org/set-proto set size:undefined disposed:false
1341 http fetch GET 200 https://registry.npmjs.org/safe-array-concat 49ms (cache miss)
1342 silly packumentCache full:https://registry.npmjs.org/safe-array-concat set size:undefined disposed:false
1343 http fetch GET 200 https://registry.npmjs.org/typed-array-buffer 35ms (cache miss)
1344 silly packumentCache full:https://registry.npmjs.org/typed-array-buffer set size:undefined disposed:false
1345 http fetch GET 200 https://registry.npmjs.org/stop-iteration-iterator 51ms (cache miss)
1346 silly packumentCache full:https://registry.npmjs.org/stop-iteration-iterator set size:undefined disposed:false
1347 http fetch GET 200 https://registry.npmjs.org/typed-array-byte-length 43ms (cache miss)
1348 silly packumentCache full:https://registry.npmjs.org/typed-array-byte-length set size:undefined disposed:false
1349 http fetch GET 200 https://registry.npmjs.org/string.prototype.trimstart 48ms (cache miss)
1350 silly packumentCache full:https://registry.npmjs.org/string.prototype.trimstart set size:undefined disposed:false
1351 http fetch GET 200 https://registry.npmjs.org/string.prototype.trim 51ms (cache miss)
1352 silly packumentCache full:https://registry.npmjs.org/string.prototype.trim set size:undefined disposed:false
1353 http fetch GET 200 https://registry.npmjs.org/unbox-primitive 41ms (cache miss)
1354 silly packumentCache full:https://registry.npmjs.org/unbox-primitive set size:undefined disposed:false
1355 http fetch GET 200 https://registry.npmjs.org/has-tostringtag 40ms (cache miss)
1356 silly packumentCache full:https://registry.npmjs.org/has-tostringtag set size:undefined disposed:false
1357 http fetch GET 200 https://registry.npmjs.org/typed-array-byte-offset 44ms (cache miss)
1358 silly packumentCache full:https://registry.npmjs.org/typed-array-byte-offset set size:undefined disposed:false
1359 http fetch GET 200 https://registry.npmjs.org/typed-array-length 44ms (cache miss)
1360 silly packumentCache full:https://registry.npmjs.org/typed-array-length set size:undefined disposed:false
1361 http fetch GET 200 https://registry.npmjs.org/which-typed-array 51ms (cache miss)
1362 silly packumentCache full:https://registry.npmjs.org/which-typed-array set size:undefined disposed:false
1363 silly placeDep ROOT es-errors@1.3.0 OK for: array.prototype.findlastindex@1.2.6 want: ^1.3.0
1364 silly placeDep ROOT es-shim-unscopables@1.1.0 OK for: array.prototype.findlastindex@1.2.6 want: ^1.1.0
1365 silly placeDep ROOT call-bind-apply-helpers@1.0.2 OK for: call-bind@1.0.9 want: ^1.0.2
1366 silly placeDep ROOT es-define-property@1.0.1 OK for: call-bind@1.0.9 want: ^1.0.1
1367 silly placeDep ROOT set-function-length@1.2.2 OK for: call-bind@1.0.9 want: ^1.2.2
1368 silly fetch manifest define-data-property@^1.1.4
1369 silly packumentCache full:https://registry.npmjs.org/define-data-property cache-miss
1370 silly fetch manifest gopd@^1.0.1
1371 silly packumentCache full:https://registry.npmjs.org/gopd cache-miss
1372 http cache https://registry.npmjs.org/define-data-property 1ms (cache hit)
1373 silly packumentCache full:https://registry.npmjs.org/define-data-property set size:28048 disposed:false
1374 http cache https://registry.npmjs.org/gopd 1ms (cache hit)
1375 silly packumentCache full:https://registry.npmjs.org/gopd set size:11458 disposed:false
1376 silly placeDep ROOT function-bind@1.1.2 OK for: call-bind-apply-helpers@1.0.2 want: ^1.1.2
1377 silly placeDep ROOT define-data-property@1.1.4 OK for: define-properties@1.2.1 want: ^1.0.1
1378 silly placeDep ROOT has-property-descriptors@1.0.2 OK for: define-properties@1.2.1 want: ^1.0.0
1379 silly placeDep ROOT object-keys@1.1.1 OK for: define-properties@1.2.1 want: ^1.1.1
1380 silly placeDep ROOT gopd@1.2.0 OK for: define-data-property@1.1.4 want: ^1.0.1
1381 silly placeDep ROOT array-buffer-byte-length@1.0.2 OK for: es-abstract@1.24.2 want: ^1.0.2
1382 silly placeDep ROOT arraybuffer.prototype.slice@1.0.4 OK for: es-abstract@1.24.2 want: ^1.0.4
1383 silly placeDep ROOT available-typed-arrays@1.0.7 OK for: es-abstract@1.24.2 want: ^1.0.7
1384 silly placeDep ROOT data-view-buffer@1.0.2 OK for: es-abstract@1.24.2 want: ^1.0.2
1385 silly placeDep ROOT data-view-byte-length@1.0.2 OK for: es-abstract@1.24.2 want: ^1.0.2
1386 silly placeDep ROOT data-view-byte-offset@1.0.1 OK for: es-abstract@1.24.2 want: ^1.0.1
1387 silly placeDep ROOT es-set-tostringtag@2.1.0 OK for: es-abstract@1.24.2 want: ^2.1.0
1388 silly placeDep ROOT es-to-primitive@1.3.0 OK for: es-abstract@1.24.2 want: ^1.3.0
1389 silly placeDep ROOT function.prototype.name@1.1.8 OK for: es-abstract@1.24.2 want: ^1.1.8
1390 silly placeDep ROOT get-proto@1.0.1 OK for: es-abstract@1.24.2 want: ^1.0.1
1391 silly placeDep ROOT get-symbol-description@1.1.0 OK for: es-abstract@1.24.2 want: ^1.1.0
1392 silly placeDep ROOT globalthis@1.0.4 OK for: es-abstract@1.24.2 want: ^1.0.4
1393 silly placeDep ROOT has-proto@1.2.0 OK for: es-abstract@1.24.2 want: ^1.2.0
1394 silly placeDep ROOT has-symbols@1.1.0 OK for: es-abstract@1.24.2 want: ^1.1.0
1395 silly placeDep ROOT internal-slot@1.1.0 OK for: es-abstract@1.24.2 want: ^1.1.0
1396 silly placeDep ROOT is-array-buffer@3.0.5 OK for: es-abstract@1.24.2 want: ^3.0.5
1397 silly placeDep ROOT is-callable@1.2.7 OK for: es-abstract@1.24.2 want: ^1.2.7
1398 silly placeDep ROOT is-data-view@1.0.2 OK for: es-abstract@1.24.2 want: ^1.0.2
1399 silly placeDep ROOT is-negative-zero@2.0.3 OK for: es-abstract@1.24.2 want: ^2.0.3
1400 silly placeDep ROOT is-regex@1.2.1 OK for: es-abstract@1.24.2 want: ^1.2.1
1401 silly placeDep ROOT is-set@2.0.3 OK for: es-abstract@1.24.2 want: ^2.0.3
1402 silly placeDep ROOT is-shared-array-buffer@1.0.4 OK for: es-abstract@1.24.2 want: ^1.0.4
1403 silly placeDep ROOT is-typed-array@1.1.15 OK for: es-abstract@1.24.2 want: ^1.1.15
1404 silly placeDep ROOT is-weakref@1.1.1 OK for: es-abstract@1.24.2 want: ^1.1.1
1405 silly placeDep ROOT object-inspect@1.13.4 OK for: es-abstract@1.24.2 want: ^1.13.4
1406 silly placeDep ROOT object.assign@4.1.7 OK for: es-abstract@1.24.2 want: ^4.1.7
1407 silly placeDep ROOT own-keys@1.0.1 OK for: es-abstract@1.24.2 want: ^1.0.1
1408 silly placeDep ROOT regexp.prototype.flags@1.5.4 OK for: es-abstract@1.24.2 want: ^1.5.4
1409 silly placeDep ROOT safe-array-concat@1.1.4 OK for: es-abstract@1.24.2 want: ^1.1.3
1410 silly placeDep ROOT safe-push-apply@1.0.0 OK for: es-abstract@1.24.2 want: ^1.0.0
1411 silly placeDep ROOT safe-regex-test@1.1.0 OK for: es-abstract@1.24.2 want: ^1.1.0
1412 silly placeDep ROOT set-proto@1.0.0 OK for: es-abstract@1.24.2 want: ^1.0.0
1413 silly placeDep ROOT stop-iteration-iterator@1.1.0 OK for: es-abstract@1.24.2 want: ^1.1.0
1414 silly placeDep ROOT string.prototype.trim@1.2.10 OK for: es-abstract@1.24.2 want: ^1.2.10
1415 silly placeDep ROOT string.prototype.trimstart@1.0.8 OK for: es-abstract@1.24.2 want: ^1.0.8
1416 silly placeDep ROOT typed-array-buffer@1.0.3 OK for: es-abstract@1.24.2 want: ^1.0.3
1417 silly placeDep ROOT typed-array-byte-length@1.0.3 OK for: es-abstract@1.24.2 want: ^1.0.3
1418 silly placeDep ROOT typed-array-byte-offset@1.0.4 OK for: es-abstract@1.24.2 want: ^1.0.4
1419 silly placeDep ROOT typed-array-length@1.0.8 OK for: es-abstract@1.24.2 want: ^1.0.7
1420 silly placeDep ROOT unbox-primitive@1.1.0 OK for: es-abstract@1.24.2 want: ^1.1.0
1421 silly placeDep ROOT which-typed-array@1.1.21 OK for: es-abstract@1.24.2 want: ^1.1.19
1422 silly fetch manifest is-array-buffer@^3.0.4
1423 silly packumentCache full:https://registry.npmjs.org/is-array-buffer cache-miss
1424 silly fetch manifest possible-typed-array-names@^1.0.0
1425 silly packumentCache full:https://registry.npmjs.org/possible-typed-array-names cache-miss
1426 silly fetch manifest is-data-view@^1.0.1
1427 silly packumentCache full:https://registry.npmjs.org/is-data-view cache-miss
1428 silly fetch manifest is-date-object@^1.0.5
1429 silly packumentCache full:https://registry.npmjs.org/is-date-object cache-miss
1430 silly fetch manifest is-symbol@^1.0.4
1431 silly packumentCache full:https://registry.npmjs.org/is-symbol cache-miss
1432 silly fetch manifest functions-have-names@^1.2.3
1433 silly packumentCache full:https://registry.npmjs.org/functions-have-names cache-miss
1434 silly fetch manifest dunder-proto@^1.0.1
1435 silly packumentCache full:https://registry.npmjs.org/dunder-proto cache-miss
1436 silly fetch manifest dunder-proto@^1.0.0
1437 silly packumentCache full:https://registry.npmjs.org/dunder-proto cache-miss
1438 silly fetch manifest side-channel@^1.1.0
1439 silly packumentCache full:https://registry.npmjs.org/side-channel cache-miss
1440 silly fetch manifest is-typed-array@^1.1.13
1441 silly packumentCache full:https://registry.npmjs.org/is-typed-array cache-miss
1442 silly fetch manifest which-typed-array@^1.1.16
1443 silly packumentCache full:https://registry.npmjs.org/which-typed-array cache-miss
1444 silly fetch manifest set-function-name@^2.0.2
1445 silly packumentCache full:https://registry.npmjs.org/set-function-name cache-miss
1446 silly fetch manifest isarray@^2.0.5
1447 silly packumentCache full:https://registry.npmjs.org/isarray cache-miss
1448 http cache https://registry.npmjs.org/is-data-view 4ms (cache hit)
1449 silly packumentCache full:https://registry.npmjs.org/is-data-view set size:13756 disposed:false
1450 silly fetch manifest isarray@^2.0.5
1451 silly packumentCache full:https://registry.npmjs.org/isarray cache-miss
1452 http cache https://registry.npmjs.org/which-typed-array 4ms (cache hit)
1453 silly packumentCache full:https://registry.npmjs.org/which-typed-array set size:97565 disposed:false
1454 silly fetch manifest dunder-proto@^1.0.1
1455 silly packumentCache full:https://registry.npmjs.org/dunder-proto cache-miss
1456 http cache https://registry.npmjs.org/is-array-buffer 6ms (cache hit)
1457 silly packumentCache full:https://registry.npmjs.org/is-array-buffer set size:33562 disposed:false
1458 silly fetch manifest for-each@^0.3.3
1459 silly packumentCache full:https://registry.npmjs.org/for-each cache-miss
1460 http cache https://registry.npmjs.org/is-typed-array 6ms (cache hit)
1461 silly packumentCache full:https://registry.npmjs.org/is-typed-array set size:79965 disposed:false
1462 silly fetch manifest for-each@^0.3.3
1463 silly packumentCache full:https://registry.npmjs.org/for-each cache-miss
1464 http fetch GET 200 https://registry.npmjs.org/dunder-proto 43ms (cache miss)
1465 silly packumentCache full:https://registry.npmjs.org/dunder-proto set size:undefined disposed:false
1466 silly fetch manifest reflect.getprototypeof@^1.0.9
1467 silly packumentCache full:https://registry.npmjs.org/reflect.getprototypeof cache-miss
1468 http fetch GET 200 https://registry.npmjs.org/set-function-name 47ms (cache miss)
1469 silly packumentCache full:https://registry.npmjs.org/set-function-name set size:undefined disposed:false
1470 silly fetch manifest for-each@^0.3.5
1471 silly packumentCache full:https://registry.npmjs.org/for-each cache-miss
1472 http fetch GET 200 https://registry.npmjs.org/isarray 48ms (cache miss)
1473 silly packumentCache full:https://registry.npmjs.org/isarray set size:undefined disposed:false
1474 silly fetch manifest possible-typed-array-names@^1.1.0
1475 silly packumentCache full:https://registry.npmjs.org/possible-typed-array-names cache-miss
1476 http fetch GET 200 https://registry.npmjs.org/possible-typed-array-names 49ms (cache miss)
1477 silly packumentCache full:https://registry.npmjs.org/possible-typed-array-names set size:undefined disposed:false
1478 silly fetch manifest reflect.getprototypeof@^1.0.10
1479 silly packumentCache full:https://registry.npmjs.org/reflect.getprototypeof cache-miss
1480 http fetch GET 200 https://registry.npmjs.org/functions-have-names 49ms (cache miss)
1481 silly packumentCache full:https://registry.npmjs.org/functions-have-names set size:undefined disposed:false
1482 silly fetch manifest has-bigints@^1.0.2
1483 silly packumentCache full:https://registry.npmjs.org/has-bigints cache-miss
1484 http fetch GET 200 https://registry.npmjs.org/dunder-proto 49ms (cache miss)
1485 silly packumentCache full:https://registry.npmjs.org/dunder-proto set size:undefined disposed:false
1486 silly fetch manifest which-boxed-primitive@^1.1.1
1487 silly packumentCache full:https://registry.npmjs.org/which-boxed-primitive cache-miss
1488 http fetch GET 200 https://registry.npmjs.org/for-each 44ms (cache miss)
1489 silly packumentCache full:https://registry.npmjs.org/for-each set size:undefined disposed:false
1490 silly fetch manifest for-each@^0.3.5
1491 silly packumentCache full:https://registry.npmjs.org/for-each cache-miss
1492 http fetch GET 200 https://registry.npmjs.org/dunder-proto 50ms (cache miss)
1493 silly packumentCache full:https://registry.npmjs.org/dunder-proto set size:undefined disposed:false
1494 http fetch GET 200 https://registry.npmjs.org/side-channel 50ms (cache miss)
1495 silly packumentCache full:https://registry.npmjs.org/side-channel set size:undefined disposed:false
1496 http fetch GET 200 https://registry.npmjs.org/isarray 46ms (cache miss)
1497 silly packumentCache full:https://registry.npmjs.org/isarray set size:undefined disposed:false
1498 http fetch GET 200 https://registry.npmjs.org/is-date-object 55ms (cache miss)
1499 silly packumentCache full:https://registry.npmjs.org/is-date-object set size:undefined disposed:false
1500 http cache https://registry.npmjs.org/for-each 6ms (cache hit)
1501 silly packumentCache full:https://registry.npmjs.org/for-each set size:14327 disposed:false
1502 http cache https://registry.npmjs.org/possible-typed-array-names 6ms (cache hit)
1503 silly packumentCache full:https://registry.npmjs.org/possible-typed-array-names set size:9167 disposed:false
1504 http cache https://registry.npmjs.org/for-each 6ms (cache hit)
1505 silly packumentCache full:https://registry.npmjs.org/for-each set size:14327 disposed:false
1506 silly packumentCache full:https://registry.npmjs.org/for-each dispose
1507 http fetch GET 200 https://registry.npmjs.org/is-symbol 55ms (cache miss)
1508 silly packumentCache full:https://registry.npmjs.org/is-symbol set size:undefined disposed:false
1509 http fetch GET 200 https://registry.npmjs.org/for-each 62ms (cache miss)
1510 silly packumentCache full:https://registry.npmjs.org/for-each set size:undefined disposed:true
1511 silly packumentCache full:https://registry.npmjs.org/for-each dispose
1512 http fetch GET 200 https://registry.npmjs.org/which-boxed-primitive 37ms (cache miss)
1513 silly packumentCache full:https://registry.npmjs.org/which-boxed-primitive set size:undefined disposed:false
1514 http fetch GET 200 https://registry.npmjs.org/reflect.getprototypeof 38ms (cache miss)
1515 silly packumentCache full:https://registry.npmjs.org/reflect.getprototypeof set size:undefined disposed:false
1516 http fetch GET 200 https://registry.npmjs.org/reflect.getprototypeof 44ms (cache miss)
1517 silly packumentCache full:https://registry.npmjs.org/reflect.getprototypeof set size:undefined disposed:false
1518 http fetch GET 200 https://registry.npmjs.org/has-bigints 47ms (cache miss)
1519 silly packumentCache full:https://registry.npmjs.org/has-bigints set size:undefined disposed:false
1520 silly placeDep ROOT possible-typed-array-names@1.1.0 OK for: available-typed-arrays@1.0.7 want: ^1.0.0
1521 silly placeDep ROOT has-tostringtag@1.0.2 OK for: es-set-tostringtag@2.1.0 want: ^1.0.2
1522 silly placeDep ROOT is-date-object@1.1.0 OK for: es-to-primitive@1.3.0 want: ^1.0.5
1523 silly placeDep ROOT is-symbol@1.1.1 OK for: es-to-primitive@1.3.0 want: ^1.0.4
1524 silly placeDep node_modules/eslint-module-utils debug@3.2.7 OK for: eslint-module-utils@2.13.0 want: ^3.2.7
1525 silly placeDep ROOT aria-query@5.3.2 OK for: eslint-plugin-jsx-a11y@6.10.2 want: ^5.3.2
1526 silly placeDep ROOT ast-types-flow@0.0.8 OK for: eslint-plugin-jsx-a11y@6.10.2 want: ^0.0.8
1527 silly placeDep ROOT axe-core@4.11.4 OK for: eslint-plugin-jsx-a11y@6.10.2 want: ^4.10.0
1528 silly placeDep ROOT axobject-query@4.1.0 OK for: eslint-plugin-jsx-a11y@6.10.2 want: ^4.1.0
1529 silly placeDep ROOT damerau-levenshtein@1.0.8 OK for: eslint-plugin-jsx-a11y@6.10.2 want: ^1.0.8
1530 silly placeDep ROOT emoji-regex@9.2.2 OK for: eslint-plugin-jsx-a11y@6.10.2 want: ^9.2.2
1531 silly placeDep ROOT jsx-ast-utils@3.3.5 OK for: eslint-plugin-jsx-a11y@6.10.2 want: ^3.3.5
1532 silly placeDep ROOT language-tags@1.0.9 OK for: eslint-plugin-jsx-a11y@6.10.2 want: ^1.0.9
1533 silly placeDep ROOT string.prototype.includes@2.0.1 OK for: eslint-plugin-jsx-a11y@6.10.2 want: ^2.0.1
1534 silly fetch manifest language-subtag-registry@^0.3.20
1535 silly packumentCache full:https://registry.npmjs.org/language-subtag-registry cache-miss
1536 http fetch GET 200 https://registry.npmjs.org/language-subtag-registry 34ms (cache miss)
1537 silly packumentCache full:https://registry.npmjs.org/language-subtag-registry set size:undefined disposed:false
1538 silly placeDep ROOT array.prototype.findlast@1.2.5 OK for: eslint-plugin-react@7.37.5 want: ^1.2.5
1539 silly placeDep ROOT array.prototype.tosorted@1.1.4 OK for: eslint-plugin-react@7.37.5 want: ^1.1.4
1540 silly placeDep ROOT es-iterator-helpers@1.3.2 OK for: eslint-plugin-react@7.37.5 want: ^1.2.1
1541 silly placeDep ROOT estraverse@5.3.0 OK for: eslint-plugin-react@7.37.5 want: ^5.3.0
1542 silly placeDep ROOT object.entries@1.1.9 OK for: eslint-plugin-react@7.37.5 want: ^1.1.9
1543 silly placeDep ROOT prop-types@15.8.1 OK for: eslint-plugin-react@7.37.5 want: ^15.8.1
1544 silly placeDep node_modules/eslint-plugin-react semver@6.3.1 OK for: eslint-plugin-react@7.37.5 want: ^6.3.1
1545 silly placeDep ROOT string.prototype.matchall@4.0.12 OK for: eslint-plugin-react@7.37.5 want: ^4.0.12
1546 silly placeDep ROOT string.prototype.repeat@1.0.0 OK for: eslint-plugin-react@7.37.5 want: ^1.0.0
1547 silly fetch manifest iterator.prototype@^1.1.5
1548 silly packumentCache full:https://registry.npmjs.org/iterator.prototype cache-miss
1549 silly fetch manifest loose-envify@^1.4.0
1550 silly packumentCache full:https://registry.npmjs.org/loose-envify cache-miss
1551 silly fetch manifest object-assign@^4.1.1
1552 silly packumentCache full:https://registry.npmjs.org/object-assign cache-miss
1553 silly fetch manifest react-is@^16.13.1
1554 silly packumentCache full:https://registry.npmjs.org/react-is cache-miss
1555 http fetch GET 200 https://registry.npmjs.org/iterator.prototype 37ms (cache miss)
1556 silly packumentCache full:https://registry.npmjs.org/iterator.prototype set size:undefined disposed:false
1557 http fetch GET 200 https://registry.npmjs.org/loose-envify 42ms (cache miss)
1558 silly packumentCache full:https://registry.npmjs.org/loose-envify set size:undefined disposed:false
1559 http fetch GET 200 https://registry.npmjs.org/object-assign 42ms (cache miss)
1560 silly packumentCache full:https://registry.npmjs.org/object-assign set size:undefined disposed:false
1561 http fetch GET 200 https://registry.npmjs.org/react-is 170ms (cache miss)
1562 silly packumentCache full:https://registry.npmjs.org/react-is set size:undefined disposed:false
1563 silly placeDep ROOT iterator.prototype@1.1.5 OK for: es-iterator-helpers@1.3.2 want: ^1.1.5
1564 silly placeDep ROOT @babel/core@7.29.7 OK for: eslint-plugin-react-hooks@7.1.1 want: ^7.24.4
1565 silly placeDep ROOT @babel/parser@7.29.7 OK for: eslint-plugin-react-hooks@7.1.1 want: ^7.24.4
1566 silly placeDep ROOT hermes-parser@0.25.1 OK for: eslint-plugin-react-hooks@7.1.1 want: ^0.25.1
1567 silly placeDep ROOT zod@4.4.3 OK for: eslint-plugin-react-hooks@7.1.1 want: ^3.25.0 || ^4.0.0
1568 silly placeDep ROOT zod-validation-error@4.0.2 OK for: eslint-plugin-react-hooks@7.1.1 want: ^3.5.0 || ^4.0.0
1569 silly fetch manifest @babel/code-frame@^7.29.7
1570 silly packumentCache full:https://registry.npmjs.org/@babel%2fcode-frame cache-miss
1571 silly fetch manifest @babel/generator@^7.29.7
1572 silly packumentCache full:https://registry.npmjs.org/@babel%2fgenerator cache-miss
1573 silly fetch manifest @babel/helper-compilation-targets@^7.29.7
1574 silly packumentCache full:https://registry.npmjs.org/@babel%2fhelper-compilation-targets cache-miss
1575 silly fetch manifest @babel/helper-module-transforms@^7.29.7
1576 silly packumentCache full:https://registry.npmjs.org/@babel%2fhelper-module-transforms cache-miss
1577 silly fetch manifest @babel/helpers@^7.29.7
1578 silly packumentCache full:https://registry.npmjs.org/@babel%2fhelpers cache-miss
1579 silly fetch manifest @babel/parser@^7.29.7
1580 silly packumentCache full:https://registry.npmjs.org/@babel%2fparser cache-miss
1581 silly fetch manifest @babel/template@^7.29.7
1582 silly packumentCache full:https://registry.npmjs.org/@babel%2ftemplate cache-miss
1583 silly fetch manifest @babel/traverse@^7.29.7
1584 silly packumentCache full:https://registry.npmjs.org/@babel%2ftraverse cache-miss
1585 silly fetch manifest @babel/types@^7.29.7
1586 silly packumentCache full:https://registry.npmjs.org/@babel%2ftypes cache-miss
1587 silly fetch manifest @jridgewell/remapping@^2.3.5
1588 silly packumentCache full:https://registry.npmjs.org/@jridgewell%2fremapping cache-miss
1589 silly fetch manifest convert-source-map@^2.0.0
1590 silly packumentCache full:https://registry.npmjs.org/convert-source-map cache-miss
1591 silly fetch manifest gensync@^1.0.0-beta.2
1592 silly packumentCache full:https://registry.npmjs.org/gensync cache-miss
1593 silly fetch manifest json5@^2.2.3
1594 silly packumentCache full:https://registry.npmjs.org/json5 cache-miss
1595 http cache https://registry.npmjs.org/json5 5ms (cache hit)
1596 silly packumentCache full:https://registry.npmjs.org/json5 set size:86136 disposed:false
1597 silly fetch manifest @babel/types@^7.29.7
1598 silly packumentCache full:https://registry.npmjs.org/@babel%2ftypes cache-miss
1599 http cache https://registry.npmjs.org/@babel%2fparser 6ms (cache hit)
1600 silly packumentCache full:https://registry.npmjs.org/@babel%2fparser set size:730539 disposed:false
1601 silly fetch manifest hermes-estree@0.25.1
1602 silly packumentCache full:https://registry.npmjs.org/hermes-estree cache-miss
1603 http fetch GET 200 https://registry.npmjs.org/gensync 43ms (cache miss)
1604 silly packumentCache full:https://registry.npmjs.org/gensync set size:undefined disposed:false
1605 http fetch GET 200 https://registry.npmjs.org/convert-source-map 44ms (cache miss)
1606 silly packumentCache full:https://registry.npmjs.org/convert-source-map set size:undefined disposed:false
1607 http fetch GET 200 https://registry.npmjs.org/hermes-estree 44ms (cache miss)
1608 silly packumentCache full:https://registry.npmjs.org/hermes-estree set size:undefined disposed:false
1609 http fetch GET 200 https://registry.npmjs.org/@jridgewell%2fremapping 57ms (cache miss)
1610 silly packumentCache full:https://registry.npmjs.org/@jridgewell%2fremapping set size:undefined disposed:false
1611 http fetch GET 200 https://registry.npmjs.org/@babel%2fcode-frame 58ms (cache miss)
1612 silly packumentCache full:https://registry.npmjs.org/@babel%2fcode-frame set size:undefined disposed:false
1613 http fetch GET 200 https://registry.npmjs.org/@babel%2fhelpers 59ms (cache miss)
1614 silly packumentCache full:https://registry.npmjs.org/@babel%2fhelpers set size:undefined disposed:false
1615 http fetch GET 200 https://registry.npmjs.org/@babel%2fhelper-module-transforms 66ms (cache miss)
1616 silly packumentCache full:https://registry.npmjs.org/@babel%2fhelper-module-transforms set size:undefined disposed:false
1617 http fetch GET 200 https://registry.npmjs.org/@babel%2fhelper-compilation-targets 75ms (cache miss)
1618 silly packumentCache full:https://registry.npmjs.org/@babel%2fhelper-compilation-targets set size:undefined disposed:false
1619 http fetch GET 200 https://registry.npmjs.org/@babel%2ftypes 76ms (cache miss)
1620 silly packumentCache full:https://registry.npmjs.org/@babel%2ftypes set size:undefined disposed:false
1621 http fetch GET 200 https://registry.npmjs.org/@babel%2ftypes 74ms (cache miss)
1622 silly packumentCache full:https://registry.npmjs.org/@babel%2ftypes set size:undefined disposed:false
1623 http fetch GET 200 https://registry.npmjs.org/@babel%2ftemplate 80ms (cache miss)
1624 silly packumentCache full:https://registry.npmjs.org/@babel%2ftemplate set size:undefined disposed:false
1625 http fetch GET 200 https://registry.npmjs.org/@babel%2ftraverse 82ms (cache miss)
1626 silly packumentCache full:https://registry.npmjs.org/@babel%2ftraverse set size:undefined disposed:false
1627 http fetch GET 200 https://registry.npmjs.org/@babel%2fgenerator 86ms (cache miss)
1628 silly packumentCache full:https://registry.npmjs.org/@babel%2fgenerator set size:undefined disposed:false
1629 silly fetch manifest @babel/core@^7.0.0
1630 silly packumentCache full:https://registry.npmjs.org/@babel%2fcore cache-miss
1631 http cache https://registry.npmjs.org/@babel%2fcore 3ms (cache hit)
1632 silly packumentCache full:https://registry.npmjs.org/@babel%2fcore set size:779631 disposed:false
1633 silly placeDep ROOT @babel/code-frame@7.29.7 OK for: @babel/core@7.29.7 want: ^7.29.7
1634 silly placeDep ROOT @babel/generator@7.29.7 OK for: @babel/core@7.29.7 want: ^7.29.7
1635 silly placeDep ROOT @babel/helper-compilation-targets@7.29.7 OK for: @babel/core@7.29.7 want: ^7.29.7
1636 silly placeDep ROOT @babel/helper-module-transforms@7.29.7 OK for: @babel/core@7.29.7 want: ^7.29.7
1637 silly placeDep ROOT @babel/helpers@7.29.7 OK for: @babel/core@7.29.7 want: ^7.29.7
1638 silly placeDep ROOT @babel/template@7.29.7 OK for: @babel/core@7.29.7 want: ^7.29.7
1639 silly placeDep ROOT @babel/traverse@7.29.7 OK for: @babel/core@7.29.7 want: ^7.29.7
1640 silly placeDep ROOT @babel/types@7.29.7 OK for: @babel/core@7.29.7 want: ^7.29.7
1641 silly placeDep ROOT @jridgewell/remapping@2.3.5 OK for: @babel/core@7.29.7 want: ^2.3.5
1642 silly placeDep ROOT convert-source-map@2.0.0 OK for: @babel/core@7.29.7 want: ^2.0.0
1643 silly placeDep ROOT gensync@1.0.0-beta.2 OK for: @babel/core@7.29.7 want: ^1.0.0-beta.2
1644 silly placeDep ROOT json5@2.2.3 OK for: @babel/core@7.29.7 want: ^2.2.3
1645 silly placeDep node_modules/@babel/core semver@6.3.1 OK for: @babel/core@7.29.7 want: ^6.3.1
1646 silly fetch manifest @babel/helper-validator-identifier@^7.29.7
1647 silly packumentCache full:https://registry.npmjs.org/@babel%2fhelper-validator-identifier cache-miss
1648 silly fetch manifest js-tokens@^4.0.0
1649 silly packumentCache full:https://registry.npmjs.org/js-tokens cache-miss
1650 silly fetch manifest @jridgewell/gen-mapping@^0.3.12
1651 silly packumentCache full:https://registry.npmjs.org/@jridgewell%2fgen-mapping cache-miss
1652 silly fetch manifest @jridgewell/trace-mapping@^0.3.28
1653 silly packumentCache full:https://registry.npmjs.org/@jridgewell%2ftrace-mapping cache-miss
1654 silly fetch manifest jsesc@^3.0.2
1655 silly packumentCache full:https://registry.npmjs.org/jsesc cache-miss
1656 silly fetch manifest @babel/compat-data@^7.29.7
1657 silly packumentCache full:https://registry.npmjs.org/@babel%2fcompat-data cache-miss
1658 silly fetch manifest @babel/helper-validator-option@^7.29.7
1659 silly packumentCache full:https://registry.npmjs.org/@babel%2fhelper-validator-option cache-miss
1660 silly fetch manifest lru-cache@^5.1.1
1661 silly packumentCache full:https://registry.npmjs.org/lru-cache cache-miss
1662 silly fetch manifest @babel/helper-module-imports@^7.29.7
1663 silly packumentCache full:https://registry.npmjs.org/@babel%2fhelper-module-imports cache-miss
1664 silly fetch manifest @babel/helper-validator-identifier@^7.29.7
1665 silly packumentCache full:https://registry.npmjs.org/@babel%2fhelper-validator-identifier cache-miss
1666 silly fetch manifest @babel/helper-globals@^7.29.7
1667 silly packumentCache full:https://registry.npmjs.org/@babel%2fhelper-globals cache-miss
1668 silly fetch manifest @babel/helper-string-parser@^7.29.7
1669 silly packumentCache full:https://registry.npmjs.org/@babel%2fhelper-string-parser cache-miss
1670 silly fetch manifest @babel/helper-validator-identifier@^7.29.7
1671 silly packumentCache full:https://registry.npmjs.org/@babel%2fhelper-validator-identifier cache-miss
1672 http fetch GET 200 https://registry.npmjs.org/js-tokens 40ms (cache miss)
1673 silly packumentCache full:https://registry.npmjs.org/js-tokens set size:undefined disposed:false
1674 silly fetch manifest @jridgewell/gen-mapping@^0.3.5
1675 silly packumentCache full:https://registry.npmjs.org/@jridgewell%2fgen-mapping cache-miss
1676 http fetch GET 200 https://registry.npmjs.org/jsesc 45ms (cache miss)
1677 silly packumentCache full:https://registry.npmjs.org/jsesc set size:undefined disposed:false
1678 silly fetch manifest @jridgewell/trace-mapping@^0.3.24
1679 silly packumentCache full:https://registry.npmjs.org/@jridgewell%2ftrace-mapping cache-miss
1680 http fetch GET 200 https://registry.npmjs.org/@babel%2fhelper-validator-identifier 48ms (cache miss)
1681 silly packumentCache full:https://registry.npmjs.org/@babel%2fhelper-validator-identifier set size:undefined disposed:false
1682 http fetch GET 200 https://registry.npmjs.org/@babel%2fhelper-validator-identifier 51ms (cache miss)
1683 silly packumentCache full:https://registry.npmjs.org/@babel%2fhelper-validator-identifier set size:undefined disposed:false
1684 http fetch GET 200 https://registry.npmjs.org/lru-cache 54ms (cache miss)
1685 silly packumentCache full:https://registry.npmjs.org/lru-cache set size:undefined disposed:false
1686 http fetch GET 200 https://registry.npmjs.org/@babel%2fhelper-string-parser 57ms (cache miss)
1687 silly packumentCache full:https://registry.npmjs.org/@babel%2fhelper-string-parser set size:undefined disposed:false
1688 http fetch GET 200 https://registry.npmjs.org/@babel%2fcompat-data 60ms (cache miss)
1689 silly packumentCache full:https://registry.npmjs.org/@babel%2fcompat-data set size:undefined disposed:false
1690 http fetch GET 200 https://registry.npmjs.org/@babel%2fhelper-validator-identifier 63ms (cache miss)
1691 silly packumentCache full:https://registry.npmjs.org/@babel%2fhelper-validator-identifier set size:undefined disposed:false
1692 http fetch GET 200 https://registry.npmjs.org/@jridgewell%2fgen-mapping 65ms (cache miss)
1693 silly packumentCache full:https://registry.npmjs.org/@jridgewell%2fgen-mapping set size:undefined disposed:false
1694 http fetch GET 200 https://registry.npmjs.org/@jridgewell%2ftrace-mapping 66ms (cache miss)
1695 silly packumentCache full:https://registry.npmjs.org/@jridgewell%2ftrace-mapping set size:undefined disposed:false
1696 http fetch GET 200 https://registry.npmjs.org/@babel%2fhelper-validator-option 67ms (cache miss)
1697 silly packumentCache full:https://registry.npmjs.org/@babel%2fhelper-validator-option set size:undefined disposed:false
1698 http fetch GET 200 https://registry.npmjs.org/@babel%2fhelper-module-imports 68ms (cache miss)
1699 silly packumentCache full:https://registry.npmjs.org/@babel%2fhelper-module-imports set size:undefined disposed:false
1700 http fetch GET 200 https://registry.npmjs.org/@babel%2fhelper-globals 70ms (cache miss)
1701 silly packumentCache full:https://registry.npmjs.org/@babel%2fhelper-globals set size:undefined disposed:false
1702 http fetch GET 200 https://registry.npmjs.org/@jridgewell%2fgen-mapping 48ms (cache miss)
1703 silly packumentCache full:https://registry.npmjs.org/@jridgewell%2fgen-mapping set size:undefined disposed:false
1704 http fetch GET 200 https://registry.npmjs.org/@jridgewell%2ftrace-mapping 67ms (cache miss)
1705 silly packumentCache full:https://registry.npmjs.org/@jridgewell%2ftrace-mapping set size:undefined disposed:false
1706 silly placeDep ROOT @babel/helper-validator-identifier@7.29.7 OK for: @babel/code-frame@7.29.7 want: ^7.29.7
1707 silly placeDep ROOT js-tokens@4.0.0 OK for: @babel/code-frame@7.29.7 want: ^4.0.0
1708 silly placeDep ROOT @jridgewell/gen-mapping@0.3.13 OK for: @babel/generator@7.29.7 want: ^0.3.12
1709 silly placeDep ROOT @jridgewell/trace-mapping@0.3.31 OK for: @babel/generator@7.29.7 want: ^0.3.28
1710 silly placeDep ROOT jsesc@3.1.0 OK for: @babel/generator@7.29.7 want: ^3.0.2
1711 silly fetch manifest @jridgewell/sourcemap-codec@^1.5.0
1712 silly packumentCache full:https://registry.npmjs.org/@jridgewell%2fsourcemap-codec cache-miss
1713 silly fetch manifest @jridgewell/resolve-uri@^3.1.0
1714 silly packumentCache full:https://registry.npmjs.org/@jridgewell%2fresolve-uri cache-miss
1715 silly fetch manifest @jridgewell/sourcemap-codec@^1.4.14
1716 silly packumentCache full:https://registry.npmjs.org/@jridgewell%2fsourcemap-codec cache-miss
1717 http fetch GET 200 https://registry.npmjs.org/@jridgewell%2fsourcemap-codec 51ms (cache miss)
1718 silly packumentCache full:https://registry.npmjs.org/@jridgewell%2fsourcemap-codec set size:undefined disposed:false
1719 http fetch GET 200 https://registry.npmjs.org/@jridgewell%2fsourcemap-codec 56ms (cache miss)
1720 silly packumentCache full:https://registry.npmjs.org/@jridgewell%2fsourcemap-codec set size:undefined disposed:false
1721 http fetch GET 200 https://registry.npmjs.org/@jridgewell%2fresolve-uri 66ms (cache miss)
1722 silly packumentCache full:https://registry.npmjs.org/@jridgewell%2fresolve-uri set size:undefined disposed:false
1723 silly placeDep ROOT @babel/compat-data@7.29.7 OK for: @babel/helper-compilation-targets@7.29.7 want: ^7.29.7
1724 silly placeDep ROOT @babel/helper-validator-option@7.29.7 OK for: @babel/helper-compilation-targets@7.29.7 want: ^7.29.7
1725 silly placeDep ROOT lru-cache@5.1.1 OK for: @babel/helper-compilation-targets@7.29.7 want: ^5.1.1
1726 silly placeDep node_modules/@babel/helper-compilation-targets semver@6.3.1 OK for: @babel/helper-compilation-targets@7.29.7 want: ^6.3.1
1727 silly fetch manifest yallist@^3.0.2
1728 silly packumentCache full:https://registry.npmjs.org/yallist cache-miss
1729 http fetch GET 200 https://registry.npmjs.org/yallist 37ms (cache miss)
1730 silly packumentCache full:https://registry.npmjs.org/yallist set size:undefined disposed:false
1731 silly placeDep ROOT @babel/helper-module-imports@7.29.7 OK for: @babel/helper-module-transforms@7.29.7 want: ^7.29.7
1732 silly placeDep ROOT @babel/helper-globals@7.29.7 OK for: @babel/traverse@7.29.7 want: ^7.29.7
1733 silly placeDep ROOT @babel/helper-string-parser@7.29.7 OK for: @babel/types@7.29.7 want: ^7.29.7
1734 silly placeDep ROOT @jridgewell/sourcemap-codec@1.5.5 OK for: @jridgewell/gen-mapping@0.3.13 want: ^1.5.0
1735 silly placeDep ROOT @jridgewell/resolve-uri@3.1.2 OK for: @jridgewell/trace-mapping@0.3.31 want: ^3.1.0
1736 silly placeDep ROOT esrecurse@4.3.0 OK for: eslint-scope@8.4.0 want: ^4.3.0
1737 silly placeDep ROOT acorn@8.16.0 OK for: espree@10.4.0 want: ^8.15.0
1738 silly placeDep ROOT acorn-jsx@5.3.2 OK for: espree@10.4.0 want: ^5.3.2
1739 silly placeDep ROOT @nodelib/fs.stat@2.0.5 OK for: fast-glob@3.3.1 want: ^2.0.2
1740 silly placeDep ROOT @nodelib/fs.walk@1.2.8 OK for: fast-glob@3.3.1 want: ^1.2.3
1741 silly placeDep node_modules/fast-glob glob-parent@5.1.2 OK for: fast-glob@3.3.1 want: ^5.1.2
1742 silly placeDep ROOT merge2@1.4.1 OK for: fast-glob@3.3.1 want: ^1.3.0
1743 silly placeDep ROOT micromatch@4.0.8 OK for: fast-glob@3.3.1 want: ^4.0.4
1744 silly fetch manifest fastq@^1.6.0
1745 silly packumentCache full:https://registry.npmjs.org/fastq cache-miss
1746 silly fetch manifest @nodelib/fs.scandir@2.1.5
1747 silly packumentCache full:https://registry.npmjs.org/@nodelib%2ffs.scandir cache-miss
1748 silly fetch manifest braces@^3.0.3
1749 silly packumentCache full:https://registry.npmjs.org/braces cache-miss
1750 silly fetch manifest picomatch@^2.3.1
1751 silly packumentCache full:https://registry.npmjs.org/picomatch cache-miss
1752 http cache https://registry.npmjs.org/picomatch 2ms (cache hit)
1753 silly packumentCache full:https://registry.npmjs.org/picomatch set size:126376 disposed:false
1754 http fetch GET 200 https://registry.npmjs.org/fastq 43ms (cache miss)
1755 silly packumentCache full:https://registry.npmjs.org/fastq set size:undefined disposed:false
1756 http fetch GET 200 https://registry.npmjs.org/braces 56ms (cache miss)
1757 silly packumentCache full:https://registry.npmjs.org/braces set size:undefined disposed:false
1758 http fetch GET 200 https://registry.npmjs.org/@nodelib%2ffs.scandir 62ms (cache miss)
1759 silly packumentCache full:https://registry.npmjs.org/@nodelib%2ffs.scandir set size:undefined disposed:false
1760 silly placeDep ROOT @nodelib/fs.scandir@2.1.5 OK for: @nodelib/fs.walk@1.2.8 want: 2.1.5
1761 silly placeDep ROOT fastq@1.20.1 OK for: @nodelib/fs.walk@1.2.8 want: ^1.6.0
1762 silly fetch manifest run-parallel@^1.1.9
1763 silly packumentCache full:https://registry.npmjs.org/run-parallel cache-miss
1764 silly fetch manifest reusify@^1.0.4
1765 silly packumentCache full:https://registry.npmjs.org/reusify cache-miss
1766 http fetch GET 200 https://registry.npmjs.org/reusify 36ms (cache miss)
1767 silly packumentCache full:https://registry.npmjs.org/reusify set size:undefined disposed:false
1768 http fetch GET 200 https://registry.npmjs.org/run-parallel 37ms (cache miss)
1769 silly packumentCache full:https://registry.npmjs.org/run-parallel set size:undefined disposed:false
1770 silly placeDep ROOT run-parallel@1.2.0 OK for: @nodelib/fs.scandir@2.1.5 want: ^1.1.9
1771 silly fetch manifest queue-microtask@^1.2.2
1772 silly packumentCache full:https://registry.npmjs.org/queue-microtask cache-miss
1773 http fetch GET 200 https://registry.npmjs.org/queue-microtask 45ms (cache miss)
1774 silly packumentCache full:https://registry.npmjs.org/queue-microtask set size:undefined disposed:false
1775 silly placeDep ROOT reusify@1.1.0 OK for: fastq@1.20.1 want: ^1.0.4
1776 silly placeDep ROOT flat-cache@4.0.1 OK for: file-entry-cache@8.0.0 want: ^4.0.0
1777 silly fetch manifest keyv@^4.5.4
1778 silly packumentCache full:https://registry.npmjs.org/keyv cache-miss
1779 silly fetch manifest flatted@^3.2.9
1780 silly packumentCache full:https://registry.npmjs.org/flatted cache-miss
1781 http fetch GET 200 https://registry.npmjs.org/flatted 37ms (cache miss)
1782 silly packumentCache full:https://registry.npmjs.org/flatted set size:undefined disposed:false
1783 http fetch GET 200 https://registry.npmjs.org/keyv 41ms (cache miss)
1784 silly packumentCache full:https://registry.npmjs.org/keyv set size:undefined disposed:false
1785 silly placeDep ROOT locate-path@6.0.0 OK for: find-up@5.0.0 want: ^6.0.0
1786 silly placeDep ROOT path-exists@4.0.0 OK for: find-up@5.0.0 want: ^4.0.0
1787 silly fetch manifest p-locate@^5.0.0
1788 silly packumentCache full:https://registry.npmjs.org/p-locate cache-miss
1789 http fetch GET 200 https://registry.npmjs.org/p-locate 37ms (cache miss)
1790 silly packumentCache full:https://registry.npmjs.org/p-locate set size:undefined disposed:false
1791 silly placeDep ROOT flatted@3.4.2 OK for: flat-cache@4.0.1 want: ^3.2.9
1792 silly placeDep ROOT keyv@4.5.4 OK for: flat-cache@4.0.1 want: ^4.5.4
1793 silly fetch manifest json-buffer@3.0.1
1794 silly packumentCache full:https://registry.npmjs.org/json-buffer cache-miss
1795 http fetch GET 200 https://registry.npmjs.org/json-buffer 45ms (cache miss)
1796 silly packumentCache full:https://registry.npmjs.org/json-buffer set size:undefined disposed:false
1797 silly placeDep ROOT functions-have-names@1.2.3 OK for: function.prototype.name@1.1.8 want: ^1.2.3
1798 silly placeDep ROOT dunder-proto@1.0.1 OK for: get-proto@1.0.1 want: ^1.0.1
1799 silly placeDep ROOT resolve-pkg-maps@1.0.0 OK for: get-tsconfig@4.14.0 want: ^1.0.0
1800 silly placeDep ROOT hermes-estree@0.25.1 OK for: hermes-parser@0.25.1 want: 0.25.1
1801 silly placeDep ROOT parent-module@1.0.1 OK for: import-fresh@3.3.1 want: ^1.0.0
1802 silly placeDep ROOT resolve-from@4.0.0 OK for: import-fresh@3.3.1 want: ^4.0.0
1803 silly fetch manifest callsites@^3.0.0
1804 silly packumentCache full:https://registry.npmjs.org/callsites cache-miss
1805 http fetch GET 200 https://registry.npmjs.org/callsites 33ms (cache miss)
1806 silly packumentCache full:https://registry.npmjs.org/callsites set size:undefined disposed:false
1807 silly placeDep ROOT side-channel@1.1.0 OK for: internal-slot@1.1.0 want: ^1.1.0
1808 silly fetch manifest side-channel-list@^1.0.0
1809 silly packumentCache full:https://registry.npmjs.org/side-channel-list cache-miss
1810 silly fetch manifest side-channel-map@^1.0.1
1811 silly packumentCache full:https://registry.npmjs.org/side-channel-map cache-miss
1812 silly fetch manifest side-channel-weakmap@^1.0.2
1813 silly packumentCache full:https://registry.npmjs.org/side-channel-weakmap cache-miss
1814 http fetch GET 200 https://registry.npmjs.org/side-channel-map 33ms (cache miss)
1815 silly packumentCache full:https://registry.npmjs.org/side-channel-map set size:undefined disposed:false
1816 http fetch GET 200 https://registry.npmjs.org/side-channel-list 35ms (cache miss)
1817 silly packumentCache full:https://registry.npmjs.org/side-channel-list set size:undefined disposed:false
1818 http fetch GET 200 https://registry.npmjs.org/side-channel-weakmap 38ms (cache miss)
1819 silly packumentCache full:https://registry.npmjs.org/side-channel-weakmap set size:undefined disposed:false
1820 silly placeDep ROOT is-extglob@2.1.1 OK for: is-glob@4.0.3 want: ^2.1.1
1821 silly placeDep ROOT set-function-name@2.0.2 OK for: iterator.prototype@1.1.5 want: ^2.0.2
1822 silly placeDep ROOT argparse@2.0.1 OK for: js-yaml@4.1.1 want: ^2.0.1
1823 silly placeDep ROOT json-buffer@3.0.1 OK for: keyv@4.5.4 want: 3.0.1
1824 silly placeDep ROOT language-subtag-registry@0.3.23 OK for: language-tags@1.0.9 want: ^0.3.20
1825 silly placeDep ROOT prelude-ls@1.2.1 OK for: levn@0.4.1 want: ^1.2.1
1826 silly placeDep ROOT type-check@0.4.0 OK for: levn@0.4.1 want: ~0.4.0
1827 silly placeDep ROOT p-locate@5.0.0 OK for: locate-path@6.0.0 want: ^5.0.0
1828 silly fetch manifest p-limit@^3.0.2
1829 silly packumentCache full:https://registry.npmjs.org/p-limit cache-miss
1830 http fetch GET 200 https://registry.npmjs.org/p-limit 48ms (cache miss)
1831 silly packumentCache full:https://registry.npmjs.org/p-limit set size:undefined disposed:false
1832 silly placeDep ROOT yallist@3.1.1 OK for: lru-cache@5.1.1 want: ^3.0.2
1833 silly placeDep ROOT braces@3.0.3 OK for: micromatch@4.0.8 want: ^3.0.3
1834 silly placeDep ROOT picomatch@2.3.2 OK for: micromatch@4.0.8 want: ^2.3.1
1835 silly fetch manifest fill-range@^7.1.1
1836 silly packumentCache full:https://registry.npmjs.org/fill-range cache-miss
1837 http fetch GET 200 https://registry.npmjs.org/fill-range 38ms (cache miss)
1838 silly packumentCache full:https://registry.npmjs.org/fill-range set size:undefined disposed:false
1839 silly placeDep ROOT fill-range@7.1.1 OK for: braces@3.0.3 want: ^7.1.1
1840 silly fetch manifest to-regex-range@^5.0.1
1841 silly packumentCache full:https://registry.npmjs.org/to-regex-range cache-miss
1842 http fetch GET 200 https://registry.npmjs.org/to-regex-range 36ms (cache miss)
1843 silly packumentCache full:https://registry.npmjs.org/to-regex-range set size:undefined disposed:false
1844 silly placeDep ROOT to-regex-range@5.0.1 OK for: fill-range@7.1.1 want: ^5.0.1
1845 silly fetch manifest is-number@^7.0.0
1846 silly packumentCache full:https://registry.npmjs.org/is-number cache-miss
1847 http fetch GET 200 https://registry.npmjs.org/is-number 40ms (cache miss)
1848 silly packumentCache full:https://registry.npmjs.org/is-number set size:undefined disposed:false
1849 silly placeDep ROOT brace-expansion@1.1.15 OK for: minimatch@3.1.5 want: ^1.1.7
1850 silly fetch manifest balanced-match@^1.0.0
1851 silly packumentCache full:https://registry.npmjs.org/balanced-match cache-miss
1852 silly fetch manifest concat-map@0.0.1
1853 silly packumentCache full:https://registry.npmjs.org/concat-map cache-miss
1854 http fetch GET 200 https://registry.npmjs.org/concat-map 42ms (cache miss)
1855 silly packumentCache full:https://registry.npmjs.org/concat-map set size:undefined disposed:false
1856 http fetch GET 200 https://registry.npmjs.org/balanced-match 50ms (cache miss)
1857 silly packumentCache full:https://registry.npmjs.org/balanced-match set size:undefined disposed:false
1858 silly placeDep ROOT balanced-match@1.0.2 OK for: brace-expansion@1.1.15 want: ^1.0.0
1859 silly placeDep ROOT concat-map@0.0.1 OK for: brace-expansion@1.1.15 want: 0.0.1
1860 silly fetch manifest postcss@8.4.31
1861 silly packumentCache full:https://registry.npmjs.org/postcss cache-hit
1862 silly placeDep node_modules/next postcss@8.4.31 OK for: next@16.2.6 want: 8.4.31
1863 silly placeDep ROOT deep-is@0.1.4 OK for: optionator@0.9.4 want: ^0.1.3
1864 silly placeDep ROOT fast-levenshtein@2.0.6 OK for: optionator@0.9.4 want: ^2.0.6
1865 silly placeDep ROOT word-wrap@1.2.5 OK for: optionator@0.9.4 want: ^1.2.5
1866 silly placeDep ROOT p-limit@3.1.0 OK for: p-locate@5.0.0 want: ^3.0.2
1867 silly fetch manifest yocto-queue@^0.1.0
1868 silly packumentCache full:https://registry.npmjs.org/yocto-queue cache-miss
1869 http fetch GET 200 https://registry.npmjs.org/yocto-queue 37ms (cache miss)
1870 silly packumentCache full:https://registry.npmjs.org/yocto-queue set size:undefined disposed:false
1871 silly placeDep ROOT yocto-queue@0.1.0 OK for: p-limit@3.1.0 want: ^0.1.0
1872 silly placeDep ROOT callsites@3.1.0 OK for: parent-module@1.0.1 want: ^3.0.0
1873 silly placeDep ROOT loose-envify@1.4.0 OK for: prop-types@15.8.1 want: ^1.4.0
1874 silly placeDep ROOT object-assign@4.1.1 OK for: prop-types@15.8.1 want: ^4.1.1
1875 silly placeDep ROOT react-is@16.13.1 OK for: prop-types@15.8.1 want: ^16.13.1
1876 silly placeDep ROOT node-exports-info@1.6.0 OK for: resolve@2.0.0-next.7 want: ^1.6.0
1877 silly placeDep ROOT path-parse@1.0.7 OK for: resolve@2.0.0-next.7 want: ^1.0.7
1878 silly placeDep ROOT supports-preserve-symlinks-flag@1.0.0 OK for: resolve@2.0.0-next.7 want: ^1.0.0
1879 silly placeDep node_modules/node-exports-info semver@6.3.1 OK for: node-exports-info@1.6.0 want: ^6.3.1
1880 silly placeDep ROOT queue-microtask@1.2.3 OK for: run-parallel@1.2.0 want: ^1.2.2
1881 silly placeDep ROOT isarray@2.0.5 OK for: safe-array-concat@1.1.4 want: ^2.0.5
1882 silly placeDep ROOT shebang-regex@3.0.0 OK for: shebang-command@2.0.0 want: ^3.0.0
1883 silly placeDep ROOT side-channel-list@1.0.1 OK for: side-channel@1.1.0 want: ^1.0.0
1884 silly placeDep ROOT side-channel-map@1.0.1 OK for: side-channel@1.1.0 want: ^1.0.1
1885 silly placeDep ROOT side-channel-weakmap@1.0.2 OK for: side-channel@1.1.0 want: ^1.0.2
1886 silly placeDep ROOT has-flag@4.0.0 OK for: supports-color@7.2.0 want: ^4.0.0
1887 silly placeDep node_modules/tinyglobby fdir@6.5.0 OK for: tinyglobby@0.2.17 want: ^6.5.0
1888 silly placeDep node_modules/tinyglobby picomatch@4.0.4 OK for: fdir@6.5.0 want: ^3 || ^4
1889 silly placeDep ROOT is-number@7.0.0 OK for: to-regex-range@5.0.1 want: ^7.0.0
1890 silly placeDep ROOT @types/json5@0.0.29 OK for: tsconfig-paths@3.15.0 want: ^0.0.29
1891 silly placeDep node_modules/tsconfig-paths json5@1.0.2 OK for: tsconfig-paths@3.15.0 want: ^1.0.2
1892 silly placeDep ROOT minimist@1.2.8 OK for: tsconfig-paths@3.15.0 want: ^1.2.6
1893 silly placeDep ROOT strip-bom@3.0.0 OK for: tsconfig-paths@3.15.0 want: ^3.0.0
1894 silly fetch manifest minimist@^1.2.0
1895 silly packumentCache full:https://registry.npmjs.org/minimist cache-miss
1896 http cache https://registry.npmjs.org/minimist 1ms (cache hit)
1897 silly packumentCache full:https://registry.npmjs.org/minimist set size:77063 disposed:false
1898 silly placeDep ROOT for-each@0.3.5 OK for: typed-array-byte-length@1.0.3 want: ^0.3.3
1899 silly placeDep ROOT reflect.getprototypeof@1.0.10 OK for: typed-array-byte-offset@1.0.4 want: ^1.0.9
1900 silly fetch manifest which-builtin-type@^1.2.1
1901 silly packumentCache full:https://registry.npmjs.org/which-builtin-type cache-miss
1902 http fetch GET 200 https://registry.npmjs.org/which-builtin-type 44ms (cache miss)
1903 silly packumentCache full:https://registry.npmjs.org/which-builtin-type set size:undefined disposed:false
1904 silly placeDep ROOT which-builtin-type@1.2.1 OK for: reflect.getprototypeof@1.0.10 want: ^1.2.1
1905 silly fetch manifest is-async-function@^2.0.0
1906 silly packumentCache full:https://registry.npmjs.org/is-async-function cache-miss
1907 silly fetch manifest is-finalizationregistry@^1.1.0
1908 silly packumentCache full:https://registry.npmjs.org/is-finalizationregistry cache-miss
1909 silly fetch manifest is-generator-function@^1.0.10
1910 silly packumentCache full:https://registry.npmjs.org/is-generator-function cache-miss
1911 silly fetch manifest which-boxed-primitive@^1.1.0
1912 silly packumentCache full:https://registry.npmjs.org/which-boxed-primitive cache-miss
1913 silly fetch manifest which-collection@^1.0.2
1914 silly packumentCache full:https://registry.npmjs.org/which-collection cache-miss
1915 http cache https://registry.npmjs.org/which-boxed-primitive 2ms (cache hit)
1916 silly packumentCache full:https://registry.npmjs.org/which-boxed-primitive set size:19407 disposed:false
1917 http fetch GET 200 https://registry.npmjs.org/is-async-function 34ms (cache miss)
1918 silly packumentCache full:https://registry.npmjs.org/is-async-function set size:undefined disposed:false
1919 http fetch GET 200 https://registry.npmjs.org/is-finalizationregistry 40ms (cache miss)
1920 silly packumentCache full:https://registry.npmjs.org/is-finalizationregistry set size:undefined disposed:false
1921 http fetch GET 200 https://registry.npmjs.org/is-generator-function 43ms (cache miss)
1922 silly packumentCache full:https://registry.npmjs.org/is-generator-function set size:undefined disposed:false
1923 http fetch GET 200 https://registry.npmjs.org/which-collection 43ms (cache miss)
1924 silly packumentCache full:https://registry.npmjs.org/which-collection set size:undefined disposed:false
1925 silly fetch manifest eslint@^8.57.0 || ^9.0.0 || ^10.0.0
1926 silly packumentCache full:https://registry.npmjs.org/eslint cache-miss
1927 http cache https://registry.npmjs.org/eslint 4ms (cache hit)
1928 silly packumentCache full:https://registry.npmjs.org/eslint set size:2004222 disposed:false
1929 silly fetch manifest typescript@>=4.8.4 <6.1.0
1930 silly packumentCache full:https://registry.npmjs.org/typescript cache-miss
1931 http cache https://registry.npmjs.org/typescript 16ms (cache hit)
1932 silly packumentCache full:https://registry.npmjs.org/typescript set size:15409943 disposed:false
1933 silly placeDep ROOT @typescript-eslint/eslint-plugin@8.60.0 OK for: typescript-eslint@8.60.0 want: 8.60.0
1934 silly placeDep ROOT @typescript-eslint/parser@8.60.0 OK for: @typescript-eslint/eslint-plugin@8.60.0 want: ^8.60.0
1935 silly placeDep ROOT @typescript-eslint/typescript-estree@8.60.0 OK for: typescript-eslint@8.60.0 want: 8.60.0
1936 silly placeDep ROOT @typescript-eslint/utils@8.60.0 OK for: typescript-eslint@8.60.0 want: 8.60.0
1937 silly fetch manifest ignore@^7.0.5
1938 silly packumentCache full:https://registry.npmjs.org/ignore cache-miss
1939 silly fetch manifest ts-api-utils@^2.5.0
1940 silly packumentCache full:https://registry.npmjs.org/ts-api-utils cache-miss
1941 silly fetch manifest @typescript-eslint/type-utils@8.60.0
1942 silly packumentCache full:https://registry.npmjs.org/@typescript-eslint%2ftype-utils cache-miss
1943 silly fetch manifest @typescript-eslint/visitor-keys@8.60.0
1944 silly packumentCache full:https://registry.npmjs.org/@typescript-eslint%2fvisitor-keys cache-miss
1945 silly fetch manifest @typescript-eslint/scope-manager@8.60.0
1946 silly packumentCache full:https://registry.npmjs.org/@typescript-eslint%2fscope-manager cache-miss
1947 silly fetch manifest @typescript-eslint/types@8.60.0
1948 silly packumentCache full:https://registry.npmjs.org/@typescript-eslint%2ftypes cache-miss
1949 silly fetch manifest @typescript-eslint/visitor-keys@8.60.0
1950 silly packumentCache full:https://registry.npmjs.org/@typescript-eslint%2fvisitor-keys cache-miss
1951 silly fetch manifest @typescript-eslint/scope-manager@8.60.0
1952 silly packumentCache full:https://registry.npmjs.org/@typescript-eslint%2fscope-manager cache-miss
1953 silly fetch manifest minimatch@^10.2.2
1954 silly packumentCache full:https://registry.npmjs.org/minimatch cache-hit
1955 silly fetch manifest ts-api-utils@^2.5.0
1956 silly packumentCache full:https://registry.npmjs.org/ts-api-utils cache-miss
1957 silly fetch manifest @typescript-eslint/types@8.60.0
1958 silly packumentCache full:https://registry.npmjs.org/@typescript-eslint%2ftypes cache-miss
1959 silly fetch manifest @typescript-eslint/visitor-keys@8.60.0
1960 silly packumentCache full:https://registry.npmjs.org/@typescript-eslint%2fvisitor-keys cache-miss
1961 silly fetch manifest @typescript-eslint/tsconfig-utils@8.60.0
1962 silly packumentCache full:https://registry.npmjs.org/@typescript-eslint%2ftsconfig-utils cache-miss
1963 silly fetch manifest @typescript-eslint/project-service@8.60.0
1964 silly packumentCache full:https://registry.npmjs.org/@typescript-eslint%2fproject-service cache-miss
1965 http cache https://registry.npmjs.org/ignore 5ms (cache hit)
1966 silly packumentCache full:https://registry.npmjs.org/ignore set size:237380 disposed:false
1967 silly fetch manifest @typescript-eslint/types@8.60.0
1968 silly packumentCache full:https://registry.npmjs.org/@typescript-eslint%2ftypes cache-miss
1969 http fetch GET 200 https://registry.npmjs.org/ts-api-utils 47ms (cache miss)
1970 silly packumentCache full:https://registry.npmjs.org/ts-api-utils set size:undefined disposed:false
1971 silly fetch manifest @typescript-eslint/scope-manager@8.60.0
1972 silly packumentCache full:https://registry.npmjs.org/@typescript-eslint%2fscope-manager cache-miss
1973 http fetch GET 200 https://registry.npmjs.org/ts-api-utils 50ms (cache miss)
1974 silly packumentCache full:https://registry.npmjs.org/ts-api-utils set size:undefined disposed:false
1975 http fetch GET 200 https://registry.npmjs.org/@typescript-eslint%2ftsconfig-utils 77ms (cache miss)
1976 silly packumentCache full:https://registry.npmjs.org/@typescript-eslint%2ftsconfig-utils set size:undefined disposed:false
1977 http fetch GET 200 https://registry.npmjs.org/@typescript-eslint%2fproject-service 103ms (cache miss)
1978 silly packumentCache full:https://registry.npmjs.org/@typescript-eslint%2fproject-service set size:undefined disposed:false
1979 http fetch GET 200 https://registry.npmjs.org/@typescript-eslint%2fvisitor-keys 341ms (cache miss)
1980 silly packumentCache full:https://registry.npmjs.org/@typescript-eslint%2fvisitor-keys set size:undefined disposed:false
1981 http fetch GET 200 https://registry.npmjs.org/@typescript-eslint%2ftypes 403ms (cache miss)
1982 silly packumentCache full:https://registry.npmjs.org/@typescript-eslint%2ftypes set size:undefined disposed:false
1983 http fetch GET 200 https://registry.npmjs.org/@typescript-eslint%2fvisitor-keys 450ms (cache miss)
1984 silly packumentCache full:https://registry.npmjs.org/@typescript-eslint%2fvisitor-keys set size:undefined disposed:false
1985 http fetch GET 200 https://registry.npmjs.org/@typescript-eslint%2ftypes 544ms (cache miss)
1986 silly packumentCache full:https://registry.npmjs.org/@typescript-eslint%2ftypes set size:undefined disposed:false
1987 http fetch GET 200 https://registry.npmjs.org/@typescript-eslint%2fscope-manager 586ms (cache miss)
1988 silly packumentCache full:https://registry.npmjs.org/@typescript-eslint%2fscope-manager set size:undefined disposed:false
1989 http fetch GET 200 https://registry.npmjs.org/@typescript-eslint%2ftype-utils 658ms (cache miss)
1990 silly packumentCache full:https://registry.npmjs.org/@typescript-eslint%2ftype-utils set size:undefined disposed:false
1991 http fetch GET 200 https://registry.npmjs.org/@typescript-eslint%2fvisitor-keys 714ms (cache miss)
1992 silly packumentCache full:https://registry.npmjs.org/@typescript-eslint%2fvisitor-keys set size:undefined disposed:false
1993 http fetch GET 200 https://registry.npmjs.org/@typescript-eslint%2ftypes 752ms (cache miss)
1994 silly packumentCache full:https://registry.npmjs.org/@typescript-eslint%2ftypes set size:undefined disposed:false
1995 http fetch GET 200 https://registry.npmjs.org/@typescript-eslint%2fscope-manager 749ms (cache miss)
1996 silly packumentCache full:https://registry.npmjs.org/@typescript-eslint%2fscope-manager set size:undefined disposed:false
1997 http fetch GET 200 https://registry.npmjs.org/@typescript-eslint%2fscope-manager 1136ms (cache miss)
1998 silly packumentCache full:https://registry.npmjs.org/@typescript-eslint%2fscope-manager set size:undefined disposed:false
1999 silly placeDep ROOT @typescript-eslint/scope-manager@8.60.0 OK for: @typescript-eslint/eslint-plugin@8.60.0 want: 8.60.0
2000 silly placeDep ROOT @typescript-eslint/type-utils@8.60.0 OK for: @typescript-eslint/eslint-plugin@8.60.0 want: 8.60.0
2001 silly placeDep ROOT @typescript-eslint/visitor-keys@8.60.0 OK for: @typescript-eslint/eslint-plugin@8.60.0 want: 8.60.0
2002 silly placeDep node_modules/@typescript-eslint/eslint-plugin ignore@7.0.5 OK for: @typescript-eslint/eslint-plugin@8.60.0 want: ^7.0.5
2003 silly placeDep ROOT ts-api-utils@2.5.0 OK for: @typescript-eslint/eslint-plugin@8.60.0 want: ^2.5.0
2004 silly fetch manifest eslint-visitor-keys@^5.0.0
2005 silly packumentCache full:https://registry.npmjs.org/eslint-visitor-keys cache-hit
2006 silly placeDep ROOT @typescript-eslint/types@8.60.0 OK for: @typescript-eslint/parser@8.60.0 want: 8.60.0
2007 silly placeDep ROOT @typescript-eslint/project-service@8.60.0 OK for: @typescript-eslint/typescript-estree@8.60.0 want: 8.60.0
2008 silly placeDep ROOT @typescript-eslint/tsconfig-utils@8.60.0 OK for: @typescript-eslint/typescript-estree@8.60.0 want: 8.60.0
2009 silly placeDep node_modules/@typescript-eslint/typescript-estree minimatch@10.2.5 OK for: @typescript-eslint/typescript-estree@8.60.0 want: ^10.2.2
2010 silly fetch manifest @typescript-eslint/tsconfig-utils@^8.60.0
2011 silly packumentCache full:https://registry.npmjs.org/@typescript-eslint%2ftsconfig-utils cache-miss
2012 http cache https://registry.npmjs.org/@typescript-eslint%2ftsconfig-utils 6ms (cache hit)
2013 silly packumentCache full:https://registry.npmjs.org/@typescript-eslint%2ftsconfig-utils set size:1293076 disposed:false
2014 silly placeDep node_modules/@typescript-eslint/visitor-keys eslint-visitor-keys@5.0.1 OK for: @typescript-eslint/visitor-keys@8.60.0 want: ^5.0.0
2015 silly placeDep ROOT has-bigints@1.1.0 OK for: unbox-primitive@1.1.0 want: ^1.0.2
2016 silly placeDep ROOT which-boxed-primitive@1.1.1 OK for: unbox-primitive@1.1.0 want: ^1.1.1
2017 silly fetch manifest is-bigint@^1.1.0
2018 silly packumentCache full:https://registry.npmjs.org/is-bigint cache-miss
2019 silly fetch manifest is-boolean-object@^1.2.1
2020 silly packumentCache full:https://registry.npmjs.org/is-boolean-object cache-miss
2021 silly fetch manifest is-number-object@^1.1.1
2022 silly packumentCache full:https://registry.npmjs.org/is-number-object cache-miss
2023 http fetch GET 200 https://registry.npmjs.org/is-boolean-object 46ms (cache miss)
2024 silly packumentCache full:https://registry.npmjs.org/is-boolean-object set size:undefined disposed:false
2025 http fetch GET 200 https://registry.npmjs.org/is-number-object 53ms (cache miss)
2026 silly packumentCache full:https://registry.npmjs.org/is-number-object set size:undefined disposed:false
2027 http fetch GET 200 https://registry.npmjs.org/is-bigint 56ms (cache miss)
2028 silly packumentCache full:https://registry.npmjs.org/is-bigint set size:undefined disposed:false
2029 silly placeDep ROOT @unrs/resolver-binding-android-arm-eabi@1.12.2 OK for: unrs-resolver@1.12.2 want: 1.12.2
2030 silly placeDep ROOT @unrs/resolver-binding-android-arm64@1.12.2 OK for: unrs-resolver@1.12.2 want: 1.12.2
2031 silly placeDep ROOT @unrs/resolver-binding-darwin-arm64@1.12.2 OK for: unrs-resolver@1.12.2 want: 1.12.2
2032 silly placeDep ROOT @unrs/resolver-binding-darwin-x64@1.12.2 OK for: unrs-resolver@1.12.2 want: 1.12.2
2033 silly placeDep ROOT @unrs/resolver-binding-freebsd-x64@1.12.2 OK for: unrs-resolver@1.12.2 want: 1.12.2
2034 silly placeDep ROOT @unrs/resolver-binding-linux-arm-gnueabihf@1.12.2 OK for: unrs-resolver@1.12.2 want: 1.12.2
2035 silly placeDep ROOT @unrs/resolver-binding-linux-arm-musleabihf@1.12.2 OK for: unrs-resolver@1.12.2 want: 1.12.2
2036 silly placeDep ROOT @unrs/resolver-binding-linux-arm64-gnu@1.12.2 OK for: unrs-resolver@1.12.2 want: 1.12.2
2037 silly placeDep ROOT @unrs/resolver-binding-linux-arm64-musl@1.12.2 OK for: unrs-resolver@1.12.2 want: 1.12.2
2038 silly placeDep ROOT @unrs/resolver-binding-linux-loong64-gnu@1.12.2 OK for: unrs-resolver@1.12.2 want: 1.12.2
2039 silly placeDep ROOT @unrs/resolver-binding-linux-loong64-musl@1.12.2 OK for: unrs-resolver@1.12.2 want: 1.12.2
2040 silly placeDep ROOT @unrs/resolver-binding-linux-ppc64-gnu@1.12.2 OK for: unrs-resolver@1.12.2 want: 1.12.2
2041 silly placeDep ROOT @unrs/resolver-binding-linux-riscv64-gnu@1.12.2 OK for: unrs-resolver@1.12.2 want: 1.12.2
2042 silly placeDep ROOT @unrs/resolver-binding-linux-riscv64-musl@1.12.2 OK for: unrs-resolver@1.12.2 want: 1.12.2
2043 silly placeDep ROOT @unrs/resolver-binding-linux-s390x-gnu@1.12.2 OK for: unrs-resolver@1.12.2 want: 1.12.2
2044 silly placeDep ROOT @unrs/resolver-binding-linux-x64-gnu@1.12.2 OK for: unrs-resolver@1.12.2 want: 1.12.2
2045 silly placeDep ROOT @unrs/resolver-binding-linux-x64-musl@1.12.2 OK for: unrs-resolver@1.12.2 want: 1.12.2
2046 silly placeDep ROOT @unrs/resolver-binding-openharmony-arm64@1.12.2 OK for: unrs-resolver@1.12.2 want: 1.12.2
2047 silly placeDep ROOT @unrs/resolver-binding-wasm32-wasi@1.12.2 OK for: unrs-resolver@1.12.2 want: 1.12.2
2048 silly placeDep ROOT @unrs/resolver-binding-win32-arm64-msvc@1.12.2 OK for: unrs-resolver@1.12.2 want: 1.12.2
2049 silly placeDep ROOT @unrs/resolver-binding-win32-ia32-msvc@1.12.2 OK for: unrs-resolver@1.12.2 want: 1.12.2
2050 silly placeDep ROOT @unrs/resolver-binding-win32-x64-msvc@1.12.2 OK for: unrs-resolver@1.12.2 want: 1.12.2
2051 silly placeDep ROOT napi-postinstall@0.3.4 OK for: unrs-resolver@1.12.2 want: ^0.3.4
2052 silly fetch manifest @napi-rs/wasm-runtime@^1.1.4
2053 silly packumentCache full:https://registry.npmjs.org/@napi-rs%2fwasm-runtime cache-miss
2054 silly fetch manifest @emnapi/core@1.10.0
2055 silly packumentCache full:https://registry.npmjs.org/@emnapi%2fcore cache-miss
2056 http fetch GET 200 https://registry.npmjs.org/@emnapi%2fcore 51ms (cache miss)
2057 silly packumentCache full:https://registry.npmjs.org/@emnapi%2fcore set size:undefined disposed:false
2058 http fetch GET 200 https://registry.npmjs.org/@napi-rs%2fwasm-runtime 54ms (cache miss)
2059 silly packumentCache full:https://registry.npmjs.org/@napi-rs%2fwasm-runtime set size:undefined disposed:false
2060 silly fetch manifest @emnapi/runtime@1.10.0
2061 silly packumentCache full:https://registry.npmjs.org/@emnapi%2fruntime cache-miss
2062 http cache https://registry.npmjs.org/@emnapi%2fruntime 1ms (cache hit)
2063 silly packumentCache full:https://registry.npmjs.org/@emnapi%2fruntime set size:109985 disposed:false
2064 silly placeDep ROOT @emnapi/core@1.10.0 OK for: @unrs/resolver-binding-wasm32-wasi@1.12.2 want: 1.10.0
2065 silly placeDep ROOT @napi-rs/wasm-runtime@1.1.4 OK for: @unrs/resolver-binding-wasm32-wasi@1.12.2 want: ^1.1.4
2066 silly fetch manifest @emnapi/wasi-threads@1.2.1
2067 silly packumentCache full:https://registry.npmjs.org/@emnapi%2fwasi-threads cache-miss
2068 silly fetch manifest @tybys/wasm-util@^0.10.1
2069 silly packumentCache full:https://registry.npmjs.org/@tybys%2fwasm-util cache-miss
2070 http fetch GET 200 https://registry.npmjs.org/@emnapi%2fwasi-threads 60ms (cache miss)
2071 silly packumentCache full:https://registry.npmjs.org/@emnapi%2fwasi-threads set size:undefined disposed:false
2072 http fetch GET 200 https://registry.npmjs.org/@tybys%2fwasm-util 61ms (cache miss)
2073 silly packumentCache full:https://registry.npmjs.org/@tybys%2fwasm-util set size:undefined disposed:false
2074 silly placeDep ROOT @emnapi/wasi-threads@1.2.1 OK for: @emnapi/core@1.10.0 want: 1.2.1
2075 silly placeDep ROOT @tybys/wasm-util@0.10.2 OK for: @napi-rs/wasm-runtime@1.1.4 want: ^0.10.1
2076 silly placeDep ROOT escalade@3.2.0 OK for: update-browserslist-db@1.2.3 want: ^3.2.0
2077 silly placeDep ROOT punycode@2.3.1 OK for: uri-js@4.4.1 want: ^2.1.0
2078 silly placeDep ROOT isexe@2.0.0 OK for: which@2.0.2 want: ^2.0.0
2079 silly placeDep ROOT is-bigint@1.1.0 OK for: which-boxed-primitive@1.1.1 want: ^1.1.0
2080 silly placeDep ROOT is-boolean-object@1.2.2 OK for: which-boxed-primitive@1.1.1 want: ^1.2.1
2081 silly placeDep ROOT is-number-object@1.1.1 OK for: which-boxed-primitive@1.1.1 want: ^1.1.1
2082 silly placeDep ROOT is-async-function@2.1.1 OK for: which-builtin-type@1.2.1 want: ^2.0.0
2083 silly placeDep ROOT is-finalizationregistry@1.1.1 OK for: which-builtin-type@1.2.1 want: ^1.1.0
2084 silly placeDep ROOT is-generator-function@1.1.2 OK for: which-builtin-type@1.2.1 want: ^1.0.10
2085 silly placeDep ROOT which-collection@1.0.2 OK for: which-builtin-type@1.2.1 want: ^1.0.2
2086 silly fetch manifest async-function@^1.0.0
2087 silly packumentCache full:https://registry.npmjs.org/async-function cache-miss
2088 silly fetch manifest generator-function@^2.0.0
2089 silly packumentCache full:https://registry.npmjs.org/generator-function cache-miss
2090 silly fetch manifest is-map@^2.0.3
2091 silly packumentCache full:https://registry.npmjs.org/is-map cache-miss
2092 silly fetch manifest is-weakmap@^2.0.2
2093 silly packumentCache full:https://registry.npmjs.org/is-weakmap cache-miss
2094 silly fetch manifest is-weakset@^2.0.3
2095 silly packumentCache full:https://registry.npmjs.org/is-weakset cache-miss
2096 http fetch GET 200 https://registry.npmjs.org/generator-function 37ms (cache miss)
2097 silly packumentCache full:https://registry.npmjs.org/generator-function set size:undefined disposed:false
2098 http fetch GET 200 https://registry.npmjs.org/is-weakset 45ms (cache miss)
2099 silly packumentCache full:https://registry.npmjs.org/is-weakset set size:undefined disposed:false
2100 http fetch GET 200 https://registry.npmjs.org/is-weakmap 45ms (cache miss)
2101 silly packumentCache full:https://registry.npmjs.org/is-weakmap set size:undefined disposed:false
2102 http fetch GET 200 https://registry.npmjs.org/is-map 47ms (cache miss)
2103 silly packumentCache full:https://registry.npmjs.org/is-map set size:undefined disposed:false
2104 http fetch GET 200 https://registry.npmjs.org/async-function 49ms (cache miss)
2105 silly packumentCache full:https://registry.npmjs.org/async-function set size:undefined disposed:false
2106 silly placeDep ROOT async-function@1.0.0 OK for: is-async-function@2.1.1 want: ^1.0.0
2107 silly placeDep ROOT generator-function@2.0.1 OK for: is-generator-function@1.1.2 want: ^2.0.0
2108 silly placeDep ROOT is-map@2.0.3 OK for: which-collection@1.0.2 want: ^2.0.3
2109 silly placeDep ROOT is-weakmap@2.0.2 OK for: which-collection@1.0.2 want: ^2.0.2
2110 silly placeDep ROOT is-weakset@2.0.4 OK for: which-collection@1.0.2 want: ^2.0.3
2111 silly placeDep node_modules/@typescript-eslint/typescript-estree brace-expansion@5.0.6 OK for: minimatch@10.2.5 want: ^5.0.5
2112 silly fetch manifest balanced-match@^4.0.2
2113 silly packumentCache full:https://registry.npmjs.org/balanced-match cache-miss
2114 http cache https://registry.npmjs.org/balanced-match 1ms (cache hit)
2115 silly packumentCache full:https://registry.npmjs.org/balanced-match set size:39082 disposed:false
2116 silly placeDep node_modules/@typescript-eslint/typescript-estree balanced-match@4.0.4 OK for: brace-expansion@5.0.6 want: ^4.0.2
2117 silly reify mark retired [ '/Users/jungsikbyun/Documents/뉴스피드/node_modules/postcss' ]
2118 silly reify moves {
2118 silly reify   '/Users/jungsikbyun/Documents/뉴스피드/node_modules/postcss': '/Users/jungsikbyun/Documents/뉴스피드/node_modules/.postcss-rEhcIR4X'
2118 silly reify }
2119 silly audit bulk request {
2119 silly audit   '@emnapi/runtime': [ '1.10.0' ],
2119 silly audit   '@img/colour': [ '1.1.0' ],
2119 silly audit   '@img/sharp-darwin-arm64': [ '0.34.5' ],
2119 silly audit   '@img/sharp-darwin-x64': [ '0.34.5' ],
2119 silly audit   '@img/sharp-libvips-darwin-arm64': [ '1.2.4' ],
2119 silly audit   '@img/sharp-libvips-darwin-x64': [ '1.2.4' ],
2119 silly audit   '@img/sharp-libvips-linux-arm': [ '1.2.4' ],
2119 silly audit   '@img/sharp-libvips-linux-arm64': [ '1.2.4' ],
2119 silly audit   '@img/sharp-libvips-linux-ppc64': [ '1.2.4' ],
2119 silly audit   '@img/sharp-libvips-linux-riscv64': [ '1.2.4' ],
2119 silly audit   '@img/sharp-libvips-linux-s390x': [ '1.2.4' ],
2119 silly audit   '@img/sharp-libvips-linux-x64': [ '1.2.4' ],
2119 silly audit   '@img/sharp-libvips-linuxmusl-arm64': [ '1.2.4' ],
2119 silly audit   '@img/sharp-libvips-linuxmusl-x64': [ '1.2.4' ],
2119 silly audit   '@img/sharp-linux-arm': [ '0.34.5' ],
2119 silly audit   '@img/sharp-linux-arm64': [ '0.34.5' ],
2119 silly audit   '@img/sharp-linux-ppc64': [ '0.34.5' ],
2119 silly audit   '@img/sharp-linux-riscv64': [ '0.34.5' ],
2119 silly audit   '@img/sharp-linux-s390x': [ '0.34.5' ],
2119 silly audit   '@img/sharp-linux-x64': [ '0.34.5' ],
2119 silly audit   '@img/sharp-linuxmusl-arm64': [ '0.34.5' ],
2119 silly audit   '@img/sharp-linuxmusl-x64': [ '0.34.5' ],
2119 silly audit   '@img/sharp-wasm32': [ '0.34.5' ],
2119 silly audit   '@img/sharp-win32-arm64': [ '0.34.5' ],
2119 silly audit   '@img/sharp-win32-ia32': [ '0.34.5' ],
2119 silly audit   '@img/sharp-win32-x64': [ '0.34.5' ],
2119 silly audit   '@next/env': [ '16.2.6' ],
2119 silly audit   '@next/swc-darwin-arm64': [ '16.2.6' ],
2119 silly audit   '@next/swc-darwin-x64': [ '16.2.6' ],
2119 silly audit   '@next/swc-linux-arm64-gnu': [ '16.2.6' ],
2119 silly audit   '@next/swc-linux-arm64-musl': [ '16.2.6' ],
2119 silly audit   '@next/swc-linux-x64-gnu': [ '16.2.6' ],
2119 silly audit   '@next/swc-linux-x64-musl': [ '16.2.6' ],
2119 silly audit   '@next/swc-win32-arm64-msvc': [ '16.2.6' ],
2119 silly audit   '@next/swc-win32-x64-msvc': [ '16.2.6' ],
2119 silly audit   '@swc/helpers': [ '0.5.15' ],
2119 silly audit   'baseline-browser-mapping': [ '2.10.33' ],
2119 silly audit   'caniuse-lite': [ '1.0.30001793' ],
2119 silly audit   'client-only': [ '0.0.1' ],
2119 silly audit   'detect-libc': [ '2.1.2' ],
2119 silly audit   nanoid: [ '3.3.12' ],
2119 silly audit   next: [ '16.2.6' ],
2119 silly audit   picocolors: [ '1.1.1' ],
2119 silly audit   react: [ '19.2.6' ],
2119 silly audit   'react-dom': [ '19.2.6' ],
2119 silly audit   scheduler: [ '0.27.0' ],
2119 silly audit   semver: [ '7.8.1', '6.3.1' ],
2119 silly audit   sharp: [ '0.34.5' ],
2119 silly audit   'source-map-js': [ '1.2.1' ],
2119 silly audit   'styled-jsx': [ '5.1.6' ],
2119 silly audit   tslib: [ '2.8.1' ],
2119 silly audit   '@types/node': [ '25.9.1' ],
2119 silly audit   '@types/react': [ '19.2.15' ],
2119 silly audit   '@types/react-dom': [ '19.2.3' ],
2119 silly audit   autoprefixer: [ '10.5.0' ],
2119 silly audit   'eslint-config-next': [ '16.2.6' ],
2119 silly audit   postcss: [ '8.5.15', '8.4.31' ],
2119 silly audit   tailwindcss: [ '4.3.0' ],
2119 silly audit   typescript: [ '6.0.3' ],
2119 silly audit   'undici-types': [ '7.24.6' ],
2119 silly audit   csstype: [ '3.2.3' ],
2119 silly audit   browserslist: [ '4.28.2' ],
2119 silly audit   'fraction.js': [ '5.3.4' ],
2119 silly audit   'postcss-value-parser': [ '4.2.0' ],
2119 silly audit   'electron-to-chromium': [ '1.5.364' ],
2119 silly audit   'node-releases': [ '2.0.46' ],
2119 silly audit   'update-browserslist-db': [ '1.2.3' ],
2119 silly audit   '@eslint-community/eslint-utils': [ '4.9.1' ],
2119 silly audit   '@eslint-community/regexpp': [ '4.12.2' ],
2119 silly audit   '@humanfs/node': [ '0.16.8' ],
2119 silly audit   '@humanwhocodes/module-importer': [ '1.0.1' ],
2119 silly audit   '@humanwhocodes/retry': [ '0.4.3' ],
2119 silly audit   ajv: [ '6.15.0' ],
2119 silly audit   'cross-spawn': [ '7.0.6' ],
2119 silly audit   debug: [ '4.4.3', '3.2.7' ],
2119 silly audit   'escape-string-regexp': [ '4.0.0' ],
2119 silly audit   'eslint-visitor-keys': [ '3.4.3', '4.2.1', '5.0.1' ],
2119 silly audit   esquery: [ '1.7.0' ],
2119 silly audit   esutils: [ '2.0.3' ],
2119 silly audit   'fast-deep-equal': [ '3.1.3' ],
2119 silly audit   'file-entry-cache': [ '8.0.0' ],
2119 silly audit   'find-up': [ '5.0.0' ],
2119 silly audit   'glob-parent': [ '6.0.2', '5.1.2' ],
2119 silly audit   ignore: [ '5.3.2', '7.0.5' ],
2119 silly audit   imurmurhash: [ '0.1.4' ],
2119 silly audit   'is-glob': [ '4.0.3' ],
2119 silly audit   'json-stable-stringify-without-jsonify': [ '1.0.1' ],
2119 silly audit   'natural-compare': [ '1.4.0' ],
2119 silly audit   optionator: [ '0.9.4' ],
2119 silly audit   levn: [ '0.4.1' ],
2119 silly audit   '@humanfs/core': [ '0.19.2' ],
2119 silly audit   '@humanfs/types': [ '0.15.0' ],
2119 silly audit   'fast-json-stable-stringify': [ '2.1.0' ],
2119 silly audit   'json-schema-traverse': [ '0.4.1' ],
2119 silly audit   'uri-js': [ '4.4.1' ],
2119 silly audit   'path-key': [ '3.1.1' ],
2119 silly audit   'shebang-command': [ '2.0.0' ],
2119 silly audit   which: [ '2.0.2' ],
2119 silly audit   ms: [ '2.1.3' ],
2119 silly audit   '@next/eslint-plugin-next': [ '16.2.6' ],
2119 silly audit   'eslint-import-resolver-node': [ '0.3.10' ],
2119 silly audit   'eslint-import-resolver-typescript': [ '3.10.1' ],
2119 silly audit   'eslint-plugin-import': [ '2.32.0' ],
2119 silly audit   eslint: [ '9.39.4' ],
2119 silly audit   'eslint-plugin-jsx-a11y': [ '6.10.2' ],
2119 silly audit   'eslint-plugin-react': [ '7.37.5' ],
2119 silly audit   'eslint-plugin-react-hooks': [ '7.1.1' ],
2119 silly audit   globals: [ '16.4.0', '14.0.0' ],
2119 silly audit   'typescript-eslint': [ '8.60.0' ],
2119 silly audit   'fast-glob': [ '3.3.1' ],
2119 silly audit   '@eslint/config-array': [ '0.21.2' ],
2119 silly audit   '@eslint/config-helpers': [ '0.4.2' ],
2119 silly audit   '@eslint/core': [ '0.17.0' ],
2119 silly audit   '@eslint/eslintrc': [ '3.3.5' ],
2119 silly audit   '@eslint/js': [ '9.39.4' ],
2119 silly audit   '@eslint/plugin-kit': [ '0.4.1' ],
2119 silly audit   '@types/estree': [ '1.0.9' ],
2119 silly audit   chalk: [ '4.1.2' ],
2119 silly audit   'eslint-scope': [ '8.4.0' ],
2119 silly audit   espree: [ '10.4.0' ],
2119 silly audit   'lodash.merge': [ '4.6.2' ],
2119 silly audit   minimatch: [ '3.1.5', '10.2.5' ],
2119 silly audit   '@eslint/object-schema': [ '2.1.7' ],
2119 silly audit   '@types/json-schema': [ '7.0.15' ],
2119 silly audit   'import-fresh': [ '3.3.1' ],
2119 silly audit   'js-yaml': [ '4.1.1' ],
2119 silly audit   'strip-json-comments': [ '3.1.1' ],
2119 silly audit   'ansi-styles': [ '4.3.0' ],
2119 silly audit   'supports-color': [ '7.2.0' ],
2119 silly audit   'color-convert': [ '2.0.1' ],
2119 silly audit   'color-name': [ '1.1.4' ],
2119 silly audit   'is-core-module': [ '2.16.2' ],
2119 silly audit   resolve: [ '2.0.0-next.7' ],
2119 silly audit   '@nolyfill/is-core-module': [ '1.0.39' ],
2119 silly audit   'get-tsconfig': [ '4.14.0' ],
2119 silly audit   'is-bun-module': [ '2.0.0' ],
2119 silly audit   'stable-hash': [ '0.0.5' ],
2119 silly audit   tinyglobby: [ '0.2.17' ],
2119 silly audit   'unrs-resolver': [ '1.12.2' ],
2119 silly audit   '@rtsao/scc': [ '1.1.0' ],
2119 silly audit   'array-includes': [ '3.1.9' ],
2119 silly audit   'array.prototype.findlastindex': [ '1.2.6' ],
2119 silly audit   'array.prototype.flat': [ '1.3.3' ],
2119 silly audit   'array.prototype.flatmap': [ '1.3.3' ],
2119 silly audit   doctrine: [ '2.1.0' ],
2119 silly audit   'eslint-module-utils': [ '2.13.0' ],
2119 silly audit   hasown: [ '2.0.4' ],
2119 silly audit   'object.fromentries': [ '2.0.8' ],
2119 silly audit   'object.groupby': [ '1.0.3' ],
2119 silly audit   'object.values': [ '1.2.1' ],
2119 silly audit   'string.prototype.trimend': [ '1.0.9' ],
2119 silly audit   'tsconfig-paths': [ '3.15.0' ],
2119 silly audit   'call-bind': [ '1.0.9' ],
2119 silly audit   'call-bound': [ '1.0.4' ],
2119 silly audit   'define-properties': [ '1.2.1' ],
2119 silly audit   'es-abstract': [ '1.24.2' ],
2119 silly audit   'es-object-atoms': [ '1.1.2' ],
2119 silly audit   'get-intrinsic': [ '1.3.0' ],
2119 silly audit   'is-string': [ '1.1.1' ],
2119 silly audit   'math-intrinsics': [ '1.1.0' ],
2119 silly audit   'es-errors': [ '1.3.0' ],
2119 silly audit   'es-shim-unscopables': [ '1.1.0' ],
2119 silly audit   'call-bind-apply-helpers': [ '1.0.2' ],
2119 silly audit   'es-define-property': [ '1.0.1' ],
2119 silly audit   'set-function-length': [ '1.2.2' ],
2119 silly audit   'function-bind': [ '1.1.2' ],
2119 silly audit   'define-data-property': [ '1.1.4' ],
2119 silly audit   'has-property-descriptors': [ '1.0.2' ],
2119 silly audit   'object-keys': [ '1.1.1' ],
2119 silly audit   gopd: [ '1.2.0' ],
2119 silly audit   'array-buffer-byte-length': [ '1.0.2' ],
2119 silly audit   'arraybuffer.prototype.slice': [ '1.0.4' ],
2119 silly audit   'available-typed-arrays': [ '1.0.7' ],
2119 silly audit   'data-view-buffer': [ '1.0.2' ],
2119 silly audit   'data-view-byte-length': [ '1.0.2' ],
2119 silly audit   'data-view-byte-offset': [ '1.0.1' ],
2119 silly audit   'es-set-tostringtag': [ '2.1.0' ],
2119 silly audit   'es-to-primitive': [ '1.3.0' ],
2119 silly audit   'function.prototype.name': [ '1.1.8' ],
2119 silly audit   'get-proto': [ '1.0.1' ],
2119 silly audit   'get-symbol-description': [ '1.1.0' ],
2119 silly audit   globalthis: [ '1.0.4' ],
2119 silly audit   'has-proto': [ '1.2.0' ],
2119 silly audit   'has-symbols': [ '1.1.0' ],
2119 silly audit   'internal-slot': [ '1.1.0' ],
2119 silly audit   'is-array-buffer': [ '3.0.5' ],
2119 silly audit   'is-callable': [ '1.2.7' ],
2119 silly audit   'is-data-view': [ '1.0.2' ],
2119 silly audit   'is-negative-zero': [ '2.0.3' ],
2119 silly audit   'is-regex': [ '1.2.1' ],
2119 silly audit   'is-set': [ '2.0.3' ],
2119 silly audit   'is-shared-array-buffer': [ '1.0.4' ],
2119 silly audit   'is-typed-array': [ '1.1.15' ],
2119 silly audit   'is-weakref': [ '1.1.1' ],
2119 silly audit   'object-inspect': [ '1.13.4' ],
2119 silly audit   'object.assign': [ '4.1.7' ],
2119 silly audit   'own-keys': [ '1.0.1' ],
2119 silly audit   'regexp.prototype.flags': [ '1.5.4' ],
2119 silly audit   'safe-array-concat': [ '1.1.4' ],
2119 silly audit   'safe-push-apply': [ '1.0.0' ],
2119 silly audit   'safe-regex-test': [ '1.1.0' ],
2119 silly audit   'set-proto': [ '1.0.0' ],
2119 silly audit   'stop-iteration-iterator': [ '1.1.0' ],
2119 silly audit   'string.prototype.trim': [ '1.2.10' ],
2119 silly audit   'string.prototype.trimstart': [ '1.0.8' ],
2119 silly audit   'typed-array-buffer': [ '1.0.3' ],
2119 silly audit   'typed-array-byte-length': [ '1.0.3' ],
2119 silly audit   'typed-array-byte-offset': [ '1.0.4' ],
2119 silly audit   'typed-array-length': [ '1.0.8' ],
2119 silly audit   'unbox-primitive': [ '1.1.0' ],
2119 silly audit   'which-typed-array': [ '1.1.21' ],
2119 silly audit   'possible-typed-array-names': [ '1.1.0' ],
2119 silly audit   'has-tostringtag': [ '1.0.2' ],
2119 silly audit   'is-date-object': [ '1.1.0' ],
2119 silly audit   'is-symbol': [ '1.1.1' ],
2119 silly audit   'aria-query': [ '5.3.2' ],
2119 silly audit   'ast-types-flow': [ '0.0.8' ],
2119 silly audit   'axe-core': [ '4.11.4' ],
2119 silly audit   'axobject-query': [ '4.1.0' ],
2119 silly audit   'damerau-levenshtein': [ '1.0.8' ],
2119 silly audit   'emoji-regex': [ '9.2.2' ],
2119 silly audit   'jsx-ast-utils': [ '3.3.5' ],
2119 silly audit   'language-tags': [ '1.0.9' ],
2119 silly audit   'string.prototype.includes': [ '2.0.1' ],
2119 silly audit   'array.prototype.findlast': [ '1.2.5' ],
2119 silly audit   'array.prototype.tosorted': [ '1.1.4' ],
2119 silly audit   'es-iterator-helpers': [ '1.3.2' ],
2119 silly audit   estraverse: [ '5.3.0' ],
2119 silly audit   'object.entries': [ '1.1.9' ],
2119 silly audit   'prop-types': [ '15.8.1' ],
2119 silly audit   'string.prototype.matchall': [ '4.0.12' ],
2119 silly audit   'string.prototype.repeat': [ '1.0.0' ],
2119 silly audit   'iterator.prototype': [ '1.1.5' ],
2119 silly audit   '@babel/core': [ '7.29.7' ],
2119 silly audit   '@babel/parser': [ '7.29.7' ],
2119 silly audit   'hermes-parser': [ '0.25.1' ],
2119 silly audit   zod: [ '4.4.3' ],
2119 silly audit   'zod-validation-error': [ '4.0.2' ],
2119 silly audit   '@babel/code-frame': [ '7.29.7' ],
2119 silly audit   '@babel/generator': [ '7.29.7' ],
2119 silly audit   '@babel/helper-compilation-targets': [ '7.29.7' ],
2119 silly audit   '@babel/helper-module-transforms': [ '7.29.7' ],
2119 silly audit   '@babel/helpers': [ '7.29.7' ],
2119 silly audit   '@babel/template': [ '7.29.7' ],
2119 silly audit   '@babel/traverse': [ '7.29.7' ],
2119 silly audit   '@babel/types': [ '7.29.7' ],
2119 silly audit   '@jridgewell/remapping': [ '2.3.5' ],
2119 silly audit   'convert-source-map': [ '2.0.0' ],
2119 silly audit   gensync: [ '1.0.0-beta.2' ],
2119 silly audit   json5: [ '2.2.3', '1.0.2' ],
2119 silly audit   '@babel/helper-validator-identifier': [ '7.29.7' ],
2119 silly audit   'js-tokens': [ '4.0.0' ],
2119 silly audit   '@jridgewell/gen-mapping': [ '0.3.13' ],
2119 silly audit   '@jridgewell/trace-mapping': [ '0.3.31' ],
2119 silly audit   jsesc: [ '3.1.0' ],
2119 silly audit   '@babel/compat-data': [ '7.29.7' ],
2119 silly audit   '@babel/helper-validator-option': [ '7.29.7' ],
2119 silly audit   'lru-cache': [ '5.1.1' ],
2119 silly audit   '@babel/helper-module-imports': [ '7.29.7' ],
2119 silly audit   '@babel/helper-globals': [ '7.29.7' ],
2119 silly audit   '@babel/helper-string-parser': [ '7.29.7' ],
2119 silly audit   '@jridgewell/sourcemap-codec': [ '1.5.5' ],
2119 silly audit   '@jridgewell/resolve-uri': [ '3.1.2' ],
2119 silly audit   esrecurse: [ '4.3.0' ],
2119 silly audit   acorn: [ '8.16.0' ],
2119 silly audit   'acorn-jsx': [ '5.3.2' ],
2119 silly audit   '@nodelib/fs.stat': [ '2.0.5' ],
2119 silly audit   '@nodelib/fs.walk': [ '1.2.8' ],
2119 silly audit   merge2: [ '1.4.1' ],
2119 silly audit   micromatch: [ '4.0.8' ],
2119 silly audit   '@nodelib/fs.scandir': [ '2.1.5' ],
2119 silly audit   fastq: [ '1.20.1' ],
2119 silly audit   'run-parallel': [ '1.2.0' ],
2119 silly audit   reusify: [ '1.1.0' ],
2119 silly audit   'flat-cache': [ '4.0.1' ],
2119 silly audit   'locate-path': [ '6.0.0' ],
2119 silly audit   'path-exists': [ '4.0.0' ],
2119 silly audit   flatted: [ '3.4.2' ],
2119 silly audit   keyv: [ '4.5.4' ],
2119 silly audit   'functions-have-names': [ '1.2.3' ],
2119 silly audit   'dunder-proto': [ '1.0.1' ],
2119 silly audit   'resolve-pkg-maps': [ '1.0.0' ],
2119 silly audit   'hermes-estree': [ '0.25.1' ],
2119 silly audit   'parent-module': [ '1.0.1' ],
2119 silly audit   'resolve-from': [ '4.0.0' ],
2119 silly audit   'side-channel': [ '1.1.0' ],
2119 silly audit   'is-extglob': [ '2.1.1' ],
2119 silly audit   'set-function-name': [ '2.0.2' ],
2119 silly audit   argparse: [ '2.0.1' ],
2119 silly audit   'json-buffer': [ '3.0.1' ],
2119 silly audit   'language-subtag-registry': [ '0.3.23' ],
2119 silly audit   'prelude-ls': [ '1.2.1' ],
2119 silly audit   'type-check': [ '0.4.0' ],
2119 silly audit   'p-locate': [ '5.0.0' ],
2119 silly audit   yallist: [ '3.1.1' ],
2119 silly audit   braces: [ '3.0.3' ],
2119 silly audit   picomatch: [ '2.3.2', '4.0.4' ],
2119 silly audit   'fill-range': [ '7.1.1' ],
2119 silly audit   'to-regex-range': [ '5.0.1' ],
2119 silly audit   'brace-expansion': [ '1.1.15', '5.0.6' ],
2119 silly audit   'balanced-match': [ '1.0.2', '4.0.4' ],
2119 silly audit   'concat-map': [ '0.0.1' ],
2119 silly audit   'deep-is': [ '0.1.4' ],
2119 silly audit   'fast-levenshtein': [ '2.0.6' ],
2119 silly audit   'word-wrap': [ '1.2.5' ],
2119 silly audit   'p-limit': [ '3.1.0' ],
2119 silly audit   'yocto-queue': [ '0.1.0' ],
2119 silly audit   callsites: [ '3.1.0' ],
2119 silly audit   'loose-envify': [ '1.4.0' ],
2119 silly audit   'object-assign': [ '4.1.1' ],
2119 silly audit   'react-is': [ '16.13.1' ],
2119 silly audit   'node-exports-info': [ '1.6.0' ],
2119 silly audit   'path-parse': [ '1.0.7' ],
2119 silly audit   'supports-preserve-symlinks-flag': [ '1.0.0' ],
2119 silly audit   'queue-microtask': [ '1.2.3' ],
2119 silly audit   isarray: [ '2.0.5' ],
2119 silly audit   'shebang-regex': [ '3.0.0' ],
2119 silly audit   'side-channel-list': [ '1.0.1' ],
2119 silly audit   'side-channel-map': [ '1.0.1' ],
2119 silly audit   'side-channel-weakmap': [ '1.0.2' ],
2119 silly audit   'has-flag': [ '4.0.0' ],
2119 silly audit   fdir: [ '6.5.0' ],
2119 silly audit   'is-number': [ '7.0.0' ],
2119 silly audit   '@types/json5': [ '0.0.29' ],
2119 silly audit   minimist: [ '1.2.8' ],
2119 silly audit   'strip-bom': [ '3.0.0' ],
2119 silly audit   'for-each': [ '0.3.5' ],
2119 silly audit   'reflect.getprototypeof': [ '1.0.10' ],
2119 silly audit   'which-builtin-type': [ '1.2.1' ],
2119 silly audit   '@typescript-eslint/eslint-plugin': [ '8.60.0' ],
2119 silly audit   '@typescript-eslint/parser': [ '8.60.0' ],
2119 silly audit   '@typescript-eslint/typescript-estree': [ '8.60.0' ],
2119 silly audit   '@typescript-eslint/utils': [ '8.60.0' ],
2119 silly audit   '@typescript-eslint/scope-manager': [ '8.60.0' ],
2119 silly audit   '@typescript-eslint/type-utils': [ '8.60.0' ],
2119 silly audit   '@typescript-eslint/visitor-keys': [ '8.60.0' ],
2119 silly audit   'ts-api-utils': [ '2.5.0' ],
2119 silly audit   '@typescript-eslint/types': [ '8.60.0' ],
2119 silly audit   '@typescript-eslint/project-service': [ '8.60.0' ],
2119 silly audit   '@typescript-eslint/tsconfig-utils': [ '8.60.0' ],
2119 silly audit   'has-bigints': [ '1.1.0' ],
2119 silly audit   'which-boxed-primitive': [ '1.1.1' ],
2119 silly audit   '@unrs/resolver-binding-android-arm-eabi': [ '1.12.2' ],
2119 silly audit   '@unrs/resolver-binding-android-arm64': [ '1.12.2' ],
2119 silly audit   '@unrs/resolver-binding-darwin-arm64': [ '1.12.2' ],
2119 silly audit   '@unrs/resolver-binding-darwin-x64': [ '1.12.2' ],
2119 silly audit   '@unrs/resolver-binding-freebsd-x64': [ '1.12.2' ],
2119 silly audit   '@unrs/resolver-binding-linux-arm-gnueabihf': [ '1.12.2' ],
2119 silly audit   '@unrs/resolver-binding-linux-arm-musleabihf': [ '1.12.2' ],
2119 silly audit   '@unrs/resolver-binding-linux-arm64-gnu': [ '1.12.2' ],
2119 silly audit   '@unrs/resolver-binding-linux-arm64-musl': [ '1.12.2' ],
2119 silly audit   '@unrs/resolver-binding-linux-loong64-gnu': [ '1.12.2' ],
2119 silly audit   '@unrs/resolver-binding-linux-loong64-musl': [ '1.12.2' ],
2119 silly audit   '@unrs/resolver-binding-linux-ppc64-gnu': [ '1.12.2' ],
2119 silly audit   '@unrs/resolver-binding-linux-riscv64-gnu': [ '1.12.2' ],
2119 silly audit   '@unrs/resolver-binding-linux-riscv64-musl': [ '1.12.2' ],
2119 silly audit   '@unrs/resolver-binding-linux-s390x-gnu': [ '1.12.2' ],
2119 silly audit   '@unrs/resolver-binding-linux-x64-gnu': [ '1.12.2' ],
2119 silly audit   '@unrs/resolver-binding-linux-x64-musl': [ '1.12.2' ],
2119 silly audit   '@unrs/resolver-binding-openharmony-arm64': [ '1.12.2' ],
2119 silly audit   '@unrs/resolver-binding-wasm32-wasi': [ '1.12.2' ],
2119 silly audit   '@unrs/resolver-binding-win32-arm64-msvc': [ '1.12.2' ],
2119 silly audit   '@unrs/resolver-binding-win32-ia32-msvc': [ '1.12.2' ],
2119 silly audit   '@unrs/resolver-binding-win32-x64-msvc': [ '1.12.2' ],
2119 silly audit   'napi-postinstall': [ '0.3.4' ],
2119 silly audit   '@emnapi/core': [ '1.10.0' ],
2119 silly audit   '@napi-rs/wasm-runtime': [ '1.1.4' ],
2119 silly audit   '@emnapi/wasi-threads': [ '1.2.1' ],
2119 silly audit   '@tybys/wasm-util': [ '0.10.2' ],
2119 silly audit   escalade: [ '3.2.0' ],
2119 silly audit   punycode: [ '2.3.1' ],
2119 silly audit   isexe: [ '2.0.0' ],
2119 silly audit   'is-bigint': [ '1.1.0' ],
2119 silly audit   'is-boolean-object': [ '1.2.2' ],
2119 silly audit   'is-number-object': [ '1.1.1' ],
2119 silly audit   'is-async-function': [ '2.1.1' ],
2119 silly audit   'is-finalizationregistry': [ '1.1.1' ],
2119 silly audit   'is-generator-function': [ '1.1.2' ],
2119 silly audit   'which-collection': [ '1.0.2' ],
2119 silly audit   'async-function': [ '1.0.0' ],
2119 silly audit   'generator-function': [ '2.0.1' ],
2119 silly audit   'is-map': [ '2.0.3' ],
2119 silly audit   'is-weakmap': [ '2.0.2' ],
2119 silly audit   'is-weakset': [ '2.0.4' ]
2119 silly audit }
2120 verbose reify failed optional dependency /Users/jungsikbyun/Documents/뉴스피드/node_modules/@unrs/resolver-binding-win32-x64-msvc
2121 silly reify mark deleted [
2121 silly reify   '/Users/jungsikbyun/Documents/뉴스피드/node_modules/@unrs/resolver-binding-win32-x64-msvc'
2121 silly reify ]
2122 verbose reify failed optional dependency /Users/jungsikbyun/Documents/뉴스피드/node_modules/@unrs/resolver-binding-win32-ia32-msvc
2123 silly reify mark deleted [
2123 silly reify   '/Users/jungsikbyun/Documents/뉴스피드/node_modules/@unrs/resolver-binding-win32-ia32-msvc'
2123 silly reify ]
2124 verbose reify failed optional dependency /Users/jungsikbyun/Documents/뉴스피드/node_modules/@unrs/resolver-binding-win32-arm64-msvc
2125 silly reify mark deleted [
2125 silly reify   '/Users/jungsikbyun/Documents/뉴스피드/node_modules/@unrs/resolver-binding-win32-arm64-msvc'
2125 silly reify ]
2126 verbose reify failed optional dependency /Users/jungsikbyun/Documents/뉴스피드/node_modules/@unrs/resolver-binding-wasm32-wasi
2127 silly reify mark deleted [
2127 silly reify   '/Users/jungsikbyun/Documents/뉴스피드/node_modules/@unrs/resolver-binding-wasm32-wasi'
2127 silly reify ]
2128 verbose reify failed optional dependency /Users/jungsikbyun/Documents/뉴스피드/node_modules/@napi-rs/wasm-runtime
2129 silly reify mark deleted [
2129 silly reify   '/Users/jungsikbyun/Documents/뉴스피드/node_modules/@napi-rs/wasm-runtime'
2129 silly reify ]
2130 verbose reify failed optional dependency /Users/jungsikbyun/Documents/뉴스피드/node_modules/@emnapi/core
2131 silly reify mark deleted [ '/Users/jungsikbyun/Documents/뉴스피드/node_modules/@emnapi/core' ]
2132 verbose reify failed optional dependency /Users/jungsikbyun/Documents/뉴스피드/node_modules/@tybys/wasm-util
2133 silly reify mark deleted [
2133 silly reify   '/Users/jungsikbyun/Documents/뉴스피드/node_modules/@tybys/wasm-util'
2133 silly reify ]
2134 verbose reify failed optional dependency /Users/jungsikbyun/Documents/뉴스피드/node_modules/@emnapi/wasi-threads
2135 silly reify mark deleted [
2135 silly reify   '/Users/jungsikbyun/Documents/뉴스피드/node_modules/@emnapi/wasi-threads'
2135 silly reify ]
2136 verbose reify failed optional dependency /Users/jungsikbyun/Documents/뉴스피드/node_modules/@unrs/resolver-binding-openharmony-arm64
2137 silly reify mark deleted [
2137 silly reify   '/Users/jungsikbyun/Documents/뉴스피드/node_modules/@unrs/resolver-binding-openharmony-arm64'
2137 silly reify ]
2138 verbose reify failed optional dependency /Users/jungsikbyun/Documents/뉴스피드/node_modules/@unrs/resolver-binding-linux-x64-musl
2139 silly reify mark deleted [
2139 silly reify   '/Users/jungsikbyun/Documents/뉴스피드/node_modules/@unrs/resolver-binding-linux-x64-musl'
2139 silly reify ]
2140 verbose reify failed optional dependency /Users/jungsikbyun/Documents/뉴스피드/node_modules/@unrs/resolver-binding-linux-x64-gnu
2141 silly reify mark deleted [
2141 silly reify   '/Users/jungsikbyun/Documents/뉴스피드/node_modules/@unrs/resolver-binding-linux-x64-gnu'
2141 silly reify ]
2142 verbose reify failed optional dependency /Users/jungsikbyun/Documents/뉴스피드/node_modules/@unrs/resolver-binding-linux-s390x-gnu
2143 silly reify mark deleted [
2143 silly reify   '/Users/jungsikbyun/Documents/뉴스피드/node_modules/@unrs/resolver-binding-linux-s390x-gnu'
2143 silly reify ]
2144 verbose reify failed optional dependency /Users/jungsikbyun/Documents/뉴스피드/node_modules/@unrs/resolver-binding-linux-riscv64-musl
2145 silly reify mark deleted [
2145 silly reify   '/Users/jungsikbyun/Documents/뉴스피드/node_modules/@unrs/resolver-binding-linux-riscv64-musl'
2145 silly reify ]
2146 verbose reify failed optional dependency /Users/jungsikbyun/Documents/뉴스피드/node_modules/@unrs/resolver-binding-linux-riscv64-gnu
2147 silly reify mark deleted [
2147 silly reify   '/Users/jungsikbyun/Documents/뉴스피드/node_modules/@unrs/resolver-binding-linux-riscv64-gnu'
2147 silly reify ]
2148 verbose reify failed optional dependency /Users/jungsikbyun/Documents/뉴스피드/node_modules/@unrs/resolver-binding-linux-ppc64-gnu
2149 silly reify mark deleted [
2149 silly reify   '/Users/jungsikbyun/Documents/뉴스피드/node_modules/@unrs/resolver-binding-linux-ppc64-gnu'
2149 silly reify ]
2150 verbose reify failed optional dependency /Users/jungsikbyun/Documents/뉴스피드/node_modules/@unrs/resolver-binding-linux-loong64-musl
2151 silly reify mark deleted [
2151 silly reify   '/Users/jungsikbyun/Documents/뉴스피드/node_modules/@unrs/resolver-binding-linux-loong64-musl'
2151 silly reify ]
2152 verbose reify failed optional dependency /Users/jungsikbyun/Documents/뉴스피드/node_modules/@unrs/resolver-binding-linux-loong64-gnu
2153 silly reify mark deleted [
2153 silly reify   '/Users/jungsikbyun/Documents/뉴스피드/node_modules/@unrs/resolver-binding-linux-loong64-gnu'
2153 silly reify ]
2154 verbose reify failed optional dependency /Users/jungsikbyun/Documents/뉴스피드/node_modules/@unrs/resolver-binding-linux-arm64-musl
2155 silly reify mark deleted [
2155 silly reify   '/Users/jungsikbyun/Documents/뉴스피드/node_modules/@unrs/resolver-binding-linux-arm64-musl'
2155 silly reify ]
2156 verbose reify failed optional dependency /Users/jungsikbyun/Documents/뉴스피드/node_modules/@unrs/resolver-binding-linux-arm64-gnu
2157 silly reify mark deleted [
2157 silly reify   '/Users/jungsikbyun/Documents/뉴스피드/node_modules/@unrs/resolver-binding-linux-arm64-gnu'
2157 silly reify ]
2158 verbose reify failed optional dependency /Users/jungsikbyun/Documents/뉴스피드/node_modules/@unrs/resolver-binding-linux-arm-musleabihf
2159 silly reify mark deleted [
2159 silly reify   '/Users/jungsikbyun/Documents/뉴스피드/node_modules/@unrs/resolver-binding-linux-arm-musleabihf'
2159 silly reify ]
2160 verbose reify failed optional dependency /Users/jungsikbyun/Documents/뉴스피드/node_modules/@unrs/resolver-binding-linux-arm-gnueabihf
2161 silly reify mark deleted [
2161 silly reify   '/Users/jungsikbyun/Documents/뉴스피드/node_modules/@unrs/resolver-binding-linux-arm-gnueabihf'
2161 silly reify ]
2162 verbose reify failed optional dependency /Users/jungsikbyun/Documents/뉴스피드/node_modules/@unrs/resolver-binding-freebsd-x64
2163 silly reify mark deleted [
2163 silly reify   '/Users/jungsikbyun/Documents/뉴스피드/node_modules/@unrs/resolver-binding-freebsd-x64'
2163 silly reify ]
2164 verbose reify failed optional dependency /Users/jungsikbyun/Documents/뉴스피드/node_modules/@unrs/resolver-binding-darwin-x64
2165 silly reify mark deleted [
2165 silly reify   '/Users/jungsikbyun/Documents/뉴스피드/node_modules/@unrs/resolver-binding-darwin-x64'
2165 silly reify ]
2166 verbose reify failed optional dependency /Users/jungsikbyun/Documents/뉴스피드/node_modules/@unrs/resolver-binding-android-arm64
2167 silly reify mark deleted [
2167 silly reify   '/Users/jungsikbyun/Documents/뉴스피드/node_modules/@unrs/resolver-binding-android-arm64'
2167 silly reify ]
2168 verbose reify failed optional dependency /Users/jungsikbyun/Documents/뉴스피드/node_modules/@unrs/resolver-binding-android-arm-eabi
2169 silly reify mark deleted [
2169 silly reify   '/Users/jungsikbyun/Documents/뉴스피드/node_modules/@unrs/resolver-binding-android-arm-eabi'
2169 silly reify ]
2170 verbose reify failed optional dependency /Users/jungsikbyun/Documents/뉴스피드/node_modules/@next/swc-win32-x64-msvc
2171 silly reify mark deleted [
2171 silly reify   '/Users/jungsikbyun/Documents/뉴스피드/node_modules/@next/swc-win32-x64-msvc'
2171 silly reify ]
2172 verbose reify failed optional dependency /Users/jungsikbyun/Documents/뉴스피드/node_modules/@next/swc-win32-arm64-msvc
2173 silly reify mark deleted [
2173 silly reify   '/Users/jungsikbyun/Documents/뉴스피드/node_modules/@next/swc-win32-arm64-msvc'
2173 silly reify ]
2174 verbose reify failed optional dependency /Users/jungsikbyun/Documents/뉴스피드/node_modules/@next/swc-linux-x64-musl
2175 silly reify mark deleted [
2175 silly reify   '/Users/jungsikbyun/Documents/뉴스피드/node_modules/@next/swc-linux-x64-musl'
2175 silly reify ]
2176 verbose reify failed optional dependency /Users/jungsikbyun/Documents/뉴스피드/node_modules/@next/swc-linux-x64-gnu
2177 silly reify mark deleted [
2177 silly reify   '/Users/jungsikbyun/Documents/뉴스피드/node_modules/@next/swc-linux-x64-gnu'
2177 silly reify ]
2178 verbose reify failed optional dependency /Users/jungsikbyun/Documents/뉴스피드/node_modules/@next/swc-linux-arm64-musl
2179 silly reify mark deleted [
2179 silly reify   '/Users/jungsikbyun/Documents/뉴스피드/node_modules/@next/swc-linux-arm64-musl'
2179 silly reify ]
2180 verbose reify failed optional dependency /Users/jungsikbyun/Documents/뉴스피드/node_modules/@next/swc-linux-arm64-gnu
2181 silly reify mark deleted [
2181 silly reify   '/Users/jungsikbyun/Documents/뉴스피드/node_modules/@next/swc-linux-arm64-gnu'
2181 silly reify ]
2182 verbose reify failed optional dependency /Users/jungsikbyun/Documents/뉴스피드/node_modules/@next/swc-darwin-x64
2183 silly reify mark deleted [
2183 silly reify   '/Users/jungsikbyun/Documents/뉴스피드/node_modules/@next/swc-darwin-x64'
2183 silly reify ]
2184 verbose reify failed optional dependency /Users/jungsikbyun/Documents/뉴스피드/node_modules/@img/sharp-win32-x64
2185 silly reify mark deleted [
2185 silly reify   '/Users/jungsikbyun/Documents/뉴스피드/node_modules/@img/sharp-win32-x64'
2185 silly reify ]
2186 verbose reify failed optional dependency /Users/jungsikbyun/Documents/뉴스피드/node_modules/@img/sharp-win32-ia32
2187 silly reify mark deleted [
2187 silly reify   '/Users/jungsikbyun/Documents/뉴스피드/node_modules/@img/sharp-win32-ia32'
2187 silly reify ]
2188 verbose reify failed optional dependency /Users/jungsikbyun/Documents/뉴스피드/node_modules/@img/sharp-win32-arm64
2189 silly reify mark deleted [
2189 silly reify   '/Users/jungsikbyun/Documents/뉴스피드/node_modules/@img/sharp-win32-arm64'
2189 silly reify ]
2190 verbose reify failed optional dependency /Users/jungsikbyun/Documents/뉴스피드/node_modules/@img/sharp-wasm32
2191 silly reify mark deleted [
2191 silly reify   '/Users/jungsikbyun/Documents/뉴스피드/node_modules/@img/sharp-wasm32'
2191 silly reify ]
2192 verbose reify failed optional dependency /Users/jungsikbyun/Documents/뉴스피드/node_modules/@img/sharp-linuxmusl-x64
2193 silly reify mark deleted [
2193 silly reify   '/Users/jungsikbyun/Documents/뉴스피드/node_modules/@img/sharp-linuxmusl-x64'
2193 silly reify ]
2194 verbose reify failed optional dependency /Users/jungsikbyun/Documents/뉴스피드/node_modules/@img/sharp-linuxmusl-arm64
2195 silly reify mark deleted [
2195 silly reify   '/Users/jungsikbyun/Documents/뉴스피드/node_modules/@img/sharp-linuxmusl-arm64'
2195 silly reify ]
2196 verbose reify failed optional dependency /Users/jungsikbyun/Documents/뉴스피드/node_modules/@img/sharp-linux-x64
2197 silly reify mark deleted [
2197 silly reify   '/Users/jungsikbyun/Documents/뉴스피드/node_modules/@img/sharp-linux-x64'
2197 silly reify ]
2198 verbose reify failed optional dependency /Users/jungsikbyun/Documents/뉴스피드/node_modules/@img/sharp-linux-s390x
2199 silly reify mark deleted [
2199 silly reify   '/Users/jungsikbyun/Documents/뉴스피드/node_modules/@img/sharp-linux-s390x'
2199 silly reify ]
2200 verbose reify failed optional dependency /Users/jungsikbyun/Documents/뉴스피드/node_modules/@img/sharp-linux-riscv64
2201 silly reify mark deleted [
2201 silly reify   '/Users/jungsikbyun/Documents/뉴스피드/node_modules/@img/sharp-linux-riscv64'
2201 silly reify ]
2202 verbose reify failed optional dependency /Users/jungsikbyun/Documents/뉴스피드/node_modules/@img/sharp-linux-ppc64
2203 silly reify mark deleted [
2203 silly reify   '/Users/jungsikbyun/Documents/뉴스피드/node_modules/@img/sharp-linux-ppc64'
2203 silly reify ]
2204 verbose reify failed optional dependency /Users/jungsikbyun/Documents/뉴스피드/node_modules/@img/sharp-linux-arm64
2205 silly reify mark deleted [
2205 silly reify   '/Users/jungsikbyun/Documents/뉴스피드/node_modules/@img/sharp-linux-arm64'
2205 silly reify ]
2206 verbose reify failed optional dependency /Users/jungsikbyun/Documents/뉴스피드/node_modules/@img/sharp-linux-arm
2207 silly reify mark deleted [
2207 silly reify   '/Users/jungsikbyun/Documents/뉴스피드/node_modules/@img/sharp-linux-arm'
2207 silly reify ]
2208 verbose reify failed optional dependency /Users/jungsikbyun/Documents/뉴스피드/node_modules/@img/sharp-libvips-linuxmusl-x64
2209 silly reify mark deleted [
2209 silly reify   '/Users/jungsikbyun/Documents/뉴스피드/node_modules/@img/sharp-libvips-linuxmusl-x64'
2209 silly reify ]
2210 verbose reify failed optional dependency /Users/jungsikbyun/Documents/뉴스피드/node_modules/@img/sharp-libvips-linuxmusl-arm64
2211 silly reify mark deleted [
2211 silly reify   '/Users/jungsikbyun/Documents/뉴스피드/node_modules/@img/sharp-libvips-linuxmusl-arm64'
2211 silly reify ]
2212 verbose reify failed optional dependency /Users/jungsikbyun/Documents/뉴스피드/node_modules/@img/sharp-libvips-linux-x64
2213 silly reify mark deleted [
2213 silly reify   '/Users/jungsikbyun/Documents/뉴스피드/node_modules/@img/sharp-libvips-linux-x64'
2213 silly reify ]
2214 verbose reify failed optional dependency /Users/jungsikbyun/Documents/뉴스피드/node_modules/@img/sharp-libvips-linux-s390x
2215 silly reify mark deleted [
2215 silly reify   '/Users/jungsikbyun/Documents/뉴스피드/node_modules/@img/sharp-libvips-linux-s390x'
2215 silly reify ]
2216 verbose reify failed optional dependency /Users/jungsikbyun/Documents/뉴스피드/node_modules/@img/sharp-libvips-linux-riscv64
2217 silly reify mark deleted [
2217 silly reify   '/Users/jungsikbyun/Documents/뉴스피드/node_modules/@img/sharp-libvips-linux-riscv64'
2217 silly reify ]
2218 verbose reify failed optional dependency /Users/jungsikbyun/Documents/뉴스피드/node_modules/@img/sharp-libvips-linux-ppc64
2219 silly reify mark deleted [
2219 silly reify   '/Users/jungsikbyun/Documents/뉴스피드/node_modules/@img/sharp-libvips-linux-ppc64'
2219 silly reify ]
2220 verbose reify failed optional dependency /Users/jungsikbyun/Documents/뉴스피드/node_modules/@img/sharp-libvips-linux-arm64
2221 silly reify mark deleted [
2221 silly reify   '/Users/jungsikbyun/Documents/뉴스피드/node_modules/@img/sharp-libvips-linux-arm64'
2221 silly reify ]
2222 verbose reify failed optional dependency /Users/jungsikbyun/Documents/뉴스피드/node_modules/@img/sharp-libvips-linux-arm
2223 silly reify mark deleted [
2223 silly reify   '/Users/jungsikbyun/Documents/뉴스피드/node_modules/@img/sharp-libvips-linux-arm'
2223 silly reify ]
2224 verbose reify failed optional dependency /Users/jungsikbyun/Documents/뉴스피드/node_modules/@img/sharp-libvips-darwin-x64
2225 silly reify mark deleted [
2225 silly reify   '/Users/jungsikbyun/Documents/뉴스피드/node_modules/@img/sharp-libvips-darwin-x64'
2225 silly reify ]
2226 verbose reify failed optional dependency /Users/jungsikbyun/Documents/뉴스피드/node_modules/@img/sharp-darwin-x64
2227 silly reify mark deleted [
2227 silly reify   '/Users/jungsikbyun/Documents/뉴스피드/node_modules/@img/sharp-darwin-x64'
2227 silly reify ]
2228 http cache generator-function@https://registry.npmjs.org/generator-function/-/generator-function-2.0.1.tgz 0ms (cache hit)
2229 http cache is-map@https://registry.npmjs.org/is-map/-/is-map-2.0.3.tgz 0ms (cache hit)
2230 http cache is-weakmap@https://registry.npmjs.org/is-weakmap/-/is-weakmap-2.0.2.tgz 0ms (cache hit)
2231 http cache is-weakset@https://registry.npmjs.org/is-weakset/-/is-weakset-2.0.4.tgz 0ms (cache hit)
2232 http cache async-function@https://registry.npmjs.org/async-function/-/async-function-1.0.0.tgz 0ms (cache hit)
2233 http cache which-collection@https://registry.npmjs.org/which-collection/-/which-collection-1.0.2.tgz 0ms (cache hit)
2234 http cache is-generator-function@https://registry.npmjs.org/is-generator-function/-/is-generator-function-1.1.2.tgz 0ms (cache hit)
2235 http cache is-finalizationregistry@https://registry.npmjs.org/is-finalizationregistry/-/is-finalizationregistry-1.1.1.tgz 0ms (cache hit)
2236 http cache is-async-function@https://registry.npmjs.org/is-async-function/-/is-async-function-2.1.1.tgz 0ms (cache hit)
2237 http cache is-number-object@https://registry.npmjs.org/is-number-object/-/is-number-object-1.1.1.tgz 0ms (cache hit)
2238 http cache is-boolean-object@https://registry.npmjs.org/is-boolean-object/-/is-boolean-object-1.2.2.tgz 0ms (cache hit)
2239 http cache is-bigint@https://registry.npmjs.org/is-bigint/-/is-bigint-1.1.0.tgz 0ms (cache hit)
2240 http cache isexe@https://registry.npmjs.org/isexe/-/isexe-2.0.0.tgz 0ms (cache hit)
2241 http cache punycode@https://registry.npmjs.org/punycode/-/punycode-2.3.1.tgz 0ms (cache hit)
2242 http cache escalade@https://registry.npmjs.org/escalade/-/escalade-3.2.0.tgz 0ms (cache hit)
2243 http cache @tybys/wasm-util@https://registry.npmjs.org/@tybys/wasm-util/-/wasm-util-0.10.2.tgz 0ms (cache hit)
2244 http cache @emnapi/wasi-threads@https://registry.npmjs.org/@emnapi/wasi-threads/-/wasi-threads-1.2.1.tgz 0ms (cache hit)
2245 http cache @napi-rs/wasm-runtime@https://registry.npmjs.org/@napi-rs/wasm-runtime/-/wasm-runtime-1.1.4.tgz 0ms (cache hit)
2246 http cache @emnapi/core@https://registry.npmjs.org/@emnapi/core/-/core-1.10.0.tgz 0ms (cache hit)
2247 http cache napi-postinstall@https://registry.npmjs.org/napi-postinstall/-/napi-postinstall-0.3.4.tgz 0ms (cache hit)
2248 http cache @unrs/resolver-binding-darwin-arm64@https://registry.npmjs.org/@unrs/resolver-binding-darwin-arm64/-/resolver-binding-darwin-arm64-1.12.2.tgz 0ms (cache hit)
2249 http cache which-boxed-primitive@https://registry.npmjs.org/which-boxed-primitive/-/which-boxed-primitive-1.1.1.tgz 0ms (cache hit)
2250 http cache has-bigints@https://registry.npmjs.org/has-bigints/-/has-bigints-1.1.0.tgz 0ms (cache hit)
2251 http cache @typescript-eslint/tsconfig-utils@https://registry.npmjs.org/@typescript-eslint/tsconfig-utils/-/tsconfig-utils-8.60.0.tgz 0ms (cache hit)
2252 http cache @typescript-eslint/project-service@https://registry.npmjs.org/@typescript-eslint/project-service/-/project-service-8.60.0.tgz 0ms (cache hit)
2253 http cache @typescript-eslint/types@https://registry.npmjs.org/@typescript-eslint/types/-/types-8.60.0.tgz 0ms (cache hit)
2254 http cache ts-api-utils@https://registry.npmjs.org/ts-api-utils/-/ts-api-utils-2.5.0.tgz 0ms (cache hit)
2255 http cache eslint-visitor-keys@https://registry.npmjs.org/eslint-visitor-keys/-/eslint-visitor-keys-5.0.1.tgz 0ms (cache hit)
2256 http cache @typescript-eslint/type-utils@https://registry.npmjs.org/@typescript-eslint/type-utils/-/type-utils-8.60.0.tgz 0ms (cache hit)
2257 http cache @typescript-eslint/scope-manager@https://registry.npmjs.org/@typescript-eslint/scope-manager/-/scope-manager-8.60.0.tgz 0ms (cache hit)
2258 http cache @typescript-eslint/utils@https://registry.npmjs.org/@typescript-eslint/utils/-/utils-8.60.0.tgz 0ms (cache hit)
2259 http cache @typescript-eslint/visitor-keys@https://registry.npmjs.org/@typescript-eslint/visitor-keys/-/visitor-keys-8.60.0.tgz 0ms (cache hit)
2260 http cache @typescript-eslint/typescript-estree@https://registry.npmjs.org/@typescript-eslint/typescript-estree/-/typescript-estree-8.60.0.tgz 0ms (cache hit)
2261 http cache balanced-match@https://registry.npmjs.org/balanced-match/-/balanced-match-4.0.4.tgz 0ms (cache hit)
2262 http cache brace-expansion@https://registry.npmjs.org/brace-expansion/-/brace-expansion-5.0.6.tgz 0ms (cache hit)
2263 http cache minimatch@https://registry.npmjs.org/minimatch/-/minimatch-10.2.5.tgz 0ms (cache hit)
2264 http cache @typescript-eslint/parser@https://registry.npmjs.org/@typescript-eslint/parser/-/parser-8.60.0.tgz 0ms (cache hit)
2265 http cache @typescript-eslint/eslint-plugin@https://registry.npmjs.org/@typescript-eslint/eslint-plugin/-/eslint-plugin-8.60.0.tgz 0ms (cache hit)
2266 http cache ignore@https://registry.npmjs.org/ignore/-/ignore-7.0.5.tgz 0ms (cache hit)
2267 http cache which-builtin-type@https://registry.npmjs.org/which-builtin-type/-/which-builtin-type-1.2.1.tgz 0ms (cache hit)
2268 http cache reflect.getprototypeof@https://registry.npmjs.org/reflect.getprototypeof/-/reflect.getprototypeof-1.0.10.tgz 0ms (cache hit)
2269 http cache for-each@https://registry.npmjs.org/for-each/-/for-each-0.3.5.tgz 0ms (cache hit)
2270 http cache strip-bom@https://registry.npmjs.org/strip-bom/-/strip-bom-3.0.0.tgz 0ms (cache hit)
2271 http cache @types/json5@https://registry.npmjs.org/@types/json5/-/json5-0.0.29.tgz 0ms (cache hit)
2272 http cache minimist@https://registry.npmjs.org/minimist/-/minimist-1.2.8.tgz 0ms (cache hit)
2273 http cache is-number@https://registry.npmjs.org/is-number/-/is-number-7.0.0.tgz 0ms (cache hit)
2274 http cache side-channel-weakmap@https://registry.npmjs.org/side-channel-weakmap/-/side-channel-weakmap-1.0.2.tgz 0ms (cache hit)
2275 http cache has-flag@https://registry.npmjs.org/has-flag/-/has-flag-4.0.0.tgz 0ms (cache hit)
2276 http cache side-channel-map@https://registry.npmjs.org/side-channel-map/-/side-channel-map-1.0.1.tgz 0ms (cache hit)
2277 http cache shebang-regex@https://registry.npmjs.org/shebang-regex/-/shebang-regex-3.0.0.tgz 0ms (cache hit)
2278 http cache isarray@https://registry.npmjs.org/isarray/-/isarray-2.0.5.tgz 0ms (cache hit)
2279 http cache queue-microtask@https://registry.npmjs.org/queue-microtask/-/queue-microtask-1.2.3.tgz 0ms (cache hit)
2280 http cache supports-preserve-symlinks-flag@https://registry.npmjs.org/supports-preserve-symlinks-flag/-/supports-preserve-symlinks-flag-1.0.0.tgz 0ms (cache hit)
2281 http cache path-parse@https://registry.npmjs.org/path-parse/-/path-parse-1.0.7.tgz 0ms (cache hit)
2282 http cache node-exports-info@https://registry.npmjs.org/node-exports-info/-/node-exports-info-1.6.0.tgz 0ms (cache hit)
2283 http cache semver@https://registry.npmjs.org/semver/-/semver-6.3.1.tgz 0ms (cache hit)
2284 http cache react-is@https://registry.npmjs.org/react-is/-/react-is-16.13.1.tgz 0ms (cache hit)
2285 http cache object-assign@https://registry.npmjs.org/object-assign/-/object-assign-4.1.1.tgz 0ms (cache hit)
2286 http cache loose-envify@https://registry.npmjs.org/loose-envify/-/loose-envify-1.4.0.tgz 0ms (cache hit)
2287 http cache callsites@https://registry.npmjs.org/callsites/-/callsites-3.1.0.tgz 0ms (cache hit)
2288 http cache yocto-queue@https://registry.npmjs.org/yocto-queue/-/yocto-queue-0.1.0.tgz 0ms (cache hit)
2289 http cache side-channel-list@https://registry.npmjs.org/side-channel-list/-/side-channel-list-1.0.1.tgz 0ms (cache hit)
2290 http cache p-limit@https://registry.npmjs.org/p-limit/-/p-limit-3.1.0.tgz 0ms (cache hit)
2291 http cache word-wrap@https://registry.npmjs.org/word-wrap/-/word-wrap-1.2.5.tgz 0ms (cache hit)
2292 http cache fast-levenshtein@https://registry.npmjs.org/fast-levenshtein/-/fast-levenshtein-2.0.6.tgz 0ms (cache hit)
2293 http cache deep-is@https://registry.npmjs.org/deep-is/-/deep-is-0.1.4.tgz 0ms (cache hit)
2294 http cache concat-map@https://registry.npmjs.org/concat-map/-/concat-map-0.0.1.tgz 0ms (cache hit)
2295 http cache balanced-match@https://registry.npmjs.org/balanced-match/-/balanced-match-1.0.2.tgz 0ms (cache hit)
2296 http cache brace-expansion@https://registry.npmjs.org/brace-expansion/-/brace-expansion-1.1.15.tgz 0ms (cache hit)
2297 http cache to-regex-range@https://registry.npmjs.org/to-regex-range/-/to-regex-range-5.0.1.tgz 0ms (cache hit)
2298 http cache fill-range@https://registry.npmjs.org/fill-range/-/fill-range-7.1.1.tgz 0ms (cache hit)
2299 http cache braces@https://registry.npmjs.org/braces/-/braces-3.0.3.tgz 0ms (cache hit)
2300 http cache picomatch@https://registry.npmjs.org/picomatch/-/picomatch-2.3.2.tgz 0ms (cache hit)
2301 http cache yallist@https://registry.npmjs.org/yallist/-/yallist-3.1.1.tgz 0ms (cache hit)
2302 http cache p-locate@https://registry.npmjs.org/p-locate/-/p-locate-5.0.0.tgz 0ms (cache hit)
2303 http cache type-check@https://registry.npmjs.org/type-check/-/type-check-0.4.0.tgz 0ms (cache hit)
2304 http cache prelude-ls@https://registry.npmjs.org/prelude-ls/-/prelude-ls-1.2.1.tgz 0ms (cache hit)
2305 http cache language-subtag-registry@https://registry.npmjs.org/language-subtag-registry/-/language-subtag-registry-0.3.23.tgz 0ms (cache hit)
2306 http cache json-buffer@https://registry.npmjs.org/json-buffer/-/json-buffer-3.0.1.tgz 0ms (cache hit)
2307 http cache argparse@https://registry.npmjs.org/argparse/-/argparse-2.0.1.tgz 0ms (cache hit)
2308 http cache set-function-name@https://registry.npmjs.org/set-function-name/-/set-function-name-2.0.2.tgz 0ms (cache hit)
2309 http cache is-extglob@https://registry.npmjs.org/is-extglob/-/is-extglob-2.1.1.tgz 0ms (cache hit)
2310 http cache side-channel@https://registry.npmjs.org/side-channel/-/side-channel-1.1.0.tgz 0ms (cache hit)
2311 http cache resolve-from@https://registry.npmjs.org/resolve-from/-/resolve-from-4.0.0.tgz 0ms (cache hit)
2312 http cache parent-module@https://registry.npmjs.org/parent-module/-/parent-module-1.0.1.tgz 0ms (cache hit)
2313 http cache hermes-estree@https://registry.npmjs.org/hermes-estree/-/hermes-estree-0.25.1.tgz 0ms (cache hit)
2314 http cache resolve-pkg-maps@https://registry.npmjs.org/resolve-pkg-maps/-/resolve-pkg-maps-1.0.0.tgz 0ms (cache hit)
2315 http cache dunder-proto@https://registry.npmjs.org/dunder-proto/-/dunder-proto-1.0.1.tgz 0ms (cache hit)
2316 http cache functions-have-names@https://registry.npmjs.org/functions-have-names/-/functions-have-names-1.2.3.tgz 0ms (cache hit)
2317 http cache keyv@https://registry.npmjs.org/keyv/-/keyv-4.5.4.tgz 0ms (cache hit)
2318 http cache path-exists@https://registry.npmjs.org/path-exists/-/path-exists-4.0.0.tgz 0ms (cache hit)
2319 http cache locate-path@https://registry.npmjs.org/locate-path/-/locate-path-6.0.0.tgz 0ms (cache hit)
2320 http cache flat-cache@https://registry.npmjs.org/flat-cache/-/flat-cache-4.0.1.tgz 0ms (cache hit)
2321 http cache flatted@https://registry.npmjs.org/flatted/-/flatted-3.4.2.tgz 0ms (cache hit)
2322 http cache reusify@https://registry.npmjs.org/reusify/-/reusify-1.1.0.tgz 0ms (cache hit)
2323 http cache run-parallel@https://registry.npmjs.org/run-parallel/-/run-parallel-1.2.0.tgz 0ms (cache hit)
2324 http cache fastq@https://registry.npmjs.org/fastq/-/fastq-1.20.1.tgz 0ms (cache hit)
2325 http cache @nodelib/fs.scandir@https://registry.npmjs.org/@nodelib/fs.scandir/-/fs.scandir-2.1.5.tgz 0ms (cache hit)
2326 http cache micromatch@https://registry.npmjs.org/micromatch/-/micromatch-4.0.8.tgz 0ms (cache hit)
2327 http cache merge2@https://registry.npmjs.org/merge2/-/merge2-1.4.1.tgz 0ms (cache hit)
2328 http cache @nodelib/fs.walk@https://registry.npmjs.org/@nodelib/fs.walk/-/fs.walk-1.2.8.tgz 0ms (cache hit)
2329 http cache @nodelib/fs.stat@https://registry.npmjs.org/@nodelib/fs.stat/-/fs.stat-2.0.5.tgz 0ms (cache hit)
2330 http cache acorn-jsx@https://registry.npmjs.org/acorn-jsx/-/acorn-jsx-5.3.2.tgz 0ms (cache hit)
2331 http cache acorn@https://registry.npmjs.org/acorn/-/acorn-8.16.0.tgz 0ms (cache hit)
2332 http cache esrecurse@https://registry.npmjs.org/esrecurse/-/esrecurse-4.3.0.tgz 0ms (cache hit)
2333 http cache @jridgewell/resolve-uri@https://registry.npmjs.org/@jridgewell/resolve-uri/-/resolve-uri-3.1.2.tgz 0ms (cache hit)
2334 http cache @jridgewell/sourcemap-codec@https://registry.npmjs.org/@jridgewell/sourcemap-codec/-/sourcemap-codec-1.5.5.tgz 0ms (cache hit)
2335 http cache @babel/helper-string-parser@https://registry.npmjs.org/@babel/helper-string-parser/-/helper-string-parser-7.29.7.tgz 0ms (cache hit)
2336 http cache @babel/helper-globals@https://registry.npmjs.org/@babel/helper-globals/-/helper-globals-7.29.7.tgz 0ms (cache hit)
2337 http cache @babel/helper-module-imports@https://registry.npmjs.org/@babel/helper-module-imports/-/helper-module-imports-7.29.7.tgz 0ms (cache hit)
2338 http cache lru-cache@https://registry.npmjs.org/lru-cache/-/lru-cache-5.1.1.tgz 0ms (cache hit)
2339 http cache @babel/helper-validator-option@https://registry.npmjs.org/@babel/helper-validator-option/-/helper-validator-option-7.29.7.tgz 0ms (cache hit)
2340 http cache @babel/compat-data@https://registry.npmjs.org/@babel/compat-data/-/compat-data-7.29.7.tgz 0ms (cache hit)
2341 http cache jsesc@https://registry.npmjs.org/jsesc/-/jsesc-3.1.0.tgz 0ms (cache hit)
2342 http cache @jridgewell/trace-mapping@https://registry.npmjs.org/@jridgewell/trace-mapping/-/trace-mapping-0.3.31.tgz 0ms (cache hit)
2343 http cache @jridgewell/gen-mapping@https://registry.npmjs.org/@jridgewell/gen-mapping/-/gen-mapping-0.3.13.tgz 0ms (cache hit)
2344 http cache js-tokens@https://registry.npmjs.org/js-tokens/-/js-tokens-4.0.0.tgz 0ms (cache hit)
2345 http cache @babel/helper-validator-identifier@https://registry.npmjs.org/@babel/helper-validator-identifier/-/helper-validator-identifier-7.29.7.tgz 0ms (cache hit)
2346 http cache json5@https://registry.npmjs.org/json5/-/json5-2.2.3.tgz 0ms (cache hit)
2347 http cache gensync@https://registry.npmjs.org/gensync/-/gensync-1.0.0-beta.2.tgz 0ms (cache hit)
2348 http cache convert-source-map@https://registry.npmjs.org/convert-source-map/-/convert-source-map-2.0.0.tgz 0ms (cache hit)
2349 http cache @jridgewell/remapping@https://registry.npmjs.org/@jridgewell/remapping/-/remapping-2.3.5.tgz 0ms (cache hit)
2350 http cache @babel/types@https://registry.npmjs.org/@babel/types/-/types-7.29.7.tgz 0ms (cache hit)
2351 http cache @babel/traverse@https://registry.npmjs.org/@babel/traverse/-/traverse-7.29.7.tgz 0ms (cache hit)
2352 http cache @babel/template@https://registry.npmjs.org/@babel/template/-/template-7.29.7.tgz 0ms (cache hit)
2353 http cache @babel/helpers@https://registry.npmjs.org/@babel/helpers/-/helpers-7.29.7.tgz 0ms (cache hit)
2354 http cache @babel/helper-compilation-targets@https://registry.npmjs.org/@babel/helper-compilation-targets/-/helper-compilation-targets-7.29.7.tgz 0ms (cache hit)
2355 http cache semver@https://registry.npmjs.org/semver/-/semver-6.3.1.tgz 0ms (cache hit)
2356 http cache @babel/generator@https://registry.npmjs.org/@babel/generator/-/generator-7.29.7.tgz 0ms (cache hit)
2357 http cache @babel/code-frame@https://registry.npmjs.org/@babel/code-frame/-/code-frame-7.29.7.tgz 0ms (cache hit)
2358 http cache zod-validation-error@https://registry.npmjs.org/zod-validation-error/-/zod-validation-error-4.0.2.tgz 0ms (cache hit)
2359 http cache zod@https://registry.npmjs.org/zod/-/zod-4.4.3.tgz 0ms (cache hit)
2360 http cache hermes-parser@https://registry.npmjs.org/hermes-parser/-/hermes-parser-0.25.1.tgz 0ms (cache hit)
2361 http cache @babel/parser@https://registry.npmjs.org/@babel/parser/-/parser-7.29.7.tgz 0ms (cache hit)
2362 http cache @babel/helper-module-transforms@https://registry.npmjs.org/@babel/helper-module-transforms/-/helper-module-transforms-7.29.7.tgz 0ms (cache hit)
2363 http cache string.prototype.repeat@https://registry.npmjs.org/string.prototype.repeat/-/string.prototype.repeat-1.0.0.tgz 0ms (cache hit)
2364 http cache iterator.prototype@https://registry.npmjs.org/iterator.prototype/-/iterator.prototype-1.1.5.tgz 0ms (cache hit)
2365 http cache string.prototype.matchall@https://registry.npmjs.org/string.prototype.matchall/-/string.prototype.matchall-4.0.12.tgz 0ms (cache hit)
2366 http cache prop-types@https://registry.npmjs.org/prop-types/-/prop-types-15.8.1.tgz 0ms (cache hit)
2367 http cache object.entries@https://registry.npmjs.org/object.entries/-/object.entries-1.1.9.tgz 0ms (cache hit)
2368 http cache estraverse@https://registry.npmjs.org/estraverse/-/estraverse-5.3.0.tgz 0ms (cache hit)
2369 http cache es-iterator-helpers@https://registry.npmjs.org/es-iterator-helpers/-/es-iterator-helpers-1.3.2.tgz 0ms (cache hit)
2370 http cache array.prototype.tosorted@https://registry.npmjs.org/array.prototype.tosorted/-/array.prototype.tosorted-1.1.4.tgz 0ms (cache hit)
2371 http cache semver@https://registry.npmjs.org/semver/-/semver-6.3.1.tgz 0ms (cache hit)
2372 http cache string.prototype.includes@https://registry.npmjs.org/string.prototype.includes/-/string.prototype.includes-2.0.1.tgz 0ms (cache hit)
2373 http cache jsx-ast-utils@https://registry.npmjs.org/jsx-ast-utils/-/jsx-ast-utils-3.3.5.tgz 0ms (cache hit)
2374 http cache array.prototype.findlast@https://registry.npmjs.org/array.prototype.findlast/-/array.prototype.findlast-1.2.5.tgz 0ms (cache hit)
2375 http cache language-tags@https://registry.npmjs.org/language-tags/-/language-tags-1.0.9.tgz 0ms (cache hit)
2376 http cache @babel/core@https://registry.npmjs.org/@babel/core/-/core-7.29.7.tgz 0ms (cache hit)
2377 http cache damerau-levenshtein@https://registry.npmjs.org/damerau-levenshtein/-/damerau-levenshtein-1.0.8.tgz 0ms (cache hit)
2378 http cache axobject-query@https://registry.npmjs.org/axobject-query/-/axobject-query-4.1.0.tgz 0ms (cache hit)
2379 http cache emoji-regex@https://registry.npmjs.org/emoji-regex/-/emoji-regex-9.2.2.tgz 0ms (cache hit)
2380 http cache ast-types-flow@https://registry.npmjs.org/ast-types-flow/-/ast-types-flow-0.0.8.tgz 0ms (cache hit)
2381 http cache is-symbol@https://registry.npmjs.org/is-symbol/-/is-symbol-1.1.1.tgz 0ms (cache hit)
2382 http cache aria-query@https://registry.npmjs.org/aria-query/-/aria-query-5.3.2.tgz 0ms (cache hit)
2383 http cache is-date-object@https://registry.npmjs.org/is-date-object/-/is-date-object-1.1.0.tgz 0ms (cache hit)
2384 http cache has-tostringtag@https://registry.npmjs.org/has-tostringtag/-/has-tostringtag-1.0.2.tgz 0ms (cache hit)
2385 http cache possible-typed-array-names@https://registry.npmjs.org/possible-typed-array-names/-/possible-typed-array-names-1.1.0.tgz 0ms (cache hit)
2386 http cache which-typed-array@https://registry.npmjs.org/which-typed-array/-/which-typed-array-1.1.21.tgz 0ms (cache hit)
2387 http cache unbox-primitive@https://registry.npmjs.org/unbox-primitive/-/unbox-primitive-1.1.0.tgz 0ms (cache hit)
2388 http cache typed-array-length@https://registry.npmjs.org/typed-array-length/-/typed-array-length-1.0.8.tgz 0ms (cache hit)
2389 http cache typed-array-byte-offset@https://registry.npmjs.org/typed-array-byte-offset/-/typed-array-byte-offset-1.0.4.tgz 0ms (cache hit)
2390 http cache axe-core@https://registry.npmjs.org/axe-core/-/axe-core-4.11.4.tgz 0ms (cache hit)
2391 http cache typed-array-byte-length@https://registry.npmjs.org/typed-array-byte-length/-/typed-array-byte-length-1.0.3.tgz 0ms (cache hit)
2392 http cache typed-array-buffer@https://registry.npmjs.org/typed-array-buffer/-/typed-array-buffer-1.0.3.tgz 0ms (cache hit)
2393 http cache string.prototype.trimstart@https://registry.npmjs.org/string.prototype.trimstart/-/string.prototype.trimstart-1.0.8.tgz 0ms (cache hit)
2394 http cache string.prototype.trim@https://registry.npmjs.org/string.prototype.trim/-/string.prototype.trim-1.2.10.tgz 0ms (cache hit)
2395 http cache set-proto@https://registry.npmjs.org/set-proto/-/set-proto-1.0.0.tgz 0ms (cache hit)
2396 http cache safe-regex-test@https://registry.npmjs.org/safe-regex-test/-/safe-regex-test-1.1.0.tgz 0ms (cache hit)
2397 http cache safe-push-apply@https://registry.npmjs.org/safe-push-apply/-/safe-push-apply-1.0.0.tgz 0ms (cache hit)
2398 http cache safe-array-concat@https://registry.npmjs.org/safe-array-concat/-/safe-array-concat-1.1.4.tgz 0ms (cache hit)
2399 http cache regexp.prototype.flags@https://registry.npmjs.org/regexp.prototype.flags/-/regexp.prototype.flags-1.5.4.tgz 0ms (cache hit)
2400 http cache own-keys@https://registry.npmjs.org/own-keys/-/own-keys-1.0.1.tgz 0ms (cache hit)
2401 http cache object.assign@https://registry.npmjs.org/object.assign/-/object.assign-4.1.7.tgz 0ms (cache hit)
2402 http cache object-inspect@https://registry.npmjs.org/object-inspect/-/object-inspect-1.13.4.tgz 0ms (cache hit)
2403 http cache is-weakref@https://registry.npmjs.org/is-weakref/-/is-weakref-1.1.1.tgz 0ms (cache hit)
2404 http cache is-typed-array@https://registry.npmjs.org/is-typed-array/-/is-typed-array-1.1.15.tgz 0ms (cache hit)
2405 http cache is-shared-array-buffer@https://registry.npmjs.org/is-shared-array-buffer/-/is-shared-array-buffer-1.0.4.tgz 0ms (cache hit)
2406 http cache stop-iteration-iterator@https://registry.npmjs.org/stop-iteration-iterator/-/stop-iteration-iterator-1.1.0.tgz 0ms (cache hit)
2407 http cache is-set@https://registry.npmjs.org/is-set/-/is-set-2.0.3.tgz 0ms (cache hit)
2408 http cache is-regex@https://registry.npmjs.org/is-regex/-/is-regex-1.2.1.tgz 0ms (cache hit)
2409 http cache is-negative-zero@https://registry.npmjs.org/is-negative-zero/-/is-negative-zero-2.0.3.tgz 0ms (cache hit)
2410 http cache is-data-view@https://registry.npmjs.org/is-data-view/-/is-data-view-1.0.2.tgz 0ms (cache hit)
2411 http cache is-callable@https://registry.npmjs.org/is-callable/-/is-callable-1.2.7.tgz 0ms (cache hit)
2412 http cache is-array-buffer@https://registry.npmjs.org/is-array-buffer/-/is-array-buffer-3.0.5.tgz 0ms (cache hit)
2413 http cache internal-slot@https://registry.npmjs.org/internal-slot/-/internal-slot-1.1.0.tgz 0ms (cache hit)
2414 http cache has-symbols@https://registry.npmjs.org/has-symbols/-/has-symbols-1.1.0.tgz 0ms (cache hit)
2415 http cache has-proto@https://registry.npmjs.org/has-proto/-/has-proto-1.2.0.tgz 0ms (cache hit)
2416 http cache globalthis@https://registry.npmjs.org/globalthis/-/globalthis-1.0.4.tgz 0ms (cache hit)
2417 http cache get-symbol-description@https://registry.npmjs.org/get-symbol-description/-/get-symbol-description-1.1.0.tgz 0ms (cache hit)
2418 http cache get-proto@https://registry.npmjs.org/get-proto/-/get-proto-1.0.1.tgz 0ms (cache hit)
2419 http cache function.prototype.name@https://registry.npmjs.org/function.prototype.name/-/function.prototype.name-1.1.8.tgz 0ms (cache hit)
2420 http cache es-to-primitive@https://registry.npmjs.org/es-to-primitive/-/es-to-primitive-1.3.0.tgz 0ms (cache hit)
2421 http cache es-set-tostringtag@https://registry.npmjs.org/es-set-tostringtag/-/es-set-tostringtag-2.1.0.tgz 0ms (cache hit)
2422 http cache data-view-byte-offset@https://registry.npmjs.org/data-view-byte-offset/-/data-view-byte-offset-1.0.1.tgz 0ms (cache hit)
2423 http cache data-view-buffer@https://registry.npmjs.org/data-view-buffer/-/data-view-buffer-1.0.2.tgz 0ms (cache hit)
2424 http cache available-typed-arrays@https://registry.npmjs.org/available-typed-arrays/-/available-typed-arrays-1.0.7.tgz 0ms (cache hit)
2425 http cache data-view-byte-length@https://registry.npmjs.org/data-view-byte-length/-/data-view-byte-length-1.0.2.tgz 0ms (cache hit)
2426 http cache arraybuffer.prototype.slice@https://registry.npmjs.org/arraybuffer.prototype.slice/-/arraybuffer.prototype.slice-1.0.4.tgz 0ms (cache hit)
2427 http cache array-buffer-byte-length@https://registry.npmjs.org/array-buffer-byte-length/-/array-buffer-byte-length-1.0.2.tgz 0ms (cache hit)
2428 http cache gopd@https://registry.npmjs.org/gopd/-/gopd-1.2.0.tgz 0ms (cache hit)
2429 http cache object-keys@https://registry.npmjs.org/object-keys/-/object-keys-1.1.1.tgz 0ms (cache hit)
2430 http cache has-property-descriptors@https://registry.npmjs.org/has-property-descriptors/-/has-property-descriptors-1.0.2.tgz 0ms (cache hit)
2431 http cache define-data-property@https://registry.npmjs.org/define-data-property/-/define-data-property-1.1.4.tgz 0ms (cache hit)
2432 http cache function-bind@https://registry.npmjs.org/function-bind/-/function-bind-1.1.2.tgz 0ms (cache hit)
2433 http cache set-function-length@https://registry.npmjs.org/set-function-length/-/set-function-length-1.2.2.tgz 0ms (cache hit)
2434 http cache es-define-property@https://registry.npmjs.org/es-define-property/-/es-define-property-1.0.1.tgz 0ms (cache hit)
2435 http cache call-bind-apply-helpers@https://registry.npmjs.org/call-bind-apply-helpers/-/call-bind-apply-helpers-1.0.2.tgz 0ms (cache hit)
2436 http cache es-shim-unscopables@https://registry.npmjs.org/es-shim-unscopables/-/es-shim-unscopables-1.1.0.tgz 0ms (cache hit)
2437 http cache es-errors@https://registry.npmjs.org/es-errors/-/es-errors-1.3.0.tgz 0ms (cache hit)
2438 http cache math-intrinsics@https://registry.npmjs.org/math-intrinsics/-/math-intrinsics-1.1.0.tgz 0ms (cache hit)
2439 http cache is-string@https://registry.npmjs.org/is-string/-/is-string-1.1.1.tgz 0ms (cache hit)
2440 http cache get-intrinsic@https://registry.npmjs.org/get-intrinsic/-/get-intrinsic-1.3.0.tgz 0ms (cache hit)
2441 http cache es-object-atoms@https://registry.npmjs.org/es-object-atoms/-/es-object-atoms-1.1.2.tgz 0ms (cache hit)
2442 http cache es-abstract@https://registry.npmjs.org/es-abstract/-/es-abstract-1.24.2.tgz 0ms (cache hit)
2443 http cache define-properties@https://registry.npmjs.org/define-properties/-/define-properties-1.2.1.tgz 0ms (cache hit)
2444 http cache call-bound@https://registry.npmjs.org/call-bound/-/call-bound-1.0.4.tgz 0ms (cache hit)
2445 http cache call-bind@https://registry.npmjs.org/call-bind/-/call-bind-1.0.9.tgz 0ms (cache hit)
2446 http cache tsconfig-paths@https://registry.npmjs.org/tsconfig-paths/-/tsconfig-paths-3.15.0.tgz 0ms (cache hit)
2447 http cache json5@https://registry.npmjs.org/json5/-/json5-1.0.2.tgz 0ms (cache hit)
2448 http cache string.prototype.trimend@https://registry.npmjs.org/string.prototype.trimend/-/string.prototype.trimend-1.0.9.tgz 0ms (cache hit)
2449 http cache object.values@https://registry.npmjs.org/object.values/-/object.values-1.2.1.tgz 0ms (cache hit)
2450 http cache object.groupby@https://registry.npmjs.org/object.groupby/-/object.groupby-1.0.3.tgz 0ms (cache hit)
2451 http cache object.fromentries@https://registry.npmjs.org/object.fromentries/-/object.fromentries-2.0.8.tgz 0ms (cache hit)
2452 http cache hasown@https://registry.npmjs.org/hasown/-/hasown-2.0.4.tgz 0ms (cache hit)
2453 http cache debug@https://registry.npmjs.org/debug/-/debug-3.2.7.tgz 0ms (cache hit)
2454 http cache doctrine@https://registry.npmjs.org/doctrine/-/doctrine-2.1.0.tgz 0ms (cache hit)
2455 http cache array.prototype.flatmap@https://registry.npmjs.org/array.prototype.flatmap/-/array.prototype.flatmap-1.3.3.tgz 0ms (cache hit)
2456 http cache array.prototype.flat@https://registry.npmjs.org/array.prototype.flat/-/array.prototype.flat-1.3.3.tgz 0ms (cache hit)
2457 http cache array.prototype.findlastindex@https://registry.npmjs.org/array.prototype.findlastindex/-/array.prototype.findlastindex-1.2.6.tgz 0ms (cache hit)
2458 http cache array-includes@https://registry.npmjs.org/array-includes/-/array-includes-3.1.9.tgz 0ms (cache hit)
2459 http cache eslint-module-utils@https://registry.npmjs.org/eslint-module-utils/-/eslint-module-utils-2.13.0.tgz 0ms (cache hit)
2460 http cache @rtsao/scc@https://registry.npmjs.org/@rtsao/scc/-/scc-1.1.0.tgz 0ms (cache hit)
2461 http cache unrs-resolver@https://registry.npmjs.org/unrs-resolver/-/unrs-resolver-1.12.2.tgz 0ms (cache hit)
2462 http cache picomatch@https://registry.npmjs.org/picomatch/-/picomatch-4.0.4.tgz 0ms (cache hit)
2463 http cache fdir@https://registry.npmjs.org/fdir/-/fdir-6.5.0.tgz 0ms (cache hit)
2464 http cache stable-hash@https://registry.npmjs.org/stable-hash/-/stable-hash-0.0.5.tgz 0ms (cache hit)
2465 http cache is-bun-module@https://registry.npmjs.org/is-bun-module/-/is-bun-module-2.0.0.tgz 0ms (cache hit)
2466 http cache get-tsconfig@https://registry.npmjs.org/get-tsconfig/-/get-tsconfig-4.14.0.tgz 0ms (cache hit)
2467 http cache @nolyfill/is-core-module@https://registry.npmjs.org/@nolyfill/is-core-module/-/is-core-module-1.0.39.tgz 0ms (cache hit)
2468 http cache resolve@https://registry.npmjs.org/resolve/-/resolve-2.0.0-next.7.tgz 0ms (cache hit)
2469 http cache is-core-module@https://registry.npmjs.org/is-core-module/-/is-core-module-2.16.2.tgz 0ms (cache hit)
2470 http cache color-name@https://registry.npmjs.org/color-name/-/color-name-1.1.4.tgz 0ms (cache hit)
2471 http cache color-convert@https://registry.npmjs.org/color-convert/-/color-convert-2.0.1.tgz 0ms (cache hit)
2472 http cache tinyglobby@https://registry.npmjs.org/tinyglobby/-/tinyglobby-0.2.17.tgz 0ms (cache hit)
2473 http cache supports-color@https://registry.npmjs.org/supports-color/-/supports-color-7.2.0.tgz 0ms (cache hit)
2474 http cache ansi-styles@https://registry.npmjs.org/ansi-styles/-/ansi-styles-4.3.0.tgz 0ms (cache hit)
2475 http cache strip-json-comments@https://registry.npmjs.org/strip-json-comments/-/strip-json-comments-3.1.1.tgz 0ms (cache hit)
2476 http cache js-yaml@https://registry.npmjs.org/js-yaml/-/js-yaml-4.1.1.tgz 0ms (cache hit)
2477 http cache @types/json-schema@https://registry.npmjs.org/@types/json-schema/-/json-schema-7.0.15.tgz 0ms (cache hit)
2478 http cache @eslint/object-schema@https://registry.npmjs.org/@eslint/object-schema/-/object-schema-2.1.7.tgz 0ms (cache hit)
2479 http cache minimatch@https://registry.npmjs.org/minimatch/-/minimatch-3.1.5.tgz 0ms (cache hit)
2480 http cache lodash.merge@https://registry.npmjs.org/lodash.merge/-/lodash.merge-4.6.2.tgz 0ms (cache hit)
2481 http cache espree@https://registry.npmjs.org/espree/-/espree-10.4.0.tgz 0ms (cache hit)
2482 http cache eslint-visitor-keys@https://registry.npmjs.org/eslint-visitor-keys/-/eslint-visitor-keys-4.2.1.tgz 0ms (cache hit)
2483 http cache eslint-scope@https://registry.npmjs.org/eslint-scope/-/eslint-scope-8.4.0.tgz 0ms (cache hit)
2484 http cache import-fresh@https://registry.npmjs.org/import-fresh/-/import-fresh-3.3.1.tgz 0ms (cache hit)
2485 http cache chalk@https://registry.npmjs.org/chalk/-/chalk-4.1.2.tgz 0ms (cache hit)
2486 http cache @eslint/plugin-kit@https://registry.npmjs.org/@eslint/plugin-kit/-/plugin-kit-0.4.1.tgz 0ms (cache hit)
2487 http cache @types/estree@https://registry.npmjs.org/@types/estree/-/estree-1.0.9.tgz 0ms (cache hit)
2488 http cache @eslint/js@https://registry.npmjs.org/@eslint/js/-/js-9.39.4.tgz 0ms (cache hit)
2489 http cache @eslint/eslintrc@https://registry.npmjs.org/@eslint/eslintrc/-/eslintrc-3.3.5.tgz 0ms (cache hit)
2490 http cache globals@https://registry.npmjs.org/globals/-/globals-14.0.0.tgz 0ms (cache hit)
2491 http cache @eslint/core@https://registry.npmjs.org/@eslint/core/-/core-0.17.0.tgz 0ms (cache hit)
2492 http cache @eslint/config-helpers@https://registry.npmjs.org/@eslint/config-helpers/-/config-helpers-0.4.2.tgz 0ms (cache hit)
2493 http cache @eslint/config-array@https://registry.npmjs.org/@eslint/config-array/-/config-array-0.21.2.tgz 0ms (cache hit)
2494 http cache fast-glob@https://registry.npmjs.org/fast-glob/-/fast-glob-3.3.1.tgz 0ms (cache hit)
2495 http cache typescript-eslint@https://registry.npmjs.org/typescript-eslint/-/typescript-eslint-8.60.0.tgz 0ms (cache hit)
2496 http cache glob-parent@https://registry.npmjs.org/glob-parent/-/glob-parent-5.1.2.tgz 0ms (cache hit)
2497 http cache globals@https://registry.npmjs.org/globals/-/globals-16.4.0.tgz 0ms (cache hit)
2498 http cache eslint-plugin-react-hooks@https://registry.npmjs.org/eslint-plugin-react-hooks/-/eslint-plugin-react-hooks-7.1.1.tgz 0ms (cache hit)
2499 http cache eslint-plugin-react@https://registry.npmjs.org/eslint-plugin-react/-/eslint-plugin-react-7.37.5.tgz 0ms (cache hit)
2500 http cache semver@https://registry.npmjs.org/semver/-/semver-6.3.1.tgz 0ms (cache hit)
2501 http cache eslint@https://registry.npmjs.org/eslint/-/eslint-9.39.4.tgz 0ms (cache hit)
2502 http cache eslint-plugin-jsx-a11y@https://registry.npmjs.org/eslint-plugin-jsx-a11y/-/eslint-plugin-jsx-a11y-6.10.2.tgz 0ms (cache hit)
2503 http cache eslint-plugin-import@https://registry.npmjs.org/eslint-plugin-import/-/eslint-plugin-import-2.32.0.tgz 0ms (cache hit)
2504 http cache semver@https://registry.npmjs.org/semver/-/semver-6.3.1.tgz 0ms (cache hit)
2505 http cache eslint-import-resolver-typescript@https://registry.npmjs.org/eslint-import-resolver-typescript/-/eslint-import-resolver-typescript-3.10.1.tgz 0ms (cache hit)
2506 http cache debug@https://registry.npmjs.org/debug/-/debug-3.2.7.tgz 0ms (cache hit)
2507 http cache eslint-import-resolver-node@https://registry.npmjs.org/eslint-import-resolver-node/-/eslint-import-resolver-node-0.3.10.tgz 0ms (cache hit)
2508 http cache debug@https://registry.npmjs.org/debug/-/debug-3.2.7.tgz 0ms (cache hit)
2509 http cache @next/eslint-plugin-next@https://registry.npmjs.org/@next/eslint-plugin-next/-/eslint-plugin-next-16.2.6.tgz 0ms (cache hit)
2510 http cache which@https://registry.npmjs.org/which/-/which-2.0.2.tgz 0ms (cache hit)
2511 http cache shebang-command@https://registry.npmjs.org/shebang-command/-/shebang-command-2.0.0.tgz 0ms (cache hit)
2512 http cache path-key@https://registry.npmjs.org/path-key/-/path-key-3.1.1.tgz 0ms (cache hit)
2513 http cache uri-js@https://registry.npmjs.org/uri-js/-/uri-js-4.4.1.tgz 0ms (cache hit)
2514 http cache json-schema-traverse@https://registry.npmjs.org/json-schema-traverse/-/json-schema-traverse-0.4.1.tgz 0ms (cache hit)
2515 http cache fast-json-stable-stringify@https://registry.npmjs.org/fast-json-stable-stringify/-/fast-json-stable-stringify-2.1.0.tgz 0ms (cache hit)
2516 http cache @humanfs/types@https://registry.npmjs.org/@humanfs/types/-/types-0.15.0.tgz 0ms (cache hit)
2517 http cache @humanfs/core@https://registry.npmjs.org/@humanfs/core/-/core-0.19.2.tgz 0ms (cache hit)
2518 http cache levn@https://registry.npmjs.org/levn/-/levn-0.4.1.tgz 0ms (cache hit)
2519 http cache optionator@https://registry.npmjs.org/optionator/-/optionator-0.9.4.tgz 0ms (cache hit)
2520 http cache ms@https://registry.npmjs.org/ms/-/ms-2.1.3.tgz 0ms (cache hit)
2521 http cache natural-compare@https://registry.npmjs.org/natural-compare/-/natural-compare-1.4.0.tgz 0ms (cache hit)
2522 http cache json-stable-stringify-without-jsonify@https://registry.npmjs.org/json-stable-stringify-without-jsonify/-/json-stable-stringify-without-jsonify-1.0.1.tgz 0ms (cache hit)
2523 http cache is-glob@https://registry.npmjs.org/is-glob/-/is-glob-4.0.3.tgz 0ms (cache hit)
2524 http cache imurmurhash@https://registry.npmjs.org/imurmurhash/-/imurmurhash-0.1.4.tgz 0ms (cache hit)
2525 http cache ignore@https://registry.npmjs.org/ignore/-/ignore-5.3.2.tgz 0ms (cache hit)
2526 http cache glob-parent@https://registry.npmjs.org/glob-parent/-/glob-parent-6.0.2.tgz 0ms (cache hit)
2527 http cache find-up@https://registry.npmjs.org/find-up/-/find-up-5.0.0.tgz 0ms (cache hit)
2528 http cache file-entry-cache@https://registry.npmjs.org/file-entry-cache/-/file-entry-cache-8.0.0.tgz 0ms (cache hit)
2529 http cache fast-deep-equal@https://registry.npmjs.org/fast-deep-equal/-/fast-deep-equal-3.1.3.tgz 0ms (cache hit)
2530 http cache esutils@https://registry.npmjs.org/esutils/-/esutils-2.0.3.tgz 0ms (cache hit)
2531 http cache esquery@https://registry.npmjs.org/esquery/-/esquery-1.7.0.tgz 0ms (cache hit)
2532 http cache escape-string-regexp@https://registry.npmjs.org/escape-string-regexp/-/escape-string-regexp-4.0.0.tgz 0ms (cache hit)
2533 http cache debug@https://registry.npmjs.org/debug/-/debug-4.4.3.tgz 0ms (cache hit)
2534 http cache cross-spawn@https://registry.npmjs.org/cross-spawn/-/cross-spawn-7.0.6.tgz 0ms (cache hit)
2535 http cache @humanwhocodes/retry@https://registry.npmjs.org/@humanwhocodes/retry/-/retry-0.4.3.tgz 0ms (cache hit)
2536 http cache ajv@https://registry.npmjs.org/ajv/-/ajv-6.15.0.tgz 0ms (cache hit)
2537 http cache @humanwhocodes/module-importer@https://registry.npmjs.org/@humanwhocodes/module-importer/-/module-importer-1.0.1.tgz 0ms (cache hit)
2538 http cache @eslint-community/regexpp@https://registry.npmjs.org/@eslint-community/regexpp/-/regexpp-4.12.2.tgz 0ms (cache hit)
2539 http cache @eslint-community/eslint-utils@https://registry.npmjs.org/@eslint-community/eslint-utils/-/eslint-utils-4.9.1.tgz 0ms (cache hit)
2540 http cache update-browserslist-db@https://registry.npmjs.org/update-browserslist-db/-/update-browserslist-db-1.2.3.tgz 0ms (cache hit)
2541 http cache eslint-visitor-keys@https://registry.npmjs.org/eslint-visitor-keys/-/eslint-visitor-keys-3.4.3.tgz 0ms (cache hit)
2542 http cache node-releases@https://registry.npmjs.org/node-releases/-/node-releases-2.0.46.tgz 0ms (cache hit)
2543 http cache postcss-value-parser@https://registry.npmjs.org/postcss-value-parser/-/postcss-value-parser-4.2.0.tgz 0ms (cache hit)
2544 http cache electron-to-chromium@https://registry.npmjs.org/electron-to-chromium/-/electron-to-chromium-1.5.364.tgz 0ms (cache hit)
2545 http cache fraction.js@https://registry.npmjs.org/fraction.js/-/fraction.js-5.3.4.tgz 0ms (cache hit)
2546 http cache browserslist@https://registry.npmjs.org/browserslist/-/browserslist-4.28.2.tgz 0ms (cache hit)
2547 http cache csstype@https://registry.npmjs.org/csstype/-/csstype-3.2.3.tgz 0ms (cache hit)
2548 http cache @humanfs/node@https://registry.npmjs.org/@humanfs/node/-/node-0.16.8.tgz 0ms (cache hit)
2549 http cache undici-types@https://registry.npmjs.org/undici-types/-/undici-types-7.24.6.tgz 0ms (cache hit)
2550 http cache typescript@https://registry.npmjs.org/typescript/-/typescript-6.0.3.tgz 0ms (cache hit)
2551 http cache tailwindcss@https://registry.npmjs.org/tailwindcss/-/tailwindcss-4.3.0.tgz 0ms (cache hit)
2552 http cache eslint-config-next@https://registry.npmjs.org/eslint-config-next/-/eslint-config-next-16.2.6.tgz 0ms (cache hit)
2553 http cache autoprefixer@https://registry.npmjs.org/autoprefixer/-/autoprefixer-10.5.0.tgz 0ms (cache hit)
2554 http cache @types/react-dom@https://registry.npmjs.org/@types/react-dom/-/react-dom-19.2.3.tgz 0ms (cache hit)
2555 http cache @types/react@https://registry.npmjs.org/@types/react/-/react-19.2.15.tgz 0ms (cache hit)
2556 http cache @types/node@https://registry.npmjs.org/@types/node/-/node-25.9.1.tgz 0ms (cache hit)
2557 http cache @emnapi/runtime@https://registry.npmjs.org/@emnapi/runtime/-/runtime-1.10.0.tgz 0ms (cache hit)
2558 http cache postcss@https://registry.npmjs.org/postcss/-/postcss-8.5.15.tgz 0ms (cache hit)
2559 http cache postcss@https://registry.npmjs.org/postcss/-/postcss-8.4.31.tgz 0ms (cache hit)
2560 silly tarball no local data for generator-function@https://registry.npmjs.org/generator-function/-/generator-function-2.0.1.tgz. Extracting by manifest.
2561 silly tarball no local data for is-map@https://registry.npmjs.org/is-map/-/is-map-2.0.3.tgz. Extracting by manifest.
2562 silly tarball no local data for is-weakmap@https://registry.npmjs.org/is-weakmap/-/is-weakmap-2.0.2.tgz. Extracting by manifest.
2563 silly tarball no local data for is-weakset@https://registry.npmjs.org/is-weakset/-/is-weakset-2.0.4.tgz. Extracting by manifest.
2564 silly tarball no local data for async-function@https://registry.npmjs.org/async-function/-/async-function-1.0.0.tgz. Extracting by manifest.
2565 silly tarball no local data for which-collection@https://registry.npmjs.org/which-collection/-/which-collection-1.0.2.tgz. Extracting by manifest.
2566 silly tarball no local data for is-generator-function@https://registry.npmjs.org/is-generator-function/-/is-generator-function-1.1.2.tgz. Extracting by manifest.
2567 silly tarball no local data for is-finalizationregistry@https://registry.npmjs.org/is-finalizationregistry/-/is-finalizationregistry-1.1.1.tgz. Extracting by manifest.
2568 silly tarball no local data for is-async-function@https://registry.npmjs.org/is-async-function/-/is-async-function-2.1.1.tgz. Extracting by manifest.
2569 silly tarball no local data for is-number-object@https://registry.npmjs.org/is-number-object/-/is-number-object-1.1.1.tgz. Extracting by manifest.
2570 silly tarball no local data for is-boolean-object@https://registry.npmjs.org/is-boolean-object/-/is-boolean-object-1.2.2.tgz. Extracting by manifest.
2571 silly tarball no local data for is-bigint@https://registry.npmjs.org/is-bigint/-/is-bigint-1.1.0.tgz. Extracting by manifest.
2572 silly tarball no local data for isexe@https://registry.npmjs.org/isexe/-/isexe-2.0.0.tgz. Extracting by manifest.
2573 silly tarball no local data for punycode@https://registry.npmjs.org/punycode/-/punycode-2.3.1.tgz. Extracting by manifest.
2574 silly tarball no local data for escalade@https://registry.npmjs.org/escalade/-/escalade-3.2.0.tgz. Extracting by manifest.
2575 silly tarball no local data for @tybys/wasm-util@https://registry.npmjs.org/@tybys/wasm-util/-/wasm-util-0.10.2.tgz. Extracting by manifest.
2576 silly tarball no local data for @emnapi/wasi-threads@https://registry.npmjs.org/@emnapi/wasi-threads/-/wasi-threads-1.2.1.tgz. Extracting by manifest.
2577 silly tarball no local data for @napi-rs/wasm-runtime@https://registry.npmjs.org/@napi-rs/wasm-runtime/-/wasm-runtime-1.1.4.tgz. Extracting by manifest.
2578 silly tarball no local data for @emnapi/core@https://registry.npmjs.org/@emnapi/core/-/core-1.10.0.tgz. Extracting by manifest.
2579 silly tarball no local data for napi-postinstall@https://registry.npmjs.org/napi-postinstall/-/napi-postinstall-0.3.4.tgz. Extracting by manifest.
2580 silly tarball no local data for @unrs/resolver-binding-darwin-arm64@https://registry.npmjs.org/@unrs/resolver-binding-darwin-arm64/-/resolver-binding-darwin-arm64-1.12.2.tgz. Extracting by manifest.
2581 silly tarball no local data for which-boxed-primitive@https://registry.npmjs.org/which-boxed-primitive/-/which-boxed-primitive-1.1.1.tgz. Extracting by manifest.
2582 silly tarball no local data for has-bigints@https://registry.npmjs.org/has-bigints/-/has-bigints-1.1.0.tgz. Extracting by manifest.
2583 silly tarball no local data for @typescript-eslint/tsconfig-utils@https://registry.npmjs.org/@typescript-eslint/tsconfig-utils/-/tsconfig-utils-8.60.0.tgz. Extracting by manifest.
2584 silly tarball no local data for @typescript-eslint/project-service@https://registry.npmjs.org/@typescript-eslint/project-service/-/project-service-8.60.0.tgz. Extracting by manifest.
2585 silly tarball no local data for @typescript-eslint/types@https://registry.npmjs.org/@typescript-eslint/types/-/types-8.60.0.tgz. Extracting by manifest.
2586 silly tarball no local data for ts-api-utils@https://registry.npmjs.org/ts-api-utils/-/ts-api-utils-2.5.0.tgz. Extracting by manifest.
2587 silly tarball no local data for eslint-visitor-keys@https://registry.npmjs.org/eslint-visitor-keys/-/eslint-visitor-keys-5.0.1.tgz. Extracting by manifest.
2588 silly tarball no local data for @typescript-eslint/type-utils@https://registry.npmjs.org/@typescript-eslint/type-utils/-/type-utils-8.60.0.tgz. Extracting by manifest.
2589 silly tarball no local data for @typescript-eslint/scope-manager@https://registry.npmjs.org/@typescript-eslint/scope-manager/-/scope-manager-8.60.0.tgz. Extracting by manifest.
2590 silly tarball no local data for @typescript-eslint/utils@https://registry.npmjs.org/@typescript-eslint/utils/-/utils-8.60.0.tgz. Extracting by manifest.
2591 silly tarball no local data for @typescript-eslint/visitor-keys@https://registry.npmjs.org/@typescript-eslint/visitor-keys/-/visitor-keys-8.60.0.tgz. Extracting by manifest.
2592 silly tarball no local data for @typescript-eslint/typescript-estree@https://registry.npmjs.org/@typescript-eslint/typescript-estree/-/typescript-estree-8.60.0.tgz. Extracting by manifest.
2593 silly tarball no local data for balanced-match@https://registry.npmjs.org/balanced-match/-/balanced-match-4.0.4.tgz. Extracting by manifest.
2594 silly tarball no local data for brace-expansion@https://registry.npmjs.org/brace-expansion/-/brace-expansion-5.0.6.tgz. Extracting by manifest.
2595 silly tarball no local data for minimatch@https://registry.npmjs.org/minimatch/-/minimatch-10.2.5.tgz. Extracting by manifest.
2596 silly tarball no local data for @typescript-eslint/parser@https://registry.npmjs.org/@typescript-eslint/parser/-/parser-8.60.0.tgz. Extracting by manifest.
2597 silly tarball no local data for @typescript-eslint/eslint-plugin@https://registry.npmjs.org/@typescript-eslint/eslint-plugin/-/eslint-plugin-8.60.0.tgz. Extracting by manifest.
2598 silly tarball no local data for ignore@https://registry.npmjs.org/ignore/-/ignore-7.0.5.tgz. Extracting by manifest.
2599 silly tarball no local data for which-builtin-type@https://registry.npmjs.org/which-builtin-type/-/which-builtin-type-1.2.1.tgz. Extracting by manifest.
2600 silly tarball no local data for reflect.getprototypeof@https://registry.npmjs.org/reflect.getprototypeof/-/reflect.getprototypeof-1.0.10.tgz. Extracting by manifest.
2601 silly tarball no local data for for-each@https://registry.npmjs.org/for-each/-/for-each-0.3.5.tgz. Extracting by manifest.
2602 silly tarball no local data for strip-bom@https://registry.npmjs.org/strip-bom/-/strip-bom-3.0.0.tgz. Extracting by manifest.
2603 silly tarball no local data for @types/json5@https://registry.npmjs.org/@types/json5/-/json5-0.0.29.tgz. Extracting by manifest.
2604 silly tarball no local data for minimist@https://registry.npmjs.org/minimist/-/minimist-1.2.8.tgz. Extracting by manifest.
2605 silly tarball no local data for is-number@https://registry.npmjs.org/is-number/-/is-number-7.0.0.tgz. Extracting by manifest.
2606 silly tarball no local data for side-channel-weakmap@https://registry.npmjs.org/side-channel-weakmap/-/side-channel-weakmap-1.0.2.tgz. Extracting by manifest.
2607 silly tarball no local data for has-flag@https://registry.npmjs.org/has-flag/-/has-flag-4.0.0.tgz. Extracting by manifest.
2608 silly tarball no local data for side-channel-map@https://registry.npmjs.org/side-channel-map/-/side-channel-map-1.0.1.tgz. Extracting by manifest.
2609 silly tarball no local data for shebang-regex@https://registry.npmjs.org/shebang-regex/-/shebang-regex-3.0.0.tgz. Extracting by manifest.
2610 silly tarball no local data for isarray@https://registry.npmjs.org/isarray/-/isarray-2.0.5.tgz. Extracting by manifest.
2611 silly tarball no local data for queue-microtask@https://registry.npmjs.org/queue-microtask/-/queue-microtask-1.2.3.tgz. Extracting by manifest.
2612 silly tarball no local data for supports-preserve-symlinks-flag@https://registry.npmjs.org/supports-preserve-symlinks-flag/-/supports-preserve-symlinks-flag-1.0.0.tgz. Extracting by manifest.
2613 silly tarball no local data for path-parse@https://registry.npmjs.org/path-parse/-/path-parse-1.0.7.tgz. Extracting by manifest.
2614 silly tarball no local data for node-exports-info@https://registry.npmjs.org/node-exports-info/-/node-exports-info-1.6.0.tgz. Extracting by manifest.
2615 silly tarball no local data for semver@https://registry.npmjs.org/semver/-/semver-6.3.1.tgz. Extracting by manifest.
2616 silly tarball no local data for react-is@https://registry.npmjs.org/react-is/-/react-is-16.13.1.tgz. Extracting by manifest.
2617 silly tarball no local data for object-assign@https://registry.npmjs.org/object-assign/-/object-assign-4.1.1.tgz. Extracting by manifest.
2618 silly tarball no local data for loose-envify@https://registry.npmjs.org/loose-envify/-/loose-envify-1.4.0.tgz. Extracting by manifest.
2619 silly tarball no local data for callsites@https://registry.npmjs.org/callsites/-/callsites-3.1.0.tgz. Extracting by manifest.
2620 silly tarball no local data for yocto-queue@https://registry.npmjs.org/yocto-queue/-/yocto-queue-0.1.0.tgz. Extracting by manifest.
2621 silly tarball no local data for side-channel-list@https://registry.npmjs.org/side-channel-list/-/side-channel-list-1.0.1.tgz. Extracting by manifest.
2622 silly tarball no local data for p-limit@https://registry.npmjs.org/p-limit/-/p-limit-3.1.0.tgz. Extracting by manifest.
2623 silly tarball no local data for word-wrap@https://registry.npmjs.org/word-wrap/-/word-wrap-1.2.5.tgz. Extracting by manifest.
2624 silly tarball no local data for fast-levenshtein@https://registry.npmjs.org/fast-levenshtein/-/fast-levenshtein-2.0.6.tgz. Extracting by manifest.
2625 silly tarball no local data for deep-is@https://registry.npmjs.org/deep-is/-/deep-is-0.1.4.tgz. Extracting by manifest.
2626 silly tarball no local data for concat-map@https://registry.npmjs.org/concat-map/-/concat-map-0.0.1.tgz. Extracting by manifest.
2627 silly tarball no local data for balanced-match@https://registry.npmjs.org/balanced-match/-/balanced-match-1.0.2.tgz. Extracting by manifest.
2628 silly tarball no local data for brace-expansion@https://registry.npmjs.org/brace-expansion/-/brace-expansion-1.1.15.tgz. Extracting by manifest.
2629 silly tarball no local data for to-regex-range@https://registry.npmjs.org/to-regex-range/-/to-regex-range-5.0.1.tgz. Extracting by manifest.
2630 silly tarball no local data for fill-range@https://registry.npmjs.org/fill-range/-/fill-range-7.1.1.tgz. Extracting by manifest.
2631 silly tarball no local data for braces@https://registry.npmjs.org/braces/-/braces-3.0.3.tgz. Extracting by manifest.
2632 silly tarball no local data for picomatch@https://registry.npmjs.org/picomatch/-/picomatch-2.3.2.tgz. Extracting by manifest.
2633 silly tarball no local data for yallist@https://registry.npmjs.org/yallist/-/yallist-3.1.1.tgz. Extracting by manifest.
2634 silly tarball no local data for p-locate@https://registry.npmjs.org/p-locate/-/p-locate-5.0.0.tgz. Extracting by manifest.
2635 silly tarball no local data for type-check@https://registry.npmjs.org/type-check/-/type-check-0.4.0.tgz. Extracting by manifest.
2636 silly tarball no local data for prelude-ls@https://registry.npmjs.org/prelude-ls/-/prelude-ls-1.2.1.tgz. Extracting by manifest.
2637 silly tarball no local data for language-subtag-registry@https://registry.npmjs.org/language-subtag-registry/-/language-subtag-registry-0.3.23.tgz. Extracting by manifest.
2638 silly tarball no local data for json-buffer@https://registry.npmjs.org/json-buffer/-/json-buffer-3.0.1.tgz. Extracting by manifest.
2639 silly tarball no local data for argparse@https://registry.npmjs.org/argparse/-/argparse-2.0.1.tgz. Extracting by manifest.
2640 silly tarball no local data for set-function-name@https://registry.npmjs.org/set-function-name/-/set-function-name-2.0.2.tgz. Extracting by manifest.
2641 silly tarball no local data for is-extglob@https://registry.npmjs.org/is-extglob/-/is-extglob-2.1.1.tgz. Extracting by manifest.
2642 silly tarball no local data for side-channel@https://registry.npmjs.org/side-channel/-/side-channel-1.1.0.tgz. Extracting by manifest.
2643 silly tarball no local data for resolve-from@https://registry.npmjs.org/resolve-from/-/resolve-from-4.0.0.tgz. Extracting by manifest.
2644 silly tarball no local data for parent-module@https://registry.npmjs.org/parent-module/-/parent-module-1.0.1.tgz. Extracting by manifest.
2645 silly tarball no local data for hermes-estree@https://registry.npmjs.org/hermes-estree/-/hermes-estree-0.25.1.tgz. Extracting by manifest.
2646 silly tarball no local data for resolve-pkg-maps@https://registry.npmjs.org/resolve-pkg-maps/-/resolve-pkg-maps-1.0.0.tgz. Extracting by manifest.
2647 silly tarball no local data for dunder-proto@https://registry.npmjs.org/dunder-proto/-/dunder-proto-1.0.1.tgz. Extracting by manifest.
2648 silly tarball no local data for functions-have-names@https://registry.npmjs.org/functions-have-names/-/functions-have-names-1.2.3.tgz. Extracting by manifest.
2649 silly tarball no local data for keyv@https://registry.npmjs.org/keyv/-/keyv-4.5.4.tgz. Extracting by manifest.
2650 silly tarball no local data for path-exists@https://registry.npmjs.org/path-exists/-/path-exists-4.0.0.tgz. Extracting by manifest.
2651 silly tarball no local data for locate-path@https://registry.npmjs.org/locate-path/-/locate-path-6.0.0.tgz. Extracting by manifest.
2652 silly tarball no local data for flat-cache@https://registry.npmjs.org/flat-cache/-/flat-cache-4.0.1.tgz. Extracting by manifest.
2653 silly tarball no local data for flatted@https://registry.npmjs.org/flatted/-/flatted-3.4.2.tgz. Extracting by manifest.
2654 silly tarball no local data for reusify@https://registry.npmjs.org/reusify/-/reusify-1.1.0.tgz. Extracting by manifest.
2655 silly tarball no local data for run-parallel@https://registry.npmjs.org/run-parallel/-/run-parallel-1.2.0.tgz. Extracting by manifest.
2656 silly tarball no local data for fastq@https://registry.npmjs.org/fastq/-/fastq-1.20.1.tgz. Extracting by manifest.
2657 silly tarball no local data for @nodelib/fs.scandir@https://registry.npmjs.org/@nodelib/fs.scandir/-/fs.scandir-2.1.5.tgz. Extracting by manifest.
2658 silly tarball no local data for micromatch@https://registry.npmjs.org/micromatch/-/micromatch-4.0.8.tgz. Extracting by manifest.
2659 silly tarball no local data for merge2@https://registry.npmjs.org/merge2/-/merge2-1.4.1.tgz. Extracting by manifest.
2660 silly tarball no local data for @nodelib/fs.walk@https://registry.npmjs.org/@nodelib/fs.walk/-/fs.walk-1.2.8.tgz. Extracting by manifest.
2661 silly tarball no local data for @nodelib/fs.stat@https://registry.npmjs.org/@nodelib/fs.stat/-/fs.stat-2.0.5.tgz. Extracting by manifest.
2662 silly tarball no local data for acorn-jsx@https://registry.npmjs.org/acorn-jsx/-/acorn-jsx-5.3.2.tgz. Extracting by manifest.
2663 silly tarball no local data for acorn@https://registry.npmjs.org/acorn/-/acorn-8.16.0.tgz. Extracting by manifest.
2664 silly tarball no local data for esrecurse@https://registry.npmjs.org/esrecurse/-/esrecurse-4.3.0.tgz. Extracting by manifest.
2665 silly tarball no local data for @jridgewell/resolve-uri@https://registry.npmjs.org/@jridgewell/resolve-uri/-/resolve-uri-3.1.2.tgz. Extracting by manifest.
2666 silly tarball no local data for @jridgewell/sourcemap-codec@https://registry.npmjs.org/@jridgewell/sourcemap-codec/-/sourcemap-codec-1.5.5.tgz. Extracting by manifest.
2667 silly tarball no local data for @babel/helper-string-parser@https://registry.npmjs.org/@babel/helper-string-parser/-/helper-string-parser-7.29.7.tgz. Extracting by manifest.
2668 silly tarball no local data for @babel/helper-globals@https://registry.npmjs.org/@babel/helper-globals/-/helper-globals-7.29.7.tgz. Extracting by manifest.
2669 silly tarball no local data for @babel/helper-module-imports@https://registry.npmjs.org/@babel/helper-module-imports/-/helper-module-imports-7.29.7.tgz. Extracting by manifest.
2670 silly tarball no local data for lru-cache@https://registry.npmjs.org/lru-cache/-/lru-cache-5.1.1.tgz. Extracting by manifest.
2671 silly tarball no local data for @babel/helper-validator-option@https://registry.npmjs.org/@babel/helper-validator-option/-/helper-validator-option-7.29.7.tgz. Extracting by manifest.
2672 silly tarball no local data for @babel/compat-data@https://registry.npmjs.org/@babel/compat-data/-/compat-data-7.29.7.tgz. Extracting by manifest.
2673 silly tarball no local data for jsesc@https://registry.npmjs.org/jsesc/-/jsesc-3.1.0.tgz. Extracting by manifest.
2674 silly tarball no local data for @jridgewell/trace-mapping@https://registry.npmjs.org/@jridgewell/trace-mapping/-/trace-mapping-0.3.31.tgz. Extracting by manifest.
2675 silly tarball no local data for @jridgewell/gen-mapping@https://registry.npmjs.org/@jridgewell/gen-mapping/-/gen-mapping-0.3.13.tgz. Extracting by manifest.
2676 silly tarball no local data for js-tokens@https://registry.npmjs.org/js-tokens/-/js-tokens-4.0.0.tgz. Extracting by manifest.
2677 silly tarball no local data for @babel/helper-validator-identifier@https://registry.npmjs.org/@babel/helper-validator-identifier/-/helper-validator-identifier-7.29.7.tgz. Extracting by manifest.
2678 silly tarball no local data for json5@https://registry.npmjs.org/json5/-/json5-2.2.3.tgz. Extracting by manifest.
2679 silly tarball no local data for gensync@https://registry.npmjs.org/gensync/-/gensync-1.0.0-beta.2.tgz. Extracting by manifest.
2680 silly tarball no local data for convert-source-map@https://registry.npmjs.org/convert-source-map/-/convert-source-map-2.0.0.tgz. Extracting by manifest.
2681 silly tarball no local data for @jridgewell/remapping@https://registry.npmjs.org/@jridgewell/remapping/-/remapping-2.3.5.tgz. Extracting by manifest.
2682 silly tarball no local data for @babel/types@https://registry.npmjs.org/@babel/types/-/types-7.29.7.tgz. Extracting by manifest.
2683 silly tarball no local data for @babel/traverse@https://registry.npmjs.org/@babel/traverse/-/traverse-7.29.7.tgz. Extracting by manifest.
2684 silly tarball no local data for @babel/template@https://registry.npmjs.org/@babel/template/-/template-7.29.7.tgz. Extracting by manifest.
2685 silly tarball no local data for @babel/helpers@https://registry.npmjs.org/@babel/helpers/-/helpers-7.29.7.tgz. Extracting by manifest.
2686 silly tarball no local data for @babel/helper-compilation-targets@https://registry.npmjs.org/@babel/helper-compilation-targets/-/helper-compilation-targets-7.29.7.tgz. Extracting by manifest.
2687 silly tarball no local data for semver@https://registry.npmjs.org/semver/-/semver-6.3.1.tgz. Extracting by manifest.
2688 silly tarball no local data for @babel/generator@https://registry.npmjs.org/@babel/generator/-/generator-7.29.7.tgz. Extracting by manifest.
2689 silly tarball no local data for @babel/code-frame@https://registry.npmjs.org/@babel/code-frame/-/code-frame-7.29.7.tgz. Extracting by manifest.
2690 silly tarball no local data for zod-validation-error@https://registry.npmjs.org/zod-validation-error/-/zod-validation-error-4.0.2.tgz. Extracting by manifest.
2691 silly tarball no local data for zod@https://registry.npmjs.org/zod/-/zod-4.4.3.tgz. Extracting by manifest.
2692 silly tarball no local data for hermes-parser@https://registry.npmjs.org/hermes-parser/-/hermes-parser-0.25.1.tgz. Extracting by manifest.
2693 silly tarball no local data for @babel/parser@https://registry.npmjs.org/@babel/parser/-/parser-7.29.7.tgz. Extracting by manifest.
2694 silly tarball no local data for @babel/helper-module-transforms@https://registry.npmjs.org/@babel/helper-module-transforms/-/helper-module-transforms-7.29.7.tgz. Extracting by manifest.
2695 silly tarball no local data for string.prototype.repeat@https://registry.npmjs.org/string.prototype.repeat/-/string.prototype.repeat-1.0.0.tgz. Extracting by manifest.
2696 silly tarball no local data for iterator.prototype@https://registry.npmjs.org/iterator.prototype/-/iterator.prototype-1.1.5.tgz. Extracting by manifest.
2697 silly tarball no local data for string.prototype.matchall@https://registry.npmjs.org/string.prototype.matchall/-/string.prototype.matchall-4.0.12.tgz. Extracting by manifest.
2698 silly tarball no local data for prop-types@https://registry.npmjs.org/prop-types/-/prop-types-15.8.1.tgz. Extracting by manifest.
2699 silly tarball no local data for object.entries@https://registry.npmjs.org/object.entries/-/object.entries-1.1.9.tgz. Extracting by manifest.
2700 silly tarball no local data for estraverse@https://registry.npmjs.org/estraverse/-/estraverse-5.3.0.tgz. Extracting by manifest.
2701 silly tarball no local data for es-iterator-helpers@https://registry.npmjs.org/es-iterator-helpers/-/es-iterator-helpers-1.3.2.tgz. Extracting by manifest.
2702 silly tarball no local data for array.prototype.tosorted@https://registry.npmjs.org/array.prototype.tosorted/-/array.prototype.tosorted-1.1.4.tgz. Extracting by manifest.
2703 silly tarball no local data for semver@https://registry.npmjs.org/semver/-/semver-6.3.1.tgz. Extracting by manifest.
2704 silly tarball no local data for string.prototype.includes@https://registry.npmjs.org/string.prototype.includes/-/string.prototype.includes-2.0.1.tgz. Extracting by manifest.
2705 silly tarball no local data for jsx-ast-utils@https://registry.npmjs.org/jsx-ast-utils/-/jsx-ast-utils-3.3.5.tgz. Extracting by manifest.
2706 silly tarball no local data for array.prototype.findlast@https://registry.npmjs.org/array.prototype.findlast/-/array.prototype.findlast-1.2.5.tgz. Extracting by manifest.
2707 silly tarball no local data for language-tags@https://registry.npmjs.org/language-tags/-/language-tags-1.0.9.tgz. Extracting by manifest.
2708 silly tarball no local data for @babel/core@https://registry.npmjs.org/@babel/core/-/core-7.29.7.tgz. Extracting by manifest.
2709 silly tarball no local data for damerau-levenshtein@https://registry.npmjs.org/damerau-levenshtein/-/damerau-levenshtein-1.0.8.tgz. Extracting by manifest.
2710 silly tarball no local data for axobject-query@https://registry.npmjs.org/axobject-query/-/axobject-query-4.1.0.tgz. Extracting by manifest.
2711 silly tarball no local data for emoji-regex@https://registry.npmjs.org/emoji-regex/-/emoji-regex-9.2.2.tgz. Extracting by manifest.
2712 silly tarball no local data for ast-types-flow@https://registry.npmjs.org/ast-types-flow/-/ast-types-flow-0.0.8.tgz. Extracting by manifest.
2713 silly tarball no local data for is-symbol@https://registry.npmjs.org/is-symbol/-/is-symbol-1.1.1.tgz. Extracting by manifest.
2714 silly tarball no local data for aria-query@https://registry.npmjs.org/aria-query/-/aria-query-5.3.2.tgz. Extracting by manifest.
2715 silly tarball no local data for is-date-object@https://registry.npmjs.org/is-date-object/-/is-date-object-1.1.0.tgz. Extracting by manifest.
2716 silly tarball no local data for has-tostringtag@https://registry.npmjs.org/has-tostringtag/-/has-tostringtag-1.0.2.tgz. Extracting by manifest.
2717 silly tarball no local data for possible-typed-array-names@https://registry.npmjs.org/possible-typed-array-names/-/possible-typed-array-names-1.1.0.tgz. Extracting by manifest.
2718 silly tarball no local data for which-typed-array@https://registry.npmjs.org/which-typed-array/-/which-typed-array-1.1.21.tgz. Extracting by manifest.
2719 silly tarball no local data for unbox-primitive@https://registry.npmjs.org/unbox-primitive/-/unbox-primitive-1.1.0.tgz. Extracting by manifest.
2720 silly tarball no local data for typed-array-length@https://registry.npmjs.org/typed-array-length/-/typed-array-length-1.0.8.tgz. Extracting by manifest.
2721 silly tarball no local data for typed-array-byte-offset@https://registry.npmjs.org/typed-array-byte-offset/-/typed-array-byte-offset-1.0.4.tgz. Extracting by manifest.
2722 silly tarball no local data for axe-core@https://registry.npmjs.org/axe-core/-/axe-core-4.11.4.tgz. Extracting by manifest.
2723 silly tarball no local data for typed-array-byte-length@https://registry.npmjs.org/typed-array-byte-length/-/typed-array-byte-length-1.0.3.tgz. Extracting by manifest.
2724 silly tarball no local data for typed-array-buffer@https://registry.npmjs.org/typed-array-buffer/-/typed-array-buffer-1.0.3.tgz. Extracting by manifest.
2725 silly tarball no local data for string.prototype.trimstart@https://registry.npmjs.org/string.prototype.trimstart/-/string.prototype.trimstart-1.0.8.tgz. Extracting by manifest.
2726 silly tarball no local data for string.prototype.trim@https://registry.npmjs.org/string.prototype.trim/-/string.prototype.trim-1.2.10.tgz. Extracting by manifest.
2727 silly tarball no local data for set-proto@https://registry.npmjs.org/set-proto/-/set-proto-1.0.0.tgz. Extracting by manifest.
2728 silly tarball no local data for safe-regex-test@https://registry.npmjs.org/safe-regex-test/-/safe-regex-test-1.1.0.tgz. Extracting by manifest.
2729 silly tarball no local data for safe-push-apply@https://registry.npmjs.org/safe-push-apply/-/safe-push-apply-1.0.0.tgz. Extracting by manifest.
2730 silly tarball no local data for safe-array-concat@https://registry.npmjs.org/safe-array-concat/-/safe-array-concat-1.1.4.tgz. Extracting by manifest.
2731 silly tarball no local data for regexp.prototype.flags@https://registry.npmjs.org/regexp.prototype.flags/-/regexp.prototype.flags-1.5.4.tgz. Extracting by manifest.
2732 silly tarball no local data for own-keys@https://registry.npmjs.org/own-keys/-/own-keys-1.0.1.tgz. Extracting by manifest.
2733 silly tarball no local data for object.assign@https://registry.npmjs.org/object.assign/-/object.assign-4.1.7.tgz. Extracting by manifest.
2734 silly tarball no local data for object-inspect@https://registry.npmjs.org/object-inspect/-/object-inspect-1.13.4.tgz. Extracting by manifest.
2735 silly tarball no local data for is-weakref@https://registry.npmjs.org/is-weakref/-/is-weakref-1.1.1.tgz. Extracting by manifest.
2736 silly tarball no local data for is-typed-array@https://registry.npmjs.org/is-typed-array/-/is-typed-array-1.1.15.tgz. Extracting by manifest.
2737 silly tarball no local data for is-shared-array-buffer@https://registry.npmjs.org/is-shared-array-buffer/-/is-shared-array-buffer-1.0.4.tgz. Extracting by manifest.
2738 silly tarball no local data for stop-iteration-iterator@https://registry.npmjs.org/stop-iteration-iterator/-/stop-iteration-iterator-1.1.0.tgz. Extracting by manifest.
2739 silly tarball no local data for is-set@https://registry.npmjs.org/is-set/-/is-set-2.0.3.tgz. Extracting by manifest.
2740 silly tarball no local data for is-regex@https://registry.npmjs.org/is-regex/-/is-regex-1.2.1.tgz. Extracting by manifest.
2741 silly tarball no local data for is-negative-zero@https://registry.npmjs.org/is-negative-zero/-/is-negative-zero-2.0.3.tgz. Extracting by manifest.
2742 silly tarball no local data for is-data-view@https://registry.npmjs.org/is-data-view/-/is-data-view-1.0.2.tgz. Extracting by manifest.
2743 silly tarball no local data for is-callable@https://registry.npmjs.org/is-callable/-/is-callable-1.2.7.tgz. Extracting by manifest.
2744 silly tarball no local data for is-array-buffer@https://registry.npmjs.org/is-array-buffer/-/is-array-buffer-3.0.5.tgz. Extracting by manifest.
2745 silly tarball no local data for internal-slot@https://registry.npmjs.org/internal-slot/-/internal-slot-1.1.0.tgz. Extracting by manifest.
2746 silly tarball no local data for has-symbols@https://registry.npmjs.org/has-symbols/-/has-symbols-1.1.0.tgz. Extracting by manifest.
2747 silly tarball no local data for has-proto@https://registry.npmjs.org/has-proto/-/has-proto-1.2.0.tgz. Extracting by manifest.
2748 silly tarball no local data for globalthis@https://registry.npmjs.org/globalthis/-/globalthis-1.0.4.tgz. Extracting by manifest.
2749 silly tarball no local data for get-symbol-description@https://registry.npmjs.org/get-symbol-description/-/get-symbol-description-1.1.0.tgz. Extracting by manifest.
2750 silly tarball no local data for get-proto@https://registry.npmjs.org/get-proto/-/get-proto-1.0.1.tgz. Extracting by manifest.
2751 silly tarball no local data for function.prototype.name@https://registry.npmjs.org/function.prototype.name/-/function.prototype.name-1.1.8.tgz. Extracting by manifest.
2752 silly tarball no local data for es-to-primitive@https://registry.npmjs.org/es-to-primitive/-/es-to-primitive-1.3.0.tgz. Extracting by manifest.
2753 silly tarball no local data for es-set-tostringtag@https://registry.npmjs.org/es-set-tostringtag/-/es-set-tostringtag-2.1.0.tgz. Extracting by manifest.
2754 silly tarball no local data for data-view-byte-offset@https://registry.npmjs.org/data-view-byte-offset/-/data-view-byte-offset-1.0.1.tgz. Extracting by manifest.
2755 silly tarball no local data for data-view-buffer@https://registry.npmjs.org/data-view-buffer/-/data-view-buffer-1.0.2.tgz. Extracting by manifest.
2756 silly tarball no local data for available-typed-arrays@https://registry.npmjs.org/available-typed-arrays/-/available-typed-arrays-1.0.7.tgz. Extracting by manifest.
2757 silly tarball no local data for data-view-byte-length@https://registry.npmjs.org/data-view-byte-length/-/data-view-byte-length-1.0.2.tgz. Extracting by manifest.
2758 silly tarball no local data for arraybuffer.prototype.slice@https://registry.npmjs.org/arraybuffer.prototype.slice/-/arraybuffer.prototype.slice-1.0.4.tgz. Extracting by manifest.
2759 silly tarball no local data for array-buffer-byte-length@https://registry.npmjs.org/array-buffer-byte-length/-/array-buffer-byte-length-1.0.2.tgz. Extracting by manifest.
2760 silly tarball no local data for gopd@https://registry.npmjs.org/gopd/-/gopd-1.2.0.tgz. Extracting by manifest.
2761 silly tarball no local data for object-keys@https://registry.npmjs.org/object-keys/-/object-keys-1.1.1.tgz. Extracting by manifest.
2762 silly tarball no local data for has-property-descriptors@https://registry.npmjs.org/has-property-descriptors/-/has-property-descriptors-1.0.2.tgz. Extracting by manifest.
2763 silly tarball no local data for define-data-property@https://registry.npmjs.org/define-data-property/-/define-data-property-1.1.4.tgz. Extracting by manifest.
2764 silly tarball no local data for function-bind@https://registry.npmjs.org/function-bind/-/function-bind-1.1.2.tgz. Extracting by manifest.
2765 silly tarball no local data for set-function-length@https://registry.npmjs.org/set-function-length/-/set-function-length-1.2.2.tgz. Extracting by manifest.
2766 silly tarball no local data for es-define-property@https://registry.npmjs.org/es-define-property/-/es-define-property-1.0.1.tgz. Extracting by manifest.
2767 silly tarball no local data for call-bind-apply-helpers@https://registry.npmjs.org/call-bind-apply-helpers/-/call-bind-apply-helpers-1.0.2.tgz. Extracting by manifest.
2768 silly tarball no local data for es-shim-unscopables@https://registry.npmjs.org/es-shim-unscopables/-/es-shim-unscopables-1.1.0.tgz. Extracting by manifest.
2769 silly tarball no local data for es-errors@https://registry.npmjs.org/es-errors/-/es-errors-1.3.0.tgz. Extracting by manifest.
2770 silly tarball no local data for math-intrinsics@https://registry.npmjs.org/math-intrinsics/-/math-intrinsics-1.1.0.tgz. Extracting by manifest.
2771 silly tarball no local data for is-string@https://registry.npmjs.org/is-string/-/is-string-1.1.1.tgz. Extracting by manifest.
2772 silly tarball no local data for get-intrinsic@https://registry.npmjs.org/get-intrinsic/-/get-intrinsic-1.3.0.tgz. Extracting by manifest.
2773 silly tarball no local data for es-object-atoms@https://registry.npmjs.org/es-object-atoms/-/es-object-atoms-1.1.2.tgz. Extracting by manifest.
2774 silly tarball no local data for es-abstract@https://registry.npmjs.org/es-abstract/-/es-abstract-1.24.2.tgz. Extracting by manifest.
2775 silly tarball no local data for define-properties@https://registry.npmjs.org/define-properties/-/define-properties-1.2.1.tgz. Extracting by manifest.
2776 silly tarball no local data for call-bound@https://registry.npmjs.org/call-bound/-/call-bound-1.0.4.tgz. Extracting by manifest.
2777 silly tarball no local data for call-bind@https://registry.npmjs.org/call-bind/-/call-bind-1.0.9.tgz. Extracting by manifest.
2778 silly tarball no local data for tsconfig-paths@https://registry.npmjs.org/tsconfig-paths/-/tsconfig-paths-3.15.0.tgz. Extracting by manifest.
2779 silly tarball no local data for json5@https://registry.npmjs.org/json5/-/json5-1.0.2.tgz. Extracting by manifest.
2780 silly tarball no local data for string.prototype.trimend@https://registry.npmjs.org/string.prototype.trimend/-/string.prototype.trimend-1.0.9.tgz. Extracting by manifest.
2781 silly tarball no local data for object.values@https://registry.npmjs.org/object.values/-/object.values-1.2.1.tgz. Extracting by manifest.
2782 silly tarball no local data for object.groupby@https://registry.npmjs.org/object.groupby/-/object.groupby-1.0.3.tgz. Extracting by manifest.
2783 silly tarball no local data for object.fromentries@https://registry.npmjs.org/object.fromentries/-/object.fromentries-2.0.8.tgz. Extracting by manifest.
2784 silly tarball no local data for hasown@https://registry.npmjs.org/hasown/-/hasown-2.0.4.tgz. Extracting by manifest.
2785 silly tarball no local data for debug@https://registry.npmjs.org/debug/-/debug-3.2.7.tgz. Extracting by manifest.
2786 silly tarball no local data for doctrine@https://registry.npmjs.org/doctrine/-/doctrine-2.1.0.tgz. Extracting by manifest.
2787 silly tarball no local data for array.prototype.flatmap@https://registry.npmjs.org/array.prototype.flatmap/-/array.prototype.flatmap-1.3.3.tgz. Extracting by manifest.
2788 silly tarball no local data for array.prototype.flat@https://registry.npmjs.org/array.prototype.flat/-/array.prototype.flat-1.3.3.tgz. Extracting by manifest.
2789 silly tarball no local data for array.prototype.findlastindex@https://registry.npmjs.org/array.prototype.findlastindex/-/array.prototype.findlastindex-1.2.6.tgz. Extracting by manifest.
2790 silly tarball no local data for array-includes@https://registry.npmjs.org/array-includes/-/array-includes-3.1.9.tgz. Extracting by manifest.
2791 silly tarball no local data for eslint-module-utils@https://registry.npmjs.org/eslint-module-utils/-/eslint-module-utils-2.13.0.tgz. Extracting by manifest.
2792 silly tarball no local data for @rtsao/scc@https://registry.npmjs.org/@rtsao/scc/-/scc-1.1.0.tgz. Extracting by manifest.
2793 silly tarball no local data for unrs-resolver@https://registry.npmjs.org/unrs-resolver/-/unrs-resolver-1.12.2.tgz. Extracting by manifest.
2794 silly tarball no local data for picomatch@https://registry.npmjs.org/picomatch/-/picomatch-4.0.4.tgz. Extracting by manifest.
2795 silly tarball no local data for fdir@https://registry.npmjs.org/fdir/-/fdir-6.5.0.tgz. Extracting by manifest.
2796 silly tarball no local data for stable-hash@https://registry.npmjs.org/stable-hash/-/stable-hash-0.0.5.tgz. Extracting by manifest.
2797 silly tarball no local data for is-bun-module@https://registry.npmjs.org/is-bun-module/-/is-bun-module-2.0.0.tgz. Extracting by manifest.
2798 silly tarball no local data for get-tsconfig@https://registry.npmjs.org/get-tsconfig/-/get-tsconfig-4.14.0.tgz. Extracting by manifest.
2799 silly tarball no local data for @nolyfill/is-core-module@https://registry.npmjs.org/@nolyfill/is-core-module/-/is-core-module-1.0.39.tgz. Extracting by manifest.
2800 silly tarball no local data for resolve@https://registry.npmjs.org/resolve/-/resolve-2.0.0-next.7.tgz. Extracting by manifest.
2801 silly tarball no local data for is-core-module@https://registry.npmjs.org/is-core-module/-/is-core-module-2.16.2.tgz. Extracting by manifest.
2802 silly tarball no local data for color-name@https://registry.npmjs.org/color-name/-/color-name-1.1.4.tgz. Extracting by manifest.
2803 silly tarball no local data for color-convert@https://registry.npmjs.org/color-convert/-/color-convert-2.0.1.tgz. Extracting by manifest.
2804 silly tarball no local data for tinyglobby@https://registry.npmjs.org/tinyglobby/-/tinyglobby-0.2.17.tgz. Extracting by manifest.
2805 silly tarball no local data for supports-color@https://registry.npmjs.org/supports-color/-/supports-color-7.2.0.tgz. Extracting by manifest.
2806 silly tarball no local data for ansi-styles@https://registry.npmjs.org/ansi-styles/-/ansi-styles-4.3.0.tgz. Extracting by manifest.
2807 silly tarball no local data for strip-json-comments@https://registry.npmjs.org/strip-json-comments/-/strip-json-comments-3.1.1.tgz. Extracting by manifest.
2808 silly tarball no local data for js-yaml@https://registry.npmjs.org/js-yaml/-/js-yaml-4.1.1.tgz. Extracting by manifest.
2809 silly tarball no local data for @types/json-schema@https://registry.npmjs.org/@types/json-schema/-/json-schema-7.0.15.tgz. Extracting by manifest.
2810 silly tarball no local data for @eslint/object-schema@https://registry.npmjs.org/@eslint/object-schema/-/object-schema-2.1.7.tgz. Extracting by manifest.
2811 silly tarball no local data for minimatch@https://registry.npmjs.org/minimatch/-/minimatch-3.1.5.tgz. Extracting by manifest.
2812 silly tarball no local data for lodash.merge@https://registry.npmjs.org/lodash.merge/-/lodash.merge-4.6.2.tgz. Extracting by manifest.
2813 silly tarball no local data for espree@https://registry.npmjs.org/espree/-/espree-10.4.0.tgz. Extracting by manifest.
2814 silly tarball no local data for eslint-visitor-keys@https://registry.npmjs.org/eslint-visitor-keys/-/eslint-visitor-keys-4.2.1.tgz. Extracting by manifest.
2815 silly tarball no local data for eslint-scope@https://registry.npmjs.org/eslint-scope/-/eslint-scope-8.4.0.tgz. Extracting by manifest.
2816 silly tarball no local data for import-fresh@https://registry.npmjs.org/import-fresh/-/import-fresh-3.3.1.tgz. Extracting by manifest.
2817 silly tarball no local data for chalk@https://registry.npmjs.org/chalk/-/chalk-4.1.2.tgz. Extracting by manifest.
2818 silly tarball no local data for @eslint/plugin-kit@https://registry.npmjs.org/@eslint/plugin-kit/-/plugin-kit-0.4.1.tgz. Extracting by manifest.
2819 silly tarball no local data for @types/estree@https://registry.npmjs.org/@types/estree/-/estree-1.0.9.tgz. Extracting by manifest.
2820 silly tarball no local data for @eslint/js@https://registry.npmjs.org/@eslint/js/-/js-9.39.4.tgz. Extracting by manifest.
2821 silly tarball no local data for @eslint/eslintrc@https://registry.npmjs.org/@eslint/eslintrc/-/eslintrc-3.3.5.tgz. Extracting by manifest.
2822 silly tarball no local data for globals@https://registry.npmjs.org/globals/-/globals-14.0.0.tgz. Extracting by manifest.
2823 silly tarball no local data for @eslint/core@https://registry.npmjs.org/@eslint/core/-/core-0.17.0.tgz. Extracting by manifest.
2824 silly tarball no local data for @eslint/config-helpers@https://registry.npmjs.org/@eslint/config-helpers/-/config-helpers-0.4.2.tgz. Extracting by manifest.
2825 silly tarball no local data for @eslint/config-array@https://registry.npmjs.org/@eslint/config-array/-/config-array-0.21.2.tgz. Extracting by manifest.
2826 silly tarball no local data for fast-glob@https://registry.npmjs.org/fast-glob/-/fast-glob-3.3.1.tgz. Extracting by manifest.
2827 silly tarball no local data for typescript-eslint@https://registry.npmjs.org/typescript-eslint/-/typescript-eslint-8.60.0.tgz. Extracting by manifest.
2828 silly tarball no local data for glob-parent@https://registry.npmjs.org/glob-parent/-/glob-parent-5.1.2.tgz. Extracting by manifest.
2829 silly tarball no local data for globals@https://registry.npmjs.org/globals/-/globals-16.4.0.tgz. Extracting by manifest.
2830 silly tarball no local data for eslint-plugin-react-hooks@https://registry.npmjs.org/eslint-plugin-react-hooks/-/eslint-plugin-react-hooks-7.1.1.tgz. Extracting by manifest.
2831 silly tarball no local data for eslint-plugin-react@https://registry.npmjs.org/eslint-plugin-react/-/eslint-plugin-react-7.37.5.tgz. Extracting by manifest.
2832 silly tarball no local data for semver@https://registry.npmjs.org/semver/-/semver-6.3.1.tgz. Extracting by manifest.
2833 silly tarball no local data for eslint@https://registry.npmjs.org/eslint/-/eslint-9.39.4.tgz. Extracting by manifest.
2834 silly tarball no local data for eslint-plugin-jsx-a11y@https://registry.npmjs.org/eslint-plugin-jsx-a11y/-/eslint-plugin-jsx-a11y-6.10.2.tgz. Extracting by manifest.
2835 silly tarball no local data for eslint-plugin-import@https://registry.npmjs.org/eslint-plugin-import/-/eslint-plugin-import-2.32.0.tgz. Extracting by manifest.
2836 silly tarball no local data for semver@https://registry.npmjs.org/semver/-/semver-6.3.1.tgz. Extracting by manifest.
2837 silly tarball no local data for eslint-import-resolver-typescript@https://registry.npmjs.org/eslint-import-resolver-typescript/-/eslint-import-resolver-typescript-3.10.1.tgz. Extracting by manifest.
2838 silly tarball no local data for debug@https://registry.npmjs.org/debug/-/debug-3.2.7.tgz. Extracting by manifest.
2839 silly tarball no local data for eslint-import-resolver-node@https://registry.npmjs.org/eslint-import-resolver-node/-/eslint-import-resolver-node-0.3.10.tgz. Extracting by manifest.
2840 silly tarball no local data for debug@https://registry.npmjs.org/debug/-/debug-3.2.7.tgz. Extracting by manifest.
2841 silly tarball no local data for @next/eslint-plugin-next@https://registry.npmjs.org/@next/eslint-plugin-next/-/eslint-plugin-next-16.2.6.tgz. Extracting by manifest.
2842 silly tarball no local data for which@https://registry.npmjs.org/which/-/which-2.0.2.tgz. Extracting by manifest.
2843 silly tarball no local data for shebang-command@https://registry.npmjs.org/shebang-command/-/shebang-command-2.0.0.tgz. Extracting by manifest.
2844 silly tarball no local data for path-key@https://registry.npmjs.org/path-key/-/path-key-3.1.1.tgz. Extracting by manifest.
2845 silly tarball no local data for uri-js@https://registry.npmjs.org/uri-js/-/uri-js-4.4.1.tgz. Extracting by manifest.
2846 silly tarball no local data for json-schema-traverse@https://registry.npmjs.org/json-schema-traverse/-/json-schema-traverse-0.4.1.tgz. Extracting by manifest.
2847 silly tarball no local data for fast-json-stable-stringify@https://registry.npmjs.org/fast-json-stable-stringify/-/fast-json-stable-stringify-2.1.0.tgz. Extracting by manifest.
2848 silly tarball no local data for @humanfs/types@https://registry.npmjs.org/@humanfs/types/-/types-0.15.0.tgz. Extracting by manifest.
2849 silly tarball no local data for @humanfs/core@https://registry.npmjs.org/@humanfs/core/-/core-0.19.2.tgz. Extracting by manifest.
2850 silly tarball no local data for levn@https://registry.npmjs.org/levn/-/levn-0.4.1.tgz. Extracting by manifest.
2851 silly tarball no local data for optionator@https://registry.npmjs.org/optionator/-/optionator-0.9.4.tgz. Extracting by manifest.
2852 silly tarball no local data for ms@https://registry.npmjs.org/ms/-/ms-2.1.3.tgz. Extracting by manifest.
2853 silly tarball no local data for natural-compare@https://registry.npmjs.org/natural-compare/-/natural-compare-1.4.0.tgz. Extracting by manifest.
2854 silly tarball no local data for json-stable-stringify-without-jsonify@https://registry.npmjs.org/json-stable-stringify-without-jsonify/-/json-stable-stringify-without-jsonify-1.0.1.tgz. Extracting by manifest.
2855 silly tarball no local data for is-glob@https://registry.npmjs.org/is-glob/-/is-glob-4.0.3.tgz. Extracting by manifest.
2856 silly tarball no local data for imurmurhash@https://registry.npmjs.org/imurmurhash/-/imurmurhash-0.1.4.tgz. Extracting by manifest.
2857 silly tarball no local data for ignore@https://registry.npmjs.org/ignore/-/ignore-5.3.2.tgz. Extracting by manifest.
2858 silly tarball no local data for glob-parent@https://registry.npmjs.org/glob-parent/-/glob-parent-6.0.2.tgz. Extracting by manifest.
2859 silly tarball no local data for find-up@https://registry.npmjs.org/find-up/-/find-up-5.0.0.tgz. Extracting by manifest.
2860 silly tarball no local data for file-entry-cache@https://registry.npmjs.org/file-entry-cache/-/file-entry-cache-8.0.0.tgz. Extracting by manifest.
2861 silly tarball no local data for fast-deep-equal@https://registry.npmjs.org/fast-deep-equal/-/fast-deep-equal-3.1.3.tgz. Extracting by manifest.
2862 silly tarball no local data for esutils@https://registry.npmjs.org/esutils/-/esutils-2.0.3.tgz. Extracting by manifest.
2863 silly tarball no local data for esquery@https://registry.npmjs.org/esquery/-/esquery-1.7.0.tgz. Extracting by manifest.
2864 silly tarball no local data for escape-string-regexp@https://registry.npmjs.org/escape-string-regexp/-/escape-string-regexp-4.0.0.tgz. Extracting by manifest.
2865 silly tarball no local data for debug@https://registry.npmjs.org/debug/-/debug-4.4.3.tgz. Extracting by manifest.
2866 silly tarball no local data for cross-spawn@https://registry.npmjs.org/cross-spawn/-/cross-spawn-7.0.6.tgz. Extracting by manifest.
2867 silly tarball no local data for @humanwhocodes/retry@https://registry.npmjs.org/@humanwhocodes/retry/-/retry-0.4.3.tgz. Extracting by manifest.
2868 silly tarball no local data for ajv@https://registry.npmjs.org/ajv/-/ajv-6.15.0.tgz. Extracting by manifest.
2869 silly tarball no local data for @humanwhocodes/module-importer@https://registry.npmjs.org/@humanwhocodes/module-importer/-/module-importer-1.0.1.tgz. Extracting by manifest.
2870 silly tarball no local data for @eslint-community/regexpp@https://registry.npmjs.org/@eslint-community/regexpp/-/regexpp-4.12.2.tgz. Extracting by manifest.
2871 silly tarball no local data for @eslint-community/eslint-utils@https://registry.npmjs.org/@eslint-community/eslint-utils/-/eslint-utils-4.9.1.tgz. Extracting by manifest.
2872 silly tarball no local data for update-browserslist-db@https://registry.npmjs.org/update-browserslist-db/-/update-browserslist-db-1.2.3.tgz. Extracting by manifest.
2873 silly tarball no local data for eslint-visitor-keys@https://registry.npmjs.org/eslint-visitor-keys/-/eslint-visitor-keys-3.4.3.tgz. Extracting by manifest.
2874 silly tarball no local data for node-releases@https://registry.npmjs.org/node-releases/-/node-releases-2.0.46.tgz. Extracting by manifest.
2875 silly tarball no local data for postcss-value-parser@https://registry.npmjs.org/postcss-value-parser/-/postcss-value-parser-4.2.0.tgz. Extracting by manifest.
2876 silly tarball no local data for electron-to-chromium@https://registry.npmjs.org/electron-to-chromium/-/electron-to-chromium-1.5.364.tgz. Extracting by manifest.
2877 silly tarball no local data for fraction.js@https://registry.npmjs.org/fraction.js/-/fraction.js-5.3.4.tgz. Extracting by manifest.
2878 silly tarball no local data for browserslist@https://registry.npmjs.org/browserslist/-/browserslist-4.28.2.tgz. Extracting by manifest.
2879 silly tarball no local data for csstype@https://registry.npmjs.org/csstype/-/csstype-3.2.3.tgz. Extracting by manifest.
2880 silly tarball no local data for @humanfs/node@https://registry.npmjs.org/@humanfs/node/-/node-0.16.8.tgz. Extracting by manifest.
2881 silly tarball no local data for undici-types@https://registry.npmjs.org/undici-types/-/undici-types-7.24.6.tgz. Extracting by manifest.
2882 silly tarball no local data for typescript@https://registry.npmjs.org/typescript/-/typescript-6.0.3.tgz. Extracting by manifest.
2883 silly tarball no local data for tailwindcss@https://registry.npmjs.org/tailwindcss/-/tailwindcss-4.3.0.tgz. Extracting by manifest.
2884 silly tarball no local data for eslint-config-next@https://registry.npmjs.org/eslint-config-next/-/eslint-config-next-16.2.6.tgz. Extracting by manifest.
2885 silly tarball no local data for autoprefixer@https://registry.npmjs.org/autoprefixer/-/autoprefixer-10.5.0.tgz. Extracting by manifest.
2886 silly tarball no local data for @types/react-dom@https://registry.npmjs.org/@types/react-dom/-/react-dom-19.2.3.tgz. Extracting by manifest.
2887 silly tarball no local data for @types/react@https://registry.npmjs.org/@types/react/-/react-19.2.15.tgz. Extracting by manifest.
2888 silly tarball no local data for @types/node@https://registry.npmjs.org/@types/node/-/node-25.9.1.tgz. Extracting by manifest.
2889 silly tarball no local data for postcss@https://registry.npmjs.org/postcss/-/postcss-8.5.15.tgz. Extracting by manifest.
2890 http fetch POST 200 https://registry.npmjs.org/-/npm/v1/security/advisories/bulk 119ms
2891 silly audit report {
2891 silly audit report   postcss: [
2891 silly audit report     {
2891 silly audit report       id: 1117015,
2891 silly audit report       url: 'https://github.com/advisories/GHSA-qx2v-qp2m-jg93',
2891 silly audit report       title: 'PostCSS has XSS via Unescaped </style> in its CSS Stringify Output',
2891 silly audit report       severity: 'moderate',
2891 silly audit report       vulnerable_versions: '<8.5.10',
2891 silly audit report       cwe: [Array],
2891 silly audit report       cvss: [Object]
2891 silly audit report     }
2891 silly audit report   ]
2891 silly audit report }
2892 silly packumentCache corgi:https://registry.npmjs.org/postcss cache-miss
2893 http fetch GET 200 https://registry.npmjs.org/is-map/-/is-map-2.0.3.tgz 99ms (cache miss)
2894 http fetch GET 200 https://registry.npmjs.org/is-finalizationregistry/-/is-finalizationregistry-1.1.1.tgz 98ms (cache miss)
2895 http fetch GET 200 https://registry.npmjs.org/is-async-function/-/is-async-function-2.1.1.tgz 98ms (cache miss)
2896 http fetch GET 200 https://registry.npmjs.org/async-function/-/async-function-1.0.0.tgz 99ms (cache miss)
2897 http fetch GET 200 https://registry.npmjs.org/is-generator-function/-/is-generator-function-1.1.2.tgz 99ms (cache miss)
2898 http fetch GET 200 https://registry.npmjs.org/is-number-object/-/is-number-object-1.1.1.tgz 99ms (cache miss)
2899 http fetch GET 200 https://registry.npmjs.org/which-collection/-/which-collection-1.0.2.tgz 100ms (cache miss)
2900 http fetch GET 200 https://registry.npmjs.org/is-weakmap/-/is-weakmap-2.0.2.tgz 100ms (cache miss)
2901 http fetch GET 200 https://registry.npmjs.org/is-bigint/-/is-bigint-1.1.0.tgz 99ms (cache miss)
2902 http fetch GET 200 https://registry.npmjs.org/is-weakset/-/is-weakset-2.0.4.tgz 100ms (cache miss)
2903 http fetch GET 200 https://registry.npmjs.org/generator-function/-/generator-function-2.0.1.tgz 101ms (cache miss)
2904 http fetch GET 200 https://registry.npmjs.org/is-boolean-object/-/is-boolean-object-1.2.2.tgz 101ms (cache miss)
2905 http cache https://registry.npmjs.org/postcss 15ms (cache hit)
2906 silly packumentCache corgi:https://registry.npmjs.org/postcss set size:344717 disposed:false
2907 silly packumentCache corgi:https://registry.npmjs.org/next cache-miss
2908 http cache https://registry.npmjs.org/next 29ms (cache hit)
2909 silly packumentCache corgi:https://registry.npmjs.org/next set size:25082156 disposed:false
2910 http fetch GET 200 https://registry.npmjs.org/which-boxed-primitive/-/which-boxed-primitive-1.1.1.tgz 362ms (cache miss)
2911 http fetch GET 200 https://registry.npmjs.org/has-bigints/-/has-bigints-1.1.0.tgz 362ms (cache miss)
2912 http fetch GET 200 https://registry.npmjs.org/@typescript-eslint/tsconfig-utils/-/tsconfig-utils-8.60.0.tgz 362ms (cache miss)
2913 http fetch GET 200 https://registry.npmjs.org/@typescript-eslint/project-service/-/project-service-8.60.0.tgz 362ms (cache miss)
2914 http fetch GET 200 https://registry.npmjs.org/escalade/-/escalade-3.2.0.tgz 363ms (cache miss)
2915 http fetch GET 200 https://registry.npmjs.org/napi-postinstall/-/napi-postinstall-0.3.4.tgz 363ms (cache miss)
2916 http fetch GET 200 https://registry.npmjs.org/@typescript-eslint/types/-/types-8.60.0.tgz 365ms (cache miss)
2917 http fetch GET 200 https://registry.npmjs.org/ts-api-utils/-/ts-api-utils-2.5.0.tgz 368ms (cache miss)
2918 http fetch GET 200 https://registry.npmjs.org/@emnapi/wasi-threads/-/wasi-threads-1.2.1.tgz 370ms (cache miss)
2919 http fetch GET 200 https://registry.npmjs.org/@tybys/wasm-util/-/wasm-util-0.10.2.tgz 389ms (cache miss)
2920 http fetch GET 200 https://registry.npmjs.org/eslint-visitor-keys/-/eslint-visitor-keys-5.0.1.tgz 389ms (cache miss)
2921 http fetch GET 200 https://registry.npmjs.org/balanced-match/-/balanced-match-4.0.4.tgz 391ms (cache miss)
2922 http fetch GET 200 https://registry.npmjs.org/@unrs/resolver-binding-darwin-arm64/-/resolver-binding-darwin-arm64-1.12.2.tgz 396ms (cache miss)
2923 http fetch GET 200 https://registry.npmjs.org/brace-expansion/-/brace-expansion-5.0.6.tgz 402ms (cache miss)
2924 http fetch GET 200 https://registry.npmjs.org/ignore/-/ignore-7.0.5.tgz 404ms (cache miss)
2925 http fetch GET 200 https://registry.npmjs.org/isexe/-/isexe-2.0.0.tgz 406ms (cache miss)
2926 http fetch GET 200 https://registry.npmjs.org/@emnapi/core/-/core-1.10.0.tgz 407ms (cache miss)
2927 http fetch GET 200 https://registry.npmjs.org/punycode/-/punycode-2.3.1.tgz 409ms (cache miss)
2928 http fetch GET 200 https://registry.npmjs.org/@typescript-eslint/parser/-/parser-8.60.0.tgz 418ms (cache miss)
2929 http fetch GET 200 https://registry.npmjs.org/which-builtin-type/-/which-builtin-type-1.2.1.tgz 419ms (cache miss)
2930 http fetch GET 200 https://registry.npmjs.org/@typescript-eslint/type-utils/-/type-utils-8.60.0.tgz 430ms (cache miss)
2931 http fetch GET 200 https://registry.npmjs.org/@typescript-eslint/visitor-keys/-/visitor-keys-8.60.0.tgz 430ms (cache miss)
2932 http fetch GET 200 https://registry.npmjs.org/for-each/-/for-each-0.3.5.tgz 430ms (cache miss)
2933 http fetch GET 200 https://registry.npmjs.org/reflect.getprototypeof/-/reflect.getprototypeof-1.0.10.tgz 431ms (cache miss)
2934 http fetch GET 200 https://registry.npmjs.org/strip-bom/-/strip-bom-3.0.0.tgz 431ms (cache miss)
2935 http fetch GET 200 https://registry.npmjs.org/minimatch/-/minimatch-10.2.5.tgz 439ms (cache miss)
2936 http fetch GET 200 https://registry.npmjs.org/minimist/-/minimist-1.2.8.tgz 444ms (cache miss)
2937 http fetch GET 200 https://registry.npmjs.org/has-flag/-/has-flag-4.0.0.tgz 444ms (cache miss)
2938 http fetch GET 200 https://registry.npmjs.org/is-number/-/is-number-7.0.0.tgz 445ms (cache miss)
2939 http fetch GET 200 https://registry.npmjs.org/shebang-regex/-/shebang-regex-3.0.0.tgz 447ms (cache miss)
2940 http fetch GET 200 https://registry.npmjs.org/side-channel-weakmap/-/side-channel-weakmap-1.0.2.tgz 447ms (cache miss)
2941 http fetch GET 200 https://registry.npmjs.org/side-channel-map/-/side-channel-map-1.0.1.tgz 447ms (cache miss)
2942 http fetch GET 200 https://registry.npmjs.org/@types/json5/-/json5-0.0.29.tgz 448ms (cache miss)
2943 http fetch GET 200 https://registry.npmjs.org/isarray/-/isarray-2.0.5.tgz 456ms (cache miss)
2944 http fetch GET 200 https://registry.npmjs.org/queue-microtask/-/queue-microtask-1.2.3.tgz 456ms (cache miss)
2945 http fetch GET 200 https://registry.npmjs.org/@typescript-eslint/utils/-/utils-8.60.0.tgz 459ms (cache miss)
2946 http fetch GET 200 https://registry.npmjs.org/path-parse/-/path-parse-1.0.7.tgz 457ms (cache miss)
2947 http fetch GET 200 https://registry.npmjs.org/supports-preserve-symlinks-flag/-/supports-preserve-symlinks-flag-1.0.0.tgz 459ms (cache miss)
2948 http fetch GET 200 https://registry.npmjs.org/@typescript-eslint/typescript-estree/-/typescript-estree-8.60.0.tgz 467ms (cache miss)
2949 http fetch GET 200 https://registry.npmjs.org/react-is/-/react-is-16.13.1.tgz 466ms (cache miss)
2950 http fetch GET 200 https://registry.npmjs.org/semver/-/semver-6.3.1.tgz 468ms (cache miss)
2951 http fetch GET 200 https://registry.npmjs.org/loose-envify/-/loose-envify-1.4.0.tgz 475ms (cache miss)
2952 http fetch GET 200 https://registry.npmjs.org/object-assign/-/object-assign-4.1.1.tgz 478ms (cache miss)
2953 http fetch GET 200 https://registry.npmjs.org/p-limit/-/p-limit-3.1.0.tgz 481ms (cache miss)
2954 http fetch GET 200 https://registry.npmjs.org/fast-levenshtein/-/fast-levenshtein-2.0.6.tgz 482ms (cache miss)
2955 http fetch GET 200 https://registry.npmjs.org/callsites/-/callsites-3.1.0.tgz 483ms (cache miss)
2956 http fetch GET 200 https://registry.npmjs.org/node-exports-info/-/node-exports-info-1.6.0.tgz 486ms (cache miss)
2957 http fetch GET 200 https://registry.npmjs.org/deep-is/-/deep-is-0.1.4.tgz 486ms (cache miss)
2958 http fetch GET 200 https://registry.npmjs.org/yocto-queue/-/yocto-queue-0.1.0.tgz 488ms (cache miss)
2959 http fetch GET 200 https://registry.npmjs.org/word-wrap/-/word-wrap-1.2.5.tgz 488ms (cache miss)
2960 http fetch GET 200 https://registry.npmjs.org/concat-map/-/concat-map-0.0.1.tgz 489ms (cache miss)
2961 http fetch GET 200 https://registry.npmjs.org/side-channel-list/-/side-channel-list-1.0.1.tgz 490ms (cache miss)
2962 http fetch GET 200 https://registry.npmjs.org/@napi-rs/wasm-runtime/-/wasm-runtime-1.1.4.tgz 498ms (cache miss)
2963 http fetch GET 200 https://registry.npmjs.org/balanced-match/-/balanced-match-1.0.2.tgz 493ms (cache miss)
2964 http fetch GET 200 https://registry.npmjs.org/brace-expansion/-/brace-expansion-1.1.15.tgz 495ms (cache miss)
2965 http fetch GET 200 https://registry.npmjs.org/to-regex-range/-/to-regex-range-5.0.1.tgz 502ms (cache miss)
2966 http fetch GET 200 https://registry.npmjs.org/p-locate/-/p-locate-5.0.0.tgz 508ms (cache miss)
2967 http fetch GET 200 https://registry.npmjs.org/picomatch/-/picomatch-2.3.2.tgz 508ms (cache miss)
2968 http fetch GET 200 https://registry.npmjs.org/@typescript-eslint/scope-manager/-/scope-manager-8.60.0.tgz 513ms (cache miss)
2969 http fetch GET 200 https://registry.npmjs.org/fill-range/-/fill-range-7.1.1.tgz 513ms (cache miss)
2970 http fetch GET 200 https://registry.npmjs.org/type-check/-/type-check-0.4.0.tgz 512ms (cache miss)
2971 http fetch GET 200 https://registry.npmjs.org/prelude-ls/-/prelude-ls-1.2.1.tgz 516ms (cache miss)
2972 http fetch GET 200 https://registry.npmjs.org/yallist/-/yallist-3.1.1.tgz 517ms (cache miss)
2973 http fetch GET 200 https://registry.npmjs.org/braces/-/braces-3.0.3.tgz 529ms (cache miss)
2974 http fetch GET 200 https://registry.npmjs.org/argparse/-/argparse-2.0.1.tgz 530ms (cache miss)
2975 http fetch GET 200 https://registry.npmjs.org/side-channel/-/side-channel-1.1.0.tgz 531ms (cache miss)
2976 http fetch GET 200 https://registry.npmjs.org/set-function-name/-/set-function-name-2.0.2.tgz 532ms (cache miss)
2977 http fetch GET 200 https://registry.npmjs.org/is-extglob/-/is-extglob-2.1.1.tgz 532ms (cache miss)
2978 http fetch GET 200 https://registry.npmjs.org/json-buffer/-/json-buffer-3.0.1.tgz 535ms (cache miss)
2979 http fetch GET 200 https://registry.npmjs.org/resolve-from/-/resolve-from-4.0.0.tgz 535ms (cache miss)
2980 http fetch GET 200 https://registry.npmjs.org/language-subtag-registry/-/language-subtag-registry-0.3.23.tgz 538ms (cache miss)
2981 http fetch GET 200 https://registry.npmjs.org/parent-module/-/parent-module-1.0.1.tgz 546ms (cache miss)
2982 http fetch GET 200 https://registry.npmjs.org/resolve-pkg-maps/-/resolve-pkg-maps-1.0.0.tgz 548ms (cache miss)
2983 http fetch GET 200 https://registry.npmjs.org/hermes-estree/-/hermes-estree-0.25.1.tgz 548ms (cache miss)
2984 http fetch GET 200 https://registry.npmjs.org/functions-have-names/-/functions-have-names-1.2.3.tgz 548ms (cache miss)
2985 http fetch GET 200 https://registry.npmjs.org/dunder-proto/-/dunder-proto-1.0.1.tgz 553ms (cache miss)
2986 http fetch GET 200 https://registry.npmjs.org/@typescript-eslint/eslint-plugin/-/eslint-plugin-8.60.0.tgz 559ms (cache miss)
2987 http fetch GET 200 https://registry.npmjs.org/locate-path/-/locate-path-6.0.0.tgz 555ms (cache miss)
2988 http fetch GET 200 https://registry.npmjs.org/keyv/-/keyv-4.5.4.tgz 560ms (cache miss)
2989 http fetch GET 200 https://registry.npmjs.org/run-parallel/-/run-parallel-1.2.0.tgz 561ms (cache miss)
2990 http fetch GET 200 https://registry.npmjs.org/path-exists/-/path-exists-4.0.0.tgz 563ms (cache miss)
2991 http fetch GET 200 https://registry.npmjs.org/micromatch/-/micromatch-4.0.8.tgz 568ms (cache miss)
2992 http fetch GET 200 https://registry.npmjs.org/flatted/-/flatted-3.4.2.tgz 573ms (cache miss)
2993 http fetch GET 200 https://registry.npmjs.org/fastq/-/fastq-1.20.1.tgz 575ms (cache miss)
2994 http fetch GET 200 https://registry.npmjs.org/flat-cache/-/flat-cache-4.0.1.tgz 577ms (cache miss)
2995 http fetch GET 200 https://registry.npmjs.org/reusify/-/reusify-1.1.0.tgz 577ms (cache miss)
2996 http fetch GET 200 https://registry.npmjs.org/merge2/-/merge2-1.4.1.tgz 580ms (cache miss)
2997 http fetch GET 200 https://registry.npmjs.org/acorn-jsx/-/acorn-jsx-5.3.2.tgz 587ms (cache miss)
2998 http fetch GET 200 https://registry.npmjs.org/esrecurse/-/esrecurse-4.3.0.tgz 591ms (cache miss)
2999 http fetch GET 200 https://registry.npmjs.org/@nodelib/fs.walk/-/fs.walk-1.2.8.tgz 594ms (cache miss)
3000 http fetch GET 200 https://registry.npmjs.org/@nodelib/fs.scandir/-/fs.scandir-2.1.5.tgz 596ms (cache miss)
3001 http fetch GET 200 https://registry.npmjs.org/@nodelib/fs.stat/-/fs.stat-2.0.5.tgz 600ms (cache miss)
3002 http fetch GET 200 https://registry.npmjs.org/acorn/-/acorn-8.16.0.tgz 603ms (cache miss)
3003 http fetch GET 200 https://registry.npmjs.org/@babel/helper-globals/-/helper-globals-7.29.7.tgz 624ms (cache miss)
3004 http fetch GET 200 https://registry.npmjs.org/@jridgewell/resolve-uri/-/resolve-uri-3.1.2.tgz 625ms (cache miss)
3005 http fetch GET 200 https://registry.npmjs.org/@babel/helper-module-imports/-/helper-module-imports-7.29.7.tgz 625ms (cache miss)
3006 http fetch GET 200 https://registry.npmjs.org/lru-cache/-/lru-cache-5.1.1.tgz 625ms (cache miss)
3007 http fetch GET 200 https://registry.npmjs.org/jsesc/-/jsesc-3.1.0.tgz 626ms (cache miss)
3008 http fetch GET 200 https://registry.npmjs.org/@babel/helper-string-parser/-/helper-string-parser-7.29.7.tgz 627ms (cache miss)
3009 http fetch GET 200 https://registry.npmjs.org/@jridgewell/sourcemap-codec/-/sourcemap-codec-1.5.5.tgz 629ms (cache miss)
3010 http fetch GET 200 https://registry.npmjs.org/js-tokens/-/js-tokens-4.0.0.tgz 634ms (cache miss)
3011 http fetch GET 200 https://registry.npmjs.org/@babel/helper-validator-option/-/helper-validator-option-7.29.7.tgz 634ms (cache miss)
3012 http fetch GET 200 https://registry.npmjs.org/gensync/-/gensync-1.0.0-beta.2.tgz 640ms (cache miss)
3013 http fetch GET 200 https://registry.npmjs.org/json5/-/json5-2.2.3.tgz 642ms (cache miss)
3014 http fetch GET 200 https://registry.npmjs.org/@babel/compat-data/-/compat-data-7.29.7.tgz 646ms (cache miss)
3015 http fetch GET 200 https://registry.npmjs.org/@jridgewell/trace-mapping/-/trace-mapping-0.3.31.tgz 647ms (cache miss)
3016 http fetch GET 200 https://registry.npmjs.org/convert-source-map/-/convert-source-map-2.0.0.tgz 649ms (cache miss)
3017 http fetch GET 200 https://registry.npmjs.org/@jridgewell/gen-mapping/-/gen-mapping-0.3.13.tgz 650ms (cache miss)
3018 http fetch GET 200 https://registry.npmjs.org/@babel/helper-validator-identifier/-/helper-validator-identifier-7.29.7.tgz 658ms (cache miss)
3019 http fetch GET 200 https://registry.npmjs.org/@jridgewell/remapping/-/remapping-2.3.5.tgz 663ms (cache miss)
3020 http fetch GET 200 https://registry.npmjs.org/@babel/template/-/template-7.29.7.tgz 683ms (cache miss)
3021 http fetch GET 200 https://registry.npmjs.org/semver/-/semver-6.3.1.tgz 686ms (cache miss)
3022 http fetch GET 200 https://registry.npmjs.org/@babel/code-frame/-/code-frame-7.29.7.tgz 686ms (cache miss)
3023 http fetch GET 200 https://registry.npmjs.org/zod-validation-error/-/zod-validation-error-4.0.2.tgz 691ms (cache miss)
3024 http fetch GET 200 https://registry.npmjs.org/@babel/helper-compilation-targets/-/helper-compilation-targets-7.29.7.tgz 692ms (cache miss)
3025 http fetch GET 200 https://registry.npmjs.org/@babel/traverse/-/traverse-7.29.7.tgz 701ms (cache miss)
3026 http fetch GET 200 https://registry.npmjs.org/iterator.prototype/-/iterator.prototype-1.1.5.tgz 700ms (cache miss)
3027 http fetch GET 200 https://registry.npmjs.org/string.prototype.repeat/-/string.prototype.repeat-1.0.0.tgz 702ms (cache miss)
3028 http fetch GET 200 https://registry.npmjs.org/string.prototype.matchall/-/string.prototype.matchall-4.0.12.tgz 714ms (cache miss)
3029 http fetch GET 200 https://registry.npmjs.org/prop-types/-/prop-types-15.8.1.tgz 716ms (cache miss)
3030 http fetch GET 200 https://registry.npmjs.org/@babel/helper-module-transforms/-/helper-module-transforms-7.29.7.tgz 717ms (cache miss)
3031 http fetch GET 200 https://registry.npmjs.org/estraverse/-/estraverse-5.3.0.tgz 720ms (cache miss)
3032 http fetch GET 200 https://registry.npmjs.org/array.prototype.tosorted/-/array.prototype.tosorted-1.1.4.tgz 723ms (cache miss)
3033 http fetch GET 200 https://registry.npmjs.org/@babel/generator/-/generator-7.29.7.tgz 732ms (cache miss)
3034 http fetch GET 200 https://registry.npmjs.org/object.entries/-/object.entries-1.1.9.tgz 731ms (cache miss)
3035 http fetch GET 200 https://registry.npmjs.org/string.prototype.includes/-/string.prototype.includes-2.0.1.tgz 735ms (cache miss)
3036 http fetch GET 200 https://registry.npmjs.org/semver/-/semver-6.3.1.tgz 738ms (cache miss)
3037 http fetch GET 200 https://registry.npmjs.org/@babel/parser/-/parser-7.29.7.tgz 745ms (cache miss)
3038 http fetch GET 200 https://registry.npmjs.org/language-tags/-/language-tags-1.0.9.tgz 746ms (cache miss)
3039 http fetch GET 200 https://registry.npmjs.org/@babel/helpers/-/helpers-7.29.7.tgz 776ms (cache miss)
3040 http fetch GET 200 https://registry.npmjs.org/array.prototype.findlast/-/array.prototype.findlast-1.2.5.tgz 781ms (cache miss)
3041 http fetch GET 200 https://registry.npmjs.org/damerau-levenshtein/-/damerau-levenshtein-1.0.8.tgz 781ms (cache miss)
3042 http fetch GET 200 https://registry.npmjs.org/has-tostringtag/-/has-tostringtag-1.0.2.tgz 784ms (cache miss)
3043 http fetch GET 200 https://registry.npmjs.org/ast-types-flow/-/ast-types-flow-0.0.8.tgz 784ms (cache miss)
3044 http fetch GET 200 https://registry.npmjs.org/is-symbol/-/is-symbol-1.1.1.tgz 785ms (cache miss)
3045 http fetch GET 200 https://registry.npmjs.org/emoji-regex/-/emoji-regex-9.2.2.tgz 788ms (cache miss)
3046 http fetch GET 200 https://registry.npmjs.org/which-typed-array/-/which-typed-array-1.1.21.tgz 790ms (cache miss)
3047 http fetch GET 200 https://registry.npmjs.org/is-date-object/-/is-date-object-1.1.0.tgz 793ms (cache miss)
3048 http fetch GET 200 https://registry.npmjs.org/typed-array-length/-/typed-array-length-1.0.8.tgz 795ms (cache miss)
3049 http fetch GET 200 https://registry.npmjs.org/unbox-primitive/-/unbox-primitive-1.1.0.tgz 799ms (cache miss)
3050 http fetch GET 200 https://registry.npmjs.org/possible-typed-array-names/-/possible-typed-array-names-1.1.0.tgz 801ms (cache miss)
3051 http fetch GET 200 https://registry.npmjs.org/typed-array-byte-length/-/typed-array-byte-length-1.0.3.tgz 803ms (cache miss)
3052 http fetch GET 200 https://registry.npmjs.org/typed-array-buffer/-/typed-array-buffer-1.0.3.tgz 804ms (cache miss)
3053 http fetch GET 200 https://registry.npmjs.org/typed-array-byte-offset/-/typed-array-byte-offset-1.0.4.tgz 824ms (cache miss)
3054 http fetch GET 200 https://registry.npmjs.org/hermes-parser/-/hermes-parser-0.25.1.tgz 832ms (cache miss)
3055 http fetch GET 200 https://registry.npmjs.org/string.prototype.trimstart/-/string.prototype.trimstart-1.0.8.tgz 835ms (cache miss)
3056 http fetch GET 200 https://registry.npmjs.org/set-proto/-/set-proto-1.0.0.tgz 839ms (cache miss)
3057 http fetch GET 200 https://registry.npmjs.org/string.prototype.trim/-/string.prototype.trim-1.2.10.tgz 839ms (cache miss)
3058 http fetch GET 200 https://registry.npmjs.org/safe-array-concat/-/safe-array-concat-1.1.4.tgz 841ms (cache miss)
3059 http fetch GET 200 https://registry.npmjs.org/own-keys/-/own-keys-1.0.1.tgz 841ms (cache miss)
3060 http fetch GET 200 https://registry.npmjs.org/es-iterator-helpers/-/es-iterator-helpers-1.3.2.tgz 845ms (cache miss)
3061 http fetch GET 200 https://registry.npmjs.org/regexp.prototype.flags/-/regexp.prototype.flags-1.5.4.tgz 846ms (cache miss)
3062 http fetch GET 200 https://registry.npmjs.org/safe-regex-test/-/safe-regex-test-1.1.0.tgz 847ms (cache miss)
3063 http fetch GET 200 https://registry.npmjs.org/safe-push-apply/-/safe-push-apply-1.0.0.tgz 849ms (cache miss)
3064 http fetch GET 200 https://registry.npmjs.org/is-weakref/-/is-weakref-1.1.1.tgz 848ms (cache miss)
3065 http fetch GET 200 https://registry.npmjs.org/is-typed-array/-/is-typed-array-1.1.15.tgz 848ms (cache miss)
3066 http fetch GET 200 https://registry.npmjs.org/@babel/types/-/types-7.29.7.tgz 857ms (cache miss)
3067 http fetch GET 200 https://registry.npmjs.org/object.assign/-/object.assign-4.1.7.tgz 852ms (cache miss)
3068 http fetch GET 200 https://registry.npmjs.org/is-shared-array-buffer/-/is-shared-array-buffer-1.0.4.tgz 859ms (cache miss)
3069 http fetch GET 200 https://registry.npmjs.org/jsx-ast-utils/-/jsx-ast-utils-3.3.5.tgz 864ms (cache miss)
3070 http fetch GET 200 https://registry.npmjs.org/is-set/-/is-set-2.0.3.tgz 861ms (cache miss)
3071 http fetch GET 200 https://registry.npmjs.org/is-regex/-/is-regex-1.2.1.tgz 861ms (cache miss)
3072 http fetch GET 200 https://registry.npmjs.org/is-data-view/-/is-data-view-1.0.2.tgz 861ms (cache miss)
3073 http fetch GET 200 https://registry.npmjs.org/stop-iteration-iterator/-/stop-iteration-iterator-1.1.0.tgz 861ms (cache miss)
3074 http fetch GET 200 https://registry.npmjs.org/axobject-query/-/axobject-query-4.1.0.tgz 866ms (cache miss)
3075 http fetch GET 200 https://registry.npmjs.org/is-negative-zero/-/is-negative-zero-2.0.3.tgz 863ms (cache miss)
3076 http fetch GET 200 https://registry.npmjs.org/object-inspect/-/object-inspect-1.13.4.tgz 866ms (cache miss)
3077 http fetch GET 200 https://registry.npmjs.org/aria-query/-/aria-query-5.3.2.tgz 875ms (cache miss)
3078 http fetch GET 200 https://registry.npmjs.org/is-array-buffer/-/is-array-buffer-3.0.5.tgz 875ms (cache miss)
3079 http fetch GET 200 https://registry.npmjs.org/is-callable/-/is-callable-1.2.7.tgz 878ms (cache miss)
3080 http fetch GET 200 https://registry.npmjs.org/has-proto/-/has-proto-1.2.0.tgz 878ms (cache miss)
3081 http fetch GET 200 https://registry.npmjs.org/internal-slot/-/internal-slot-1.1.0.tgz 882ms (cache miss)
3082 http fetch GET 200 https://registry.npmjs.org/get-proto/-/get-proto-1.0.1.tgz 884ms (cache miss)
3083 http fetch GET 200 https://registry.npmjs.org/get-symbol-description/-/get-symbol-description-1.1.0.tgz 886ms (cache miss)
3084 http fetch GET 200 https://registry.npmjs.org/globalthis/-/globalthis-1.0.4.tgz 888ms (cache miss)
3085 http fetch GET 200 https://registry.npmjs.org/es-to-primitive/-/es-to-primitive-1.3.0.tgz 890ms (cache miss)
3086 http fetch GET 200 https://registry.npmjs.org/has-symbols/-/has-symbols-1.1.0.tgz 890ms (cache miss)
3087 http fetch GET 200 https://registry.npmjs.org/@babel/core/-/core-7.29.7.tgz 898ms (cache miss)
3088 http fetch GET 200 https://registry.npmjs.org/available-typed-arrays/-/available-typed-arrays-1.0.7.tgz 895ms (cache miss)
3089 http fetch GET 200 https://registry.npmjs.org/data-view-byte-offset/-/data-view-byte-offset-1.0.1.tgz 895ms (cache miss)
3090 http fetch GET 200 https://registry.npmjs.org/function.prototype.name/-/function.prototype.name-1.1.8.tgz 899ms (cache miss)
3091 http fetch GET 200 https://registry.npmjs.org/axe-core/-/axe-core-4.11.4.tgz 903ms (cache miss)
3092 http fetch GET 200 https://registry.npmjs.org/es-set-tostringtag/-/es-set-tostringtag-2.1.0.tgz 903ms (cache miss)
3093 http fetch GET 200 https://registry.npmjs.org/data-view-byte-length/-/data-view-byte-length-1.0.2.tgz 903ms (cache miss)
3094 http fetch GET 200 https://registry.npmjs.org/data-view-buffer/-/data-view-buffer-1.0.2.tgz 903ms (cache miss)
3095 http fetch GET 200 https://registry.npmjs.org/array-buffer-byte-length/-/array-buffer-byte-length-1.0.2.tgz 907ms (cache miss)
3096 http fetch GET 200 https://registry.npmjs.org/gopd/-/gopd-1.2.0.tgz 915ms (cache miss)
3097 http fetch GET 200 https://registry.npmjs.org/arraybuffer.prototype.slice/-/arraybuffer.prototype.slice-1.0.4.tgz 915ms (cache miss)
3098 http fetch GET 200 https://registry.npmjs.org/has-property-descriptors/-/has-property-descriptors-1.0.2.tgz 916ms (cache miss)
3099 http fetch GET 200 https://registry.npmjs.org/define-data-property/-/define-data-property-1.1.4.tgz 920ms (cache miss)
3100 http fetch GET 200 https://registry.npmjs.org/object-keys/-/object-keys-1.1.1.tgz 923ms (cache miss)
3101 http fetch GET 200 https://registry.npmjs.org/call-bind-apply-helpers/-/call-bind-apply-helpers-1.0.2.tgz 930ms (cache miss)
3102 http fetch GET 200 https://registry.npmjs.org/es-define-property/-/es-define-property-1.0.1.tgz 930ms (cache miss)
3103 http fetch GET 200 https://registry.npmjs.org/set-function-length/-/set-function-length-1.2.2.tgz 933ms (cache miss)
3104 http fetch GET 200 https://registry.npmjs.org/is-string/-/is-string-1.1.1.tgz 941ms (cache miss)
3105 http fetch GET 200 https://registry.npmjs.org/function-bind/-/function-bind-1.1.2.tgz 942ms (cache miss)
3106 http fetch GET 200 https://registry.npmjs.org/es-shim-unscopables/-/es-shim-unscopables-1.1.0.tgz 942ms (cache miss)
3107 http fetch GET 200 https://registry.npmjs.org/math-intrinsics/-/math-intrinsics-1.1.0.tgz 941ms (cache miss)
3108 http fetch GET 200 https://registry.npmjs.org/es-object-atoms/-/es-object-atoms-1.1.2.tgz 943ms (cache miss)
3109 http fetch GET 200 https://registry.npmjs.org/get-intrinsic/-/get-intrinsic-1.3.0.tgz 944ms (cache miss)
3110 http fetch GET 200 https://registry.npmjs.org/es-errors/-/es-errors-1.3.0.tgz 946ms (cache miss)
3111 http fetch GET 200 https://registry.npmjs.org/define-properties/-/define-properties-1.2.1.tgz 952ms (cache miss)
3112 http fetch GET 200 https://registry.npmjs.org/call-bind/-/call-bind-1.0.9.tgz 957ms (cache miss)
3113 http fetch GET 200 https://registry.npmjs.org/call-bound/-/call-bound-1.0.4.tgz 960ms (cache miss)
3114 http fetch GET 200 https://registry.npmjs.org/json5/-/json5-1.0.2.tgz 970ms (cache miss)
3115 http fetch GET 200 https://registry.npmjs.org/string.prototype.trimend/-/string.prototype.trimend-1.0.9.tgz 1001ms (cache miss)
3116 http fetch GET 200 https://registry.npmjs.org/object.fromentries/-/object.fromentries-2.0.8.tgz 1000ms (cache miss)
3117 http fetch GET 200 https://registry.npmjs.org/object.groupby/-/object.groupby-1.0.3.tgz 1002ms (cache miss)
3118 http fetch GET 200 https://registry.npmjs.org/array.prototype.flatmap/-/array.prototype.flatmap-1.3.3.tgz 1001ms (cache miss)
3119 http fetch GET 200 https://registry.npmjs.org/debug/-/debug-3.2.7.tgz 1001ms (cache miss)
3120 http fetch GET 200 https://registry.npmjs.org/object.values/-/object.values-1.2.1.tgz 1003ms (cache miss)
3121 http fetch GET 200 https://registry.npmjs.org/hasown/-/hasown-2.0.4.tgz 1002ms (cache miss)
3122 http fetch GET 200 https://registry.npmjs.org/array.prototype.flat/-/array.prototype.flat-1.3.3.tgz 1002ms (cache miss)
3123 http fetch GET 200 https://registry.npmjs.org/array.prototype.findlastindex/-/array.prototype.findlastindex-1.2.6.tgz 1004ms (cache miss)
3124 http fetch GET 200 https://registry.npmjs.org/doctrine/-/doctrine-2.1.0.tgz 1005ms (cache miss)
3125 http fetch GET 200 https://registry.npmjs.org/array-includes/-/array-includes-3.1.9.tgz 1008ms (cache miss)
3126 http fetch GET 200 https://registry.npmjs.org/eslint-module-utils/-/eslint-module-utils-2.13.0.tgz 1013ms (cache miss)
3127 http fetch GET 200 https://registry.npmjs.org/zod/-/zod-4.4.3.tgz 1028ms (cache miss)
3128 http fetch GET 200 https://registry.npmjs.org/stable-hash/-/stable-hash-0.0.5.tgz 1037ms (cache miss)
3129 http fetch GET 200 https://registry.npmjs.org/color-name/-/color-name-1.1.4.tgz 1038ms (cache miss)
3130 http fetch GET 200 https://registry.npmjs.org/is-core-module/-/is-core-module-2.16.2.tgz 1039ms (cache miss)
3131 http fetch GET 200 https://registry.npmjs.org/is-bun-module/-/is-bun-module-2.0.0.tgz 1039ms (cache miss)
3132 http fetch GET 200 https://registry.npmjs.org/picomatch/-/picomatch-4.0.4.tgz 1041ms (cache miss)
3133 http fetch GET 200 https://registry.npmjs.org/supports-color/-/supports-color-7.2.0.tgz 1040ms (cache miss)
3134 http fetch GET 200 https://registry.npmjs.org/fdir/-/fdir-6.5.0.tgz 1042ms (cache miss)
3135 http fetch GET 200 https://registry.npmjs.org/color-convert/-/color-convert-2.0.1.tgz 1046ms (cache miss)
3136 http fetch GET 200 https://registry.npmjs.org/tinyglobby/-/tinyglobby-0.2.17.tgz 1046ms (cache miss)
3137 http fetch GET 200 https://registry.npmjs.org/ansi-styles/-/ansi-styles-4.3.0.tgz 1046ms (cache miss)
3138 http fetch GET 200 https://registry.npmjs.org/@rtsao/scc/-/scc-1.1.0.tgz 1048ms (cache miss)
3139 http fetch GET 200 https://registry.npmjs.org/tsconfig-paths/-/tsconfig-paths-3.15.0.tgz 1051ms (cache miss)
3140 http fetch GET 200 https://registry.npmjs.org/@nolyfill/is-core-module/-/is-core-module-1.0.39.tgz 1049ms (cache miss)
3141 http fetch GET 200 https://registry.npmjs.org/get-tsconfig/-/get-tsconfig-4.14.0.tgz 1049ms (cache miss)
3142 http fetch GET 200 https://registry.npmjs.org/unrs-resolver/-/unrs-resolver-1.12.2.tgz 1051ms (cache miss)
3143 http fetch GET 200 https://registry.npmjs.org/strip-json-comments/-/strip-json-comments-3.1.1.tgz 1073ms (cache miss)
3144 http fetch GET 200 https://registry.npmjs.org/lodash.merge/-/lodash.merge-4.6.2.tgz 1082ms (cache miss)
3145 http fetch GET 200 https://registry.npmjs.org/@types/json-schema/-/json-schema-7.0.15.tgz 1083ms (cache miss)
3146 http fetch GET 200 https://registry.npmjs.org/chalk/-/chalk-4.1.2.tgz 1084ms (cache miss)
3147 http fetch GET 200 https://registry.npmjs.org/eslint-visitor-keys/-/eslint-visitor-keys-4.2.1.tgz 1085ms (cache miss)
3148 http fetch GET 200 https://registry.npmjs.org/minimatch/-/minimatch-3.1.5.tgz 1086ms (cache miss)
3149 http fetch GET 200 https://registry.npmjs.org/espree/-/espree-10.4.0.tgz 1087ms (cache miss)
3150 http fetch GET 200 https://registry.npmjs.org/@eslint/object-schema/-/object-schema-2.1.7.tgz 1089ms (cache miss)
3151 http fetch GET 200 https://registry.npmjs.org/@types/estree/-/estree-1.0.9.tgz 1089ms (cache miss)
3152 http fetch GET 200 https://registry.npmjs.org/import-fresh/-/import-fresh-3.3.1.tgz 1091ms (cache miss)
3153 http fetch GET 200 https://registry.npmjs.org/eslint-scope/-/eslint-scope-8.4.0.tgz 1092ms (cache miss)
3154 http fetch GET 200 https://registry.npmjs.org/@eslint/js/-/js-9.39.4.tgz 1096ms (cache miss)
3155 http fetch GET 200 https://registry.npmjs.org/@eslint/plugin-kit/-/plugin-kit-0.4.1.tgz 1099ms (cache miss)
3156 http fetch GET 200 https://registry.npmjs.org/globals/-/globals-14.0.0.tgz 1099ms (cache miss)
3157 http fetch GET 200 https://registry.npmjs.org/js-yaml/-/js-yaml-4.1.1.tgz 1108ms (cache miss)
3158 http fetch GET 200 https://registry.npmjs.org/glob-parent/-/glob-parent-5.1.2.tgz 1106ms (cache miss)
3159 http fetch GET 200 https://registry.npmjs.org/typescript-eslint/-/typescript-eslint-8.60.0.tgz 1123ms (cache miss)
3160 http fetch GET 200 https://registry.npmjs.org/semver/-/semver-6.3.1.tgz 1135ms (cache miss)
3161 http fetch GET 200 https://registry.npmjs.org/@eslint/core/-/core-0.17.0.tgz 1138ms (cache miss)
3162 http fetch GET 200 https://registry.npmjs.org/globals/-/globals-16.4.0.tgz 1141ms (cache miss)
3163 http fetch GET 200 https://registry.npmjs.org/@eslint/config-helpers/-/config-helpers-0.4.2.tgz 1141ms (cache miss)
3164 http fetch GET 200 https://registry.npmjs.org/semver/-/semver-6.3.1.tgz 1145ms (cache miss)
3165 http fetch GET 200 https://registry.npmjs.org/eslint-import-resolver-typescript/-/eslint-import-resolver-typescript-3.10.1.tgz 1154ms (cache miss)
3166 http fetch GET 200 https://registry.npmjs.org/eslint-import-resolver-node/-/eslint-import-resolver-node-0.3.10.tgz 1172ms (cache miss)
3167 http fetch GET 200 https://registry.npmjs.org/@eslint/config-array/-/config-array-0.21.2.tgz 1174ms (cache miss)
3168 http fetch GET 200 https://registry.npmjs.org/debug/-/debug-3.2.7.tgz 1177ms (cache miss)
3169 http fetch GET 200 https://registry.npmjs.org/which/-/which-2.0.2.tgz 1177ms (cache miss)
3170 http fetch GET 200 https://registry.npmjs.org/debug/-/debug-3.2.7.tgz 1178ms (cache miss)
3171 http fetch GET 200 https://registry.npmjs.org/shebang-command/-/shebang-command-2.0.0.tgz 1178ms (cache miss)
3172 http fetch GET 200 https://registry.npmjs.org/path-key/-/path-key-3.1.1.tgz 1179ms (cache miss)
3173 http fetch GET 200 https://registry.npmjs.org/fast-json-stable-stringify/-/fast-json-stable-stringify-2.1.0.tgz 1179ms (cache miss)
3174 http fetch GET 200 https://registry.npmjs.org/json-schema-traverse/-/json-schema-traverse-0.4.1.tgz 1180ms (cache miss)
3175 http fetch GET 200 https://registry.npmjs.org/resolve/-/resolve-2.0.0-next.7.tgz 1184ms (cache miss)
3176 http fetch GET 200 https://registry.npmjs.org/fast-glob/-/fast-glob-3.3.1.tgz 1184ms (cache miss)
3177 http fetch GET 200 https://registry.npmjs.org/levn/-/levn-0.4.1.tgz 1195ms (cache miss)
3178 http fetch GET 200 https://registry.npmjs.org/@eslint/eslintrc/-/eslintrc-3.3.5.tgz 1197ms (cache miss)
3179 http fetch GET 200 https://registry.npmjs.org/@humanfs/core/-/core-0.19.2.tgz 1198ms (cache miss)
3180 http fetch GET 200 https://registry.npmjs.org/natural-compare/-/natural-compare-1.4.0.tgz 1199ms (cache miss)
3181 http fetch GET 200 https://registry.npmjs.org/@next/eslint-plugin-next/-/eslint-plugin-next-16.2.6.tgz 1205ms (cache miss)
3182 http fetch GET 200 https://registry.npmjs.org/@humanfs/types/-/types-0.15.0.tgz 1207ms (cache miss)
3183 http fetch GET 200 https://registry.npmjs.org/is-glob/-/is-glob-4.0.3.tgz 1211ms (cache miss)
3184 http fetch GET 200 https://registry.npmjs.org/optionator/-/optionator-0.9.4.tgz 1213ms (cache miss)
3185 http fetch GET 200 https://registry.npmjs.org/ignore/-/ignore-5.3.2.tgz 1212ms (cache miss)
3186 http fetch GET 200 https://registry.npmjs.org/ms/-/ms-2.1.3.tgz 1213ms (cache miss)
3187 http fetch GET 200 https://registry.npmjs.org/uri-js/-/uri-js-4.4.1.tgz 1215ms (cache miss)
3188 http fetch GET 200 https://registry.npmjs.org/glob-parent/-/glob-parent-6.0.2.tgz 1214ms (cache miss)
3189 http fetch GET 200 https://registry.npmjs.org/find-up/-/find-up-5.0.0.tgz 1215ms (cache miss)
3190 http fetch GET 200 https://registry.npmjs.org/imurmurhash/-/imurmurhash-0.1.4.tgz 1215ms (cache miss)
3191 http fetch GET 200 https://registry.npmjs.org/esutils/-/esutils-2.0.3.tgz 1217ms (cache miss)
3192 http fetch GET 200 https://registry.npmjs.org/fast-deep-equal/-/fast-deep-equal-3.1.3.tgz 1217ms (cache miss)
3193 http fetch GET 200 https://registry.npmjs.org/json-stable-stringify-without-jsonify/-/json-stable-stringify-without-jsonify-1.0.1.tgz 1219ms (cache miss)
3194 http fetch GET 200 https://registry.npmjs.org/file-entry-cache/-/file-entry-cache-8.0.0.tgz 1218ms (cache miss)
3195 http fetch GET 200 https://registry.npmjs.org/debug/-/debug-4.4.3.tgz 1247ms (cache miss)
3196 http fetch GET 200 https://registry.npmjs.org/escape-string-regexp/-/escape-string-regexp-4.0.0.tgz 1254ms (cache miss)
3197 http fetch GET 200 https://registry.npmjs.org/postcss-value-parser/-/postcss-value-parser-4.2.0.tgz 1264ms (cache miss)
3198 http fetch GET 200 https://registry.npmjs.org/update-browserslist-db/-/update-browserslist-db-1.2.3.tgz 1265ms (cache miss)
3199 http fetch GET 200 https://registry.npmjs.org/cross-spawn/-/cross-spawn-7.0.6.tgz 1266ms (cache miss)
3200 http fetch GET 200 https://registry.npmjs.org/node-releases/-/node-releases-2.0.46.tgz 1265ms (cache miss)
3201 http fetch GET 200 https://registry.npmjs.org/browserslist/-/browserslist-4.28.2.tgz 1266ms (cache miss)
3202 http fetch GET 200 https://registry.npmjs.org/eslint-visitor-keys/-/eslint-visitor-keys-3.4.3.tgz 1267ms (cache miss)
3203 http fetch GET 200 https://registry.npmjs.org/@humanwhocodes/module-importer/-/module-importer-1.0.1.tgz 1269ms (cache miss)
3204 http fetch GET 200 https://registry.npmjs.org/@humanwhocodes/retry/-/retry-0.4.3.tgz 1272ms (cache miss)
3205 http fetch GET 200 https://registry.npmjs.org/electron-to-chromium/-/electron-to-chromium-1.5.364.tgz 1273ms (cache miss)
3206 http fetch GET 200 https://registry.npmjs.org/eslint-plugin-react-hooks/-/eslint-plugin-react-hooks-7.1.1.tgz 1284ms (cache miss)
3207 http fetch GET 200 https://registry.npmjs.org/fraction.js/-/fraction.js-5.3.4.tgz 1281ms (cache miss)
3208 http fetch GET 200 https://registry.npmjs.org/@eslint-community/eslint-utils/-/eslint-utils-4.9.1.tgz 1285ms (cache miss)
3209 http fetch GET 200 https://registry.npmjs.org/undici-types/-/undici-types-7.24.6.tgz 1295ms (cache miss)
3210 http fetch GET 200 https://registry.npmjs.org/@humanfs/node/-/node-0.16.8.tgz 1296ms (cache miss)
3211 http fetch GET 200 https://registry.npmjs.org/esquery/-/esquery-1.7.0.tgz 1302ms (cache miss)
3212 http fetch GET 200 https://registry.npmjs.org/eslint-config-next/-/eslint-config-next-16.2.6.tgz 1302ms (cache miss)
3213 http fetch GET 200 https://registry.npmjs.org/csstype/-/csstype-3.2.3.tgz 1302ms (cache miss)
3214 http fetch GET 200 https://registry.npmjs.org/eslint-plugin-import/-/eslint-plugin-import-2.32.0.tgz 1307ms (cache miss)
3215 http fetch GET 200 https://registry.npmjs.org/@eslint-community/regexpp/-/regexpp-4.12.2.tgz 1315ms (cache miss)
3216 http fetch GET 200 https://registry.npmjs.org/@types/react-dom/-/react-dom-19.2.3.tgz 1317ms (cache miss)
3217 http fetch GET 200 https://registry.npmjs.org/tailwindcss/-/tailwindcss-4.3.0.tgz 1325ms (cache miss)
3218 http fetch GET 200 https://registry.npmjs.org/eslint-plugin-jsx-a11y/-/eslint-plugin-jsx-a11y-6.10.2.tgz 1331ms (cache miss)
3219 http fetch GET 200 https://registry.npmjs.org/@types/react/-/react-19.2.15.tgz 1328ms (cache miss)
3220 http fetch GET 200 https://registry.npmjs.org/ajv/-/ajv-6.15.0.tgz 1339ms (cache miss)
3221 http fetch GET 200 https://registry.npmjs.org/postcss/-/postcss-8.5.15.tgz 1337ms (cache miss)
3222 http fetch GET 200 https://registry.npmjs.org/autoprefixer/-/autoprefixer-10.5.0.tgz 1340ms (cache miss)
3223 http fetch GET 200 https://registry.npmjs.org/eslint-plugin-react/-/eslint-plugin-react-7.37.5.tgz 1363ms (cache miss)
3224 http fetch GET 200 https://registry.npmjs.org/@types/node/-/node-25.9.1.tgz 1382ms (cache miss)
3225 http fetch GET 200 https://registry.npmjs.org/eslint/-/eslint-9.39.4.tgz 1410ms (cache miss)
3226 http fetch GET 200 https://registry.npmjs.org/typescript/-/typescript-6.0.3.tgz 1509ms (cache miss)
3227 http fetch GET 200 https://registry.npmjs.org/es-abstract/-/es-abstract-1.24.2.tgz 1534ms (cache miss)
3228 info run unrs-resolver@1.12.2 postinstall node_modules/unrs-resolver node postinstall.js
3229 info run unrs-resolver@1.12.2 postinstall { code: 0, signal: null }
3230 silly ADD node_modules/is-weakset
3231 silly ADD node_modules/is-weakmap
3232 silly ADD node_modules/is-map
3233 silly ADD node_modules/generator-function
3234 silly ADD node_modules/async-function
3235 silly ADD node_modules/which-collection
3236 silly ADD node_modules/is-generator-function
3237 silly ADD node_modules/is-finalizationregistry
3238 silly ADD node_modules/is-async-function
3239 silly ADD node_modules/is-number-object
3240 silly ADD node_modules/is-boolean-object
3241 silly ADD node_modules/is-bigint
3242 silly ADD node_modules/isexe
3243 silly ADD node_modules/punycode
3244 silly ADD node_modules/escalade
3245 silly ADD
3246 silly ADD
3247 silly ADD
3248 silly ADD
3249 silly ADD node_modules/napi-postinstall
3250 silly ADD
3251 silly ADD
3252 silly ADD
3253 silly ADD
3254 silly ADD
3255 silly ADD
3256 silly ADD
3257 silly ADD
3258 silly ADD
3259 silly ADD
3260 silly ADD
3261 silly ADD
3262 silly ADD
3263 silly ADD
3264 silly ADD
3265 silly ADD
3266 silly ADD
3267 silly ADD
3268 silly ADD
3269 silly ADD node_modules/@unrs/resolver-binding-darwin-arm64
3270 silly ADD
3271 silly ADD
3272 silly ADD node_modules/which-boxed-primitive
3273 silly ADD node_modules/has-bigints
3274 silly ADD node_modules/@typescript-eslint/tsconfig-utils
3275 silly ADD node_modules/@typescript-eslint/project-service
3276 silly ADD node_modules/@typescript-eslint/types
3277 silly ADD node_modules/ts-api-utils
3278 silly ADD node_modules/@typescript-eslint/visitor-keys
3279 silly ADD node_modules/@typescript-eslint/visitor-keys/node_modules/eslint-visitor-keys
3280 silly ADD node_modules/@typescript-eslint/type-utils
3281 silly ADD node_modules/@typescript-eslint/scope-manager
3282 silly ADD node_modules/@typescript-eslint/utils
3283 silly ADD node_modules/@typescript-eslint/typescript-estree
3284 silly ADD node_modules/@typescript-eslint/typescript-estree/node_modules/balanced-match
3285 silly ADD node_modules/@typescript-eslint/typescript-estree/node_modules/brace-expansion
3286 silly ADD node_modules/@typescript-eslint/typescript-estree/node_modules/minimatch
3287 silly ADD node_modules/@typescript-eslint/parser
3288 silly ADD node_modules/@typescript-eslint/eslint-plugin
3289 silly ADD node_modules/@typescript-eslint/eslint-plugin/node_modules/ignore
3290 silly ADD node_modules/which-builtin-type
3291 silly ADD node_modules/reflect.getprototypeof
3292 silly ADD node_modules/for-each
3293 silly ADD node_modules/strip-bom
3294 silly ADD node_modules/minimist
3295 silly ADD node_modules/@types/json5
3296 silly ADD node_modules/is-number
3297 silly ADD node_modules/has-flag
3298 silly ADD node_modules/side-channel-weakmap
3299 silly ADD node_modules/side-channel-map
3300 silly ADD node_modules/side-channel-list
3301 silly ADD node_modules/shebang-regex
3302 silly ADD node_modules/isarray
3303 silly ADD node_modules/queue-microtask
3304 silly ADD node_modules/supports-preserve-symlinks-flag
3305 silly ADD node_modules/path-parse
3306 silly ADD node_modules/node-exports-info
3307 silly ADD node_modules/node-exports-info/node_modules/semver
3308 silly ADD node_modules/react-is
3309 silly ADD node_modules/object-assign
3310 silly ADD node_modules/loose-envify
3311 silly ADD node_modules/callsites
3312 silly ADD node_modules/yocto-queue
3313 silly ADD node_modules/p-limit
3314 silly ADD node_modules/word-wrap
3315 silly ADD node_modules/fast-levenshtein
3316 silly ADD node_modules/deep-is
3317 silly ADD node_modules/concat-map
3318 silly ADD node_modules/balanced-match
3319 silly ADD node_modules/brace-expansion
3320 silly ADD node_modules/to-regex-range
3321 silly ADD node_modules/fill-range
3322 silly ADD node_modules/picomatch
3323 silly ADD node_modules/braces
3324 silly ADD node_modules/yallist
3325 silly ADD node_modules/p-locate
3326 silly ADD node_modules/type-check
3327 silly ADD node_modules/prelude-ls
3328 silly ADD node_modules/language-subtag-registry
3329 silly ADD node_modules/json-buffer
3330 silly ADD node_modules/argparse
3331 silly ADD node_modules/set-function-name
3332 silly ADD node_modules/is-extglob
3333 silly ADD node_modules/side-channel
3334 silly ADD node_modules/resolve-from
3335 silly ADD node_modules/parent-module
3336 silly ADD node_modules/hermes-estree
3337 silly ADD node_modules/resolve-pkg-maps
3338 silly ADD node_modules/dunder-proto
3339 silly ADD node_modules/functions-have-names
3340 silly ADD node_modules/keyv
3341 silly ADD node_modules/flatted
3342 silly ADD node_modules/path-exists
3343 silly ADD node_modules/locate-path
3344 silly ADD node_modules/flat-cache
3345 silly ADD node_modules/reusify
3346 silly ADD node_modules/run-parallel
3347 silly ADD node_modules/fastq
3348 silly ADD node_modules/@nodelib/fs.scandir
3349 silly ADD node_modules/micromatch
3350 silly ADD node_modules/merge2
3351 silly ADD node_modules/@nodelib/fs.walk
3352 silly ADD node_modules/@nodelib/fs.stat
3353 silly ADD node_modules/acorn-jsx
3354 silly ADD node_modules/acorn
3355 silly ADD node_modules/esrecurse
3356 silly ADD node_modules/@jridgewell/resolve-uri
3357 silly ADD node_modules/@jridgewell/sourcemap-codec
3358 silly ADD node_modules/@babel/helper-string-parser
3359 silly ADD node_modules/@babel/helper-globals
3360 silly ADD node_modules/@babel/helper-module-imports
3361 silly ADD node_modules/lru-cache
3362 silly ADD node_modules/@babel/helper-validator-option
3363 silly ADD node_modules/@babel/compat-data
3364 silly ADD node_modules/jsesc
3365 silly ADD node_modules/@jridgewell/trace-mapping
3366 silly ADD node_modules/@jridgewell/gen-mapping
3367 silly ADD node_modules/js-tokens
3368 silly ADD node_modules/@babel/helper-validator-identifier
3369 silly ADD node_modules/json5
3370 silly ADD node_modules/gensync
3371 silly ADD node_modules/convert-source-map
3372 silly ADD node_modules/@jridgewell/remapping
3373 silly ADD node_modules/@babel/types
3374 silly ADD node_modules/@babel/traverse
3375 silly ADD node_modules/@babel/template
3376 silly ADD node_modules/@babel/helpers
3377 silly ADD node_modules/@babel/helper-module-transforms
3378 silly ADD node_modules/@babel/helper-compilation-targets
3379 silly ADD node_modules/@babel/helper-compilation-targets/node_modules/semver
3380 silly ADD node_modules/@babel/generator
3381 silly ADD node_modules/@babel/code-frame
3382 silly ADD node_modules/zod-validation-error
3383 silly ADD node_modules/zod
3384 silly ADD node_modules/hermes-parser
3385 silly ADD node_modules/@babel/parser
3386 silly ADD node_modules/@babel/core
3387 silly ADD node_modules/@babel/core/node_modules/semver
3388 silly ADD node_modules/iterator.prototype
3389 silly ADD node_modules/string.prototype.repeat
3390 silly ADD node_modules/string.prototype.matchall
3391 silly ADD node_modules/prop-types
3392 silly ADD node_modules/object.entries
3393 silly ADD node_modules/estraverse
3394 silly ADD node_modules/es-iterator-helpers
3395 silly ADD node_modules/array.prototype.tosorted
3396 silly ADD node_modules/array.prototype.findlast
3397 silly ADD node_modules/string.prototype.includes
3398 silly ADD node_modules/language-tags
3399 silly ADD node_modules/jsx-ast-utils
3400 silly ADD node_modules/emoji-regex
3401 silly ADD node_modules/damerau-levenshtein
3402 silly ADD node_modules/axobject-query
3403 silly ADD node_modules/axe-core
3404 silly ADD node_modules/ast-types-flow
3405 silly ADD node_modules/aria-query
3406 silly ADD node_modules/is-symbol
3407 silly ADD node_modules/is-date-object
3408 silly ADD node_modules/has-tostringtag
3409 silly ADD node_modules/possible-typed-array-names
3410 silly ADD node_modules/which-typed-array
3411 silly ADD node_modules/unbox-primitive
3412 silly ADD node_modules/typed-array-length
3413 silly ADD node_modules/typed-array-byte-offset
3414 silly ADD node_modules/typed-array-byte-length
3415 silly ADD node_modules/typed-array-buffer
3416 silly ADD node_modules/string.prototype.trimstart
3417 silly ADD node_modules/string.prototype.trim
3418 silly ADD node_modules/stop-iteration-iterator
3419 silly ADD node_modules/set-proto
3420 silly ADD node_modules/safe-regex-test
3421 silly ADD node_modules/safe-push-apply
3422 silly ADD node_modules/safe-array-concat
3423 silly ADD node_modules/regexp.prototype.flags
3424 silly ADD node_modules/own-keys
3425 silly ADD node_modules/object.assign
3426 silly ADD node_modules/object-inspect
3427 silly ADD node_modules/is-weakref
3428 silly ADD node_modules/is-typed-array
3429 silly ADD node_modules/is-shared-array-buffer
3430 silly ADD node_modules/is-set
3431 silly ADD node_modules/is-regex
3432 silly ADD node_modules/is-negative-zero
3433 silly ADD node_modules/is-data-view
3434 silly ADD node_modules/is-callable
3435 silly ADD node_modules/is-array-buffer
3436 silly ADD node_modules/internal-slot
3437 silly ADD node_modules/has-symbols
3438 silly ADD node_modules/has-proto
3439 silly ADD node_modules/globalthis
3440 silly ADD node_modules/get-symbol-description
3441 silly ADD node_modules/get-proto
3442 silly ADD node_modules/function.prototype.name
3443 silly ADD node_modules/es-to-primitive
3444 silly ADD node_modules/es-set-tostringtag
3445 silly ADD node_modules/data-view-byte-offset
3446 silly ADD node_modules/data-view-byte-length
3447 silly ADD node_modules/data-view-buffer
3448 silly ADD node_modules/available-typed-arrays
3449 silly ADD node_modules/arraybuffer.prototype.slice
3450 silly ADD node_modules/array-buffer-byte-length
3451 silly ADD node_modules/gopd
3452 silly ADD node_modules/object-keys
3453 silly ADD node_modules/has-property-descriptors
3454 silly ADD node_modules/define-data-property
3455 silly ADD node_modules/function-bind
3456 silly ADD node_modules/set-function-length
3457 silly ADD node_modules/es-define-property
3458 silly ADD node_modules/call-bind-apply-helpers
3459 silly ADD node_modules/es-shim-unscopables
3460 silly ADD node_modules/es-errors
3461 silly ADD node_modules/math-intrinsics
3462 silly ADD node_modules/is-string
3463 silly ADD node_modules/get-intrinsic
3464 silly ADD node_modules/es-object-atoms
3465 silly ADD node_modules/es-abstract
3466 silly ADD node_modules/define-properties
3467 silly ADD node_modules/call-bound
3468 silly ADD node_modules/call-bind
3469 silly ADD node_modules/tsconfig-paths
3470 silly ADD node_modules/tsconfig-paths/node_modules/json5
3471 silly ADD node_modules/string.prototype.trimend
3472 silly ADD node_modules/object.values
3473 silly ADD node_modules/object.groupby
3474 silly ADD node_modules/object.fromentries
3475 silly ADD node_modules/hasown
3476 silly ADD node_modules/eslint-module-utils
3477 silly ADD node_modules/eslint-module-utils/node_modules/debug
3478 silly ADD node_modules/doctrine
3479 silly ADD node_modules/array.prototype.flatmap
3480 silly ADD node_modules/array.prototype.flat
3481 silly ADD node_modules/array.prototype.findlastindex
3482 silly ADD node_modules/array-includes
3483 silly ADD node_modules/@rtsao/scc
3484 silly ADD node_modules/unrs-resolver
3485 silly ADD node_modules/tinyglobby
3486 silly ADD node_modules/tinyglobby/node_modules/picomatch
3487 silly ADD node_modules/tinyglobby/node_modules/fdir
3488 silly ADD node_modules/stable-hash
3489 silly ADD node_modules/is-bun-module
3490 silly ADD node_modules/get-tsconfig
3491 silly ADD node_modules/@nolyfill/is-core-module
3492 silly ADD node_modules/resolve
3493 silly ADD node_modules/is-core-module
3494 silly ADD node_modules/color-name
3495 silly ADD node_modules/color-convert
3496 silly ADD node_modules/supports-color
3497 silly ADD node_modules/ansi-styles
3498 silly ADD node_modules/strip-json-comments
3499 silly ADD node_modules/js-yaml
3500 silly ADD node_modules/import-fresh
3501 silly ADD node_modules/@types/json-schema
3502 silly ADD node_modules/@eslint/object-schema
3503 silly ADD node_modules/minimatch
3504 silly ADD node_modules/lodash.merge
3505 silly ADD node_modules/espree
3506 silly ADD node_modules/eslint-visitor-keys
3507 silly ADD node_modules/eslint-scope
3508 silly ADD node_modules/chalk
3509 silly ADD node_modules/@types/estree
3510 silly ADD node_modules/@eslint/plugin-kit
3511 silly ADD node_modules/@eslint/js
3512 silly ADD node_modules/@eslint/eslintrc
3513 silly ADD node_modules/@eslint/eslintrc/node_modules/globals
3514 silly ADD node_modules/@eslint/core
3515 silly ADD node_modules/@eslint/config-helpers
3516 silly ADD node_modules/@eslint/config-array
3517 silly ADD node_modules/fast-glob
3518 silly ADD node_modules/fast-glob/node_modules/glob-parent
3519 silly ADD node_modules/typescript-eslint
3520 silly ADD node_modules/globals
3521 silly ADD node_modules/eslint-plugin-react-hooks
3522 silly ADD node_modules/eslint-plugin-react
3523 silly ADD node_modules/eslint-plugin-react/node_modules/semver
3524 silly ADD node_modules/eslint-plugin-jsx-a11y
3525 silly ADD node_modules/eslint
3526 silly ADD node_modules/eslint-plugin-import
3527 silly ADD node_modules/eslint-plugin-import/node_modules/semver
3528 silly ADD node_modules/eslint-plugin-import/node_modules/debug
3529 silly ADD node_modules/eslint-import-resolver-typescript
3530 silly ADD node_modules/eslint-import-resolver-node
3531 silly ADD node_modules/eslint-import-resolver-node/node_modules/debug
3532 silly ADD node_modules/@next/eslint-plugin-next
3533 silly ADD node_modules/ms
3534 silly ADD node_modules/which
3535 silly ADD node_modules/shebang-command
3536 silly ADD node_modules/path-key
3537 silly ADD node_modules/uri-js
3538 silly ADD node_modules/json-schema-traverse
3539 silly ADD node_modules/fast-json-stable-stringify
3540 silly ADD node_modules/@humanfs/types
3541 silly ADD node_modules/@humanfs/core
3542 silly ADD node_modules/levn
3543 silly ADD node_modules/optionator
3544 silly ADD node_modules/natural-compare
3545 silly ADD node_modules/json-stable-stringify-without-jsonify
3546 silly ADD node_modules/is-glob
3547 silly ADD node_modules/imurmurhash
3548 silly ADD node_modules/ignore
3549 silly ADD node_modules/glob-parent
3550 silly ADD node_modules/find-up
3551 silly ADD node_modules/file-entry-cache
3552 silly ADD node_modules/fast-deep-equal
3553 silly ADD node_modules/esutils
3554 silly ADD node_modules/esquery
3555 silly ADD node_modules/escape-string-regexp
3556 silly ADD node_modules/debug
3557 silly ADD node_modules/cross-spawn
3558 silly ADD node_modules/ajv
3559 silly ADD node_modules/@humanwhocodes/retry
3560 silly ADD node_modules/@humanwhocodes/module-importer
3561 silly ADD node_modules/@humanfs/node
3562 silly ADD node_modules/@eslint-community/regexpp
3563 silly ADD node_modules/@eslint-community/eslint-utils
3564 silly ADD node_modules/@eslint-community/eslint-utils/node_modules/eslint-visitor-keys
3565 silly ADD node_modules/update-browserslist-db
3566 silly ADD node_modules/node-releases
3567 silly ADD node_modules/electron-to-chromium
3568 silly ADD node_modules/postcss-value-parser
3569 silly ADD node_modules/fraction.js
3570 silly ADD node_modules/browserslist
3571 silly ADD node_modules/csstype
3572 silly ADD node_modules/undici-types
3573 silly ADD node_modules/typescript
3574 silly ADD node_modules/tailwindcss
3575 silly ADD node_modules/eslint-config-next
3576 silly ADD node_modules/autoprefixer
3577 silly ADD node_modules/@types/react-dom
3578 silly ADD node_modules/@types/react
3579 silly ADD node_modules/@types/node
3580 silly ADD
3581 silly ADD
3582 silly ADD
3583 silly ADD
3584 silly ADD
3585 silly ADD
3586 silly ADD
3587 silly ADD
3588 silly ADD
3589 silly ADD
3590 silly ADD
3591 silly ADD
3592 silly ADD
3593 silly ADD
3594 silly ADD
3595 silly ADD
3596 silly ADD
3597 silly ADD
3598 silly ADD
3599 silly ADD
3600 silly ADD
3601 silly ADD
3602 silly ADD
3603 silly ADD
3604 silly ADD
3605 silly ADD
3606 silly ADD
3607 silly ADD
3608 silly ADD
3609 silly ADD node_modules/@emnapi/runtime
3610 silly CHANGE node_modules/postcss
3611 silly ADD node_modules/next/node_modules/postcss
3612 verbose cwd /Users/jungsikbyun/Documents/뉴스피드
3613 verbose os Darwin 24.6.0
3614 verbose node v22.17.0
3615 verbose npm  v10.9.2
3616 verbose exit 0
3617 info ok
