0 verbose cli /usr/local/bin/node /usr/local/bin/npm
1 info using npm@10.9.2
2 info using node@v22.17.0
3 silly config load:file:/usr/local/lib/node_modules/npm/npmrc
4 silly config load:file:/Users/jungsikbyun/Documents/뉴스피드/.npmrc
5 silly config load:file:/Users/jungsikbyun/.npmrc
6 silly config load:file:/usr/local/etc/npmrc
7 verbose title npm install reactflow d3 framer-motion zustand lucide-react
8 verbose argv "install" "reactflow" "d3" "framer-motion" "zustand" "lucide-react" "--cache" ".npm-cache" "--force"
9 verbose logfile logs-max:10 dir:/Users/jungsikbyun/Documents/뉴스피드/.npm-cache/_logs/2026-05-30T21_28_17_945Z-
10 verbose logfile /Users/jungsikbyun/Documents/뉴스피드/.npm-cache/_logs/2026-05-30T21_28_17_945Z-debug-0.log
11 warn using --force Recommended protections disabled.
12 silly logfile done cleaning log files
13 silly packumentCache heap:4345298944 maxSize:1086324736 maxEntrySize:543162368
14 silly idealTree buildDeps
15 silly fetch manifest reactflow@*
16 silly packumentCache full:https://registry.npmjs.org/reactflow cache-miss
17 http fetch GET 200 https://registry.npmjs.org/reactflow 155ms (cache miss)
18 silly packumentCache full:https://registry.npmjs.org/reactflow set size:undefined disposed:false
19 silly fetch manifest react@^19.2.6
20 silly packumentCache full:https://registry.npmjs.org/react cache-miss
21 http cache https://registry.npmjs.org/react 10ms (cache hit)
22 silly packumentCache full:https://registry.npmjs.org/react set size:6668742 disposed:false
23 silly fetch manifest react-dom@^19.2.6
24 silly packumentCache full:https://registry.npmjs.org/react-dom cache-miss
25 http cache https://registry.npmjs.org/react-dom 11ms (cache hit)
26 silly packumentCache full:https://registry.npmjs.org/react-dom set size:8898222 disposed:false
27 silly fetch manifest d3@*
28 silly packumentCache full:https://registry.npmjs.org/d3 cache-miss
29 http fetch GET 200 https://registry.npmjs.org/d3 54ms (cache miss)
30 silly packumentCache full:https://registry.npmjs.org/d3 set size:undefined disposed:false
31 silly fetch manifest framer-motion@*
32 silly packumentCache full:https://registry.npmjs.org/framer-motion cache-miss
33 http fetch GET 200 https://registry.npmjs.org/framer-motion 143ms (cache miss)
34 silly packumentCache full:https://registry.npmjs.org/framer-motion set size:undefined disposed:false
35 silly fetch manifest @emotion/is-prop-valid@*
36 silly packumentCache full:https://registry.npmjs.org/@emotion%2fis-prop-valid cache-miss
37 http fetch GET 200 https://registry.npmjs.org/@emotion%2fis-prop-valid 52ms (cache miss)
38 silly packumentCache full:https://registry.npmjs.org/@emotion%2fis-prop-valid set size:undefined disposed:false
39 silly fetch manifest zustand@*
40 silly packumentCache full:https://registry.npmjs.org/zustand cache-miss
41 http fetch GET 200 https://registry.npmjs.org/zustand 43ms (cache miss)
42 silly packumentCache full:https://registry.npmjs.org/zustand set size:undefined disposed:false
43 silly fetch manifest @types/react@^19.2.15
44 silly packumentCache full:https://registry.npmjs.org/@types%2freact cache-miss
45 http cache https://registry.npmjs.org/@types%2freact 4ms (cache hit)
46 silly packumentCache full:https://registry.npmjs.org/@types%2freact set size:2607900 disposed:false
47 silly fetch manifest immer@>=9.0.6
48 silly packumentCache full:https://registry.npmjs.org/immer cache-miss
49 http fetch GET 200 https://registry.npmjs.org/immer 48ms (cache miss)
50 silly packumentCache full:https://registry.npmjs.org/immer set size:undefined disposed:false
51 silly fetch manifest use-sync-external-store@>=1.2.0
52 silly packumentCache full:https://registry.npmjs.org/use-sync-external-store cache-miss
53 http fetch GET 200 https://registry.npmjs.org/use-sync-external-store 153ms (cache miss)
54 silly packumentCache full:https://registry.npmjs.org/use-sync-external-store set size:undefined disposed:false
55 silly fetch manifest lucide-react@*
56 silly packumentCache full:https://registry.npmjs.org/lucide-react cache-miss
57 http fetch GET 200 https://registry.npmjs.org/lucide-react 85ms (cache miss)
58 silly packumentCache full:https://registry.npmjs.org/lucide-react set size:undefined disposed:false
59 silly placeDep ROOT d3@7.9.0 OK for: newsfeed-app@0.1.0 want: *
60 silly placeDep ROOT framer-motion@12.40.0 OK for: newsfeed-app@0.1.0 want: *
61 silly placeDep ROOT lucide-react@1.17.0 OK for: newsfeed-app@0.1.0 want: *
62 silly placeDep ROOT reactflow@11.11.4 OK for: newsfeed-app@0.1.0 want: *
63 silly placeDep ROOT zustand@5.0.14 OK for: newsfeed-app@0.1.0 want: *
64 silly fetch manifest d3-dsv@3
65 silly packumentCache full:https://registry.npmjs.org/d3-dsv cache-miss
66 silly fetch manifest d3-geo@3
67 silly packumentCache full:https://registry.npmjs.org/d3-geo cache-miss
68 silly fetch manifest d3-axis@3
69 silly packumentCache full:https://registry.npmjs.org/d3-axis cache-miss
70 silly fetch manifest d3-drag@3
71 silly packumentCache full:https://registry.npmjs.org/d3-drag cache-miss
72 silly fetch manifest d3-ease@3
73 silly packumentCache full:https://registry.npmjs.org/d3-ease cache-miss
74 silly fetch manifest d3-path@3
75 silly packumentCache full:https://registry.npmjs.org/d3-path cache-miss
76 silly fetch manifest d3-time@3
77 silly packumentCache full:https://registry.npmjs.org/d3-time cache-miss
78 silly fetch manifest d3-zoom@3
79 silly packumentCache full:https://registry.npmjs.org/d3-zoom cache-miss
80 silly fetch manifest d3-array@3
81 silly packumentCache full:https://registry.npmjs.org/d3-array cache-miss
82 silly fetch manifest d3-brush@3
83 silly packumentCache full:https://registry.npmjs.org/d3-brush cache-miss
84 silly fetch manifest d3-chord@3
85 silly packumentCache full:https://registry.npmjs.org/d3-chord cache-miss
86 silly fetch manifest d3-color@3
87 silly packumentCache full:https://registry.npmjs.org/d3-color cache-miss
88 silly fetch manifest d3-fetch@3
89 silly packumentCache full:https://registry.npmjs.org/d3-fetch cache-miss
90 http fetch GET 200 https://registry.npmjs.org/d3-dsv 43ms (cache miss)
91 silly packumentCache full:https://registry.npmjs.org/d3-dsv set size:undefined disposed:false
92 silly fetch manifest d3-force@3
93 silly packumentCache full:https://registry.npmjs.org/d3-force cache-miss
94 http fetch GET 200 https://registry.npmjs.org/d3-force 55ms (cache miss)
95 silly packumentCache full:https://registry.npmjs.org/d3-force set size:undefined disposed:false
96 silly fetch manifest d3-scale@4
97 silly packumentCache full:https://registry.npmjs.org/d3-scale cache-miss
98 http fetch GET 200 https://registry.npmjs.org/d3-chord 124ms (cache miss)
99 silly packumentCache full:https://registry.npmjs.org/d3-chord set size:undefined disposed:false
100 silly fetch manifest d3-shape@3
101 silly packumentCache full:https://registry.npmjs.org/d3-shape cache-miss
102 http fetch GET 200 https://registry.npmjs.org/d3-color 127ms (cache miss)
103 silly packumentCache full:https://registry.npmjs.org/d3-color set size:undefined disposed:false
104 silly fetch manifest d3-timer@3
105 silly packumentCache full:https://registry.npmjs.org/d3-timer cache-miss
106 http fetch GET 200 https://registry.npmjs.org/d3-time 135ms (cache miss)
107 silly packumentCache full:https://registry.npmjs.org/d3-time set size:undefined disposed:false
108 silly fetch manifest d3-format@3
109 silly packumentCache full:https://registry.npmjs.org/d3-format cache-miss
110 http fetch GET 200 https://registry.npmjs.org/d3-brush 135ms (cache miss)
111 silly packumentCache full:https://registry.npmjs.org/d3-brush set size:undefined disposed:false
112 silly fetch manifest d3-random@3
113 silly packumentCache full:https://registry.npmjs.org/d3-random cache-miss
114 http fetch GET 200 https://registry.npmjs.org/d3-axis 139ms (cache miss)
115 silly packumentCache full:https://registry.npmjs.org/d3-axis set size:undefined disposed:false
116 silly fetch manifest d3-contour@4
117 silly packumentCache full:https://registry.npmjs.org/d3-contour cache-miss
118 http fetch GET 200 https://registry.npmjs.org/d3-drag 140ms (cache miss)
119 silly packumentCache full:https://registry.npmjs.org/d3-drag set size:undefined disposed:false
120 silly fetch manifest d3-polygon@3
121 silly packumentCache full:https://registry.npmjs.org/d3-polygon cache-miss
122 http fetch GET 200 https://registry.npmjs.org/d3-fetch 144ms (cache miss)
123 silly packumentCache full:https://registry.npmjs.org/d3-fetch set size:undefined disposed:false
124 silly fetch manifest d3-delaunay@6
125 silly packumentCache full:https://registry.npmjs.org/d3-delaunay cache-miss
126 http fetch GET 200 https://registry.npmjs.org/d3-array 146ms (cache miss)
127 silly packumentCache full:https://registry.npmjs.org/d3-array set size:undefined disposed:false
128 silly fetch manifest d3-dispatch@3
129 silly packumentCache full:https://registry.npmjs.org/d3-dispatch cache-miss
130 http fetch GET 200 https://registry.npmjs.org/d3-ease 148ms (cache miss)
131 silly packumentCache full:https://registry.npmjs.org/d3-ease set size:undefined disposed:false
132 silly fetch manifest d3-quadtree@3
133 silly packumentCache full:https://registry.npmjs.org/d3-quadtree cache-miss
134 http fetch GET 200 https://registry.npmjs.org/d3-zoom 152ms (cache miss)
135 silly packumentCache full:https://registry.npmjs.org/d3-zoom set size:undefined disposed:false
136 silly fetch manifest d3-hierarchy@3
137 silly packumentCache full:https://registry.npmjs.org/d3-hierarchy cache-miss
138 http fetch GET 200 https://registry.npmjs.org/d3-path 154ms (cache miss)
139 silly packumentCache full:https://registry.npmjs.org/d3-path set size:undefined disposed:false
140 silly fetch manifest d3-selection@3
141 silly packumentCache full:https://registry.npmjs.org/d3-selection cache-miss
142 http fetch GET 200 https://registry.npmjs.org/d3-scale 56ms (cache miss)
143 silly packumentCache full:https://registry.npmjs.org/d3-scale set size:undefined disposed:false
144 silly fetch manifest d3-transition@3
145 silly packumentCache full:https://registry.npmjs.org/d3-transition cache-miss
146 http fetch GET 200 https://registry.npmjs.org/d3-geo 163ms (cache miss)
147 silly packumentCache full:https://registry.npmjs.org/d3-geo set size:undefined disposed:false
148 silly fetch manifest d3-interpolate@3
149 silly packumentCache full:https://registry.npmjs.org/d3-interpolate cache-miss
150 http fetch GET 200 https://registry.npmjs.org/d3-shape 53ms (cache miss)
151 silly packumentCache full:https://registry.npmjs.org/d3-shape set size:undefined disposed:false
152 silly fetch manifest d3-time-format@4
153 silly packumentCache full:https://registry.npmjs.org/d3-time-format cache-miss
154 http fetch GET 200 https://registry.npmjs.org/d3-timer 52ms (cache miss)
155 silly packumentCache full:https://registry.npmjs.org/d3-timer set size:undefined disposed:false
156 silly fetch manifest d3-scale-chromatic@3
157 silly packumentCache full:https://registry.npmjs.org/d3-scale-chromatic cache-miss
158 http fetch GET 200 https://registry.npmjs.org/d3-random 48ms (cache miss)
159 silly packumentCache full:https://registry.npmjs.org/d3-random set size:undefined disposed:false
160 silly fetch manifest motion-dom@^12.40.0
161 silly packumentCache full:https://registry.npmjs.org/motion-dom cache-miss
162 http fetch GET 200 https://registry.npmjs.org/d3-format 50ms (cache miss)
163 silly packumentCache full:https://registry.npmjs.org/d3-format set size:undefined disposed:false
164 silly fetch manifest motion-utils@^12.39.0
165 silly packumentCache full:https://registry.npmjs.org/motion-utils cache-miss
166 http fetch GET 200 https://registry.npmjs.org/d3-delaunay 43ms (cache miss)
167 silly packumentCache full:https://registry.npmjs.org/d3-delaunay set size:undefined disposed:false
168 silly fetch manifest @reactflow/minimap@11.7.14
169 silly packumentCache full:https://registry.npmjs.org/@reactflow%2fminimap cache-miss
170 http fetch GET 200 https://registry.npmjs.org/d3-contour 51ms (cache miss)
171 silly packumentCache full:https://registry.npmjs.org/d3-contour set size:undefined disposed:false
172 silly fetch manifest @reactflow/node-resizer@2.2.14
173 silly packumentCache full:https://registry.npmjs.org/@reactflow%2fnode-resizer cache-miss
174 http fetch GET 200 https://registry.npmjs.org/d3-dispatch 45ms (cache miss)
175 silly packumentCache full:https://registry.npmjs.org/d3-dispatch set size:undefined disposed:false
176 silly fetch manifest @reactflow/background@11.3.14
177 silly packumentCache full:https://registry.npmjs.org/@reactflow%2fbackground cache-miss
178 http fetch GET 200 https://registry.npmjs.org/d3-polygon 55ms (cache miss)
179 silly packumentCache full:https://registry.npmjs.org/d3-polygon set size:undefined disposed:false
180 silly fetch manifest @reactflow/node-toolbar@1.3.14
181 silly packumentCache full:https://registry.npmjs.org/@reactflow%2fnode-toolbar cache-miss
182 http fetch GET 200 https://registry.npmjs.org/d3-quadtree 50ms (cache miss)
183 silly packumentCache full:https://registry.npmjs.org/d3-quadtree set size:undefined disposed:false
184 silly fetch manifest @reactflow/core@11.11.4
185 silly packumentCache full:https://registry.npmjs.org/@reactflow%2fcore cache-miss
186 http fetch GET 200 https://registry.npmjs.org/d3-hierarchy 59ms (cache miss)
187 silly packumentCache full:https://registry.npmjs.org/d3-hierarchy set size:undefined disposed:false
188 silly fetch manifest @reactflow/controls@11.2.14
189 silly packumentCache full:https://registry.npmjs.org/@reactflow%2fcontrols cache-miss
190 http fetch GET 200 https://registry.npmjs.org/d3-interpolate 54ms (cache miss)
191 silly packumentCache full:https://registry.npmjs.org/d3-interpolate set size:undefined disposed:false
192 http fetch GET 200 https://registry.npmjs.org/motion-utils 40ms (cache miss)
193 silly packumentCache full:https://registry.npmjs.org/motion-utils set size:undefined disposed:false
194 http fetch GET 200 https://registry.npmjs.org/d3-time-format 50ms (cache miss)
195 silly packumentCache full:https://registry.npmjs.org/d3-time-format set size:undefined disposed:false
196 http fetch GET 200 https://registry.npmjs.org/d3-scale-chromatic 49ms (cache miss)
197 silly packumentCache full:https://registry.npmjs.org/d3-scale-chromatic set size:undefined disposed:false
198 http fetch GET 200 https://registry.npmjs.org/motion-dom 47ms (cache miss)
199 silly packumentCache full:https://registry.npmjs.org/motion-dom set size:undefined disposed:false
200 http fetch GET 200 https://registry.npmjs.org/@reactflow%2fminimap 57ms (cache miss)
201 silly packumentCache full:https://registry.npmjs.org/@reactflow%2fminimap set size:undefined disposed:false
202 http fetch GET 200 https://registry.npmjs.org/d3-selection 92ms (cache miss)
203 silly packumentCache full:https://registry.npmjs.org/d3-selection set size:undefined disposed:false
204 http fetch GET 200 https://registry.npmjs.org/@reactflow%2fnode-resizer 72ms (cache miss)
205 silly packumentCache full:https://registry.npmjs.org/@reactflow%2fnode-resizer set size:undefined disposed:false
206 http fetch GET 200 https://registry.npmjs.org/@reactflow%2fcore 64ms (cache miss)
207 silly packumentCache full:https://registry.npmjs.org/@reactflow%2fcore set size:undefined disposed:false
208 http fetch GET 200 https://registry.npmjs.org/@reactflow%2fnode-toolbar 72ms (cache miss)
209 silly packumentCache full:https://registry.npmjs.org/@reactflow%2fnode-toolbar set size:undefined disposed:false
210 http fetch GET 200 https://registry.npmjs.org/@reactflow%2fbackground 77ms (cache miss)
211 silly packumentCache full:https://registry.npmjs.org/@reactflow%2fbackground set size:undefined disposed:false
212 http fetch GET 200 https://registry.npmjs.org/d3-transition 114ms (cache miss)
213 silly packumentCache full:https://registry.npmjs.org/d3-transition set size:undefined disposed:false
214 http fetch GET 200 https://registry.npmjs.org/@reactflow%2fcontrols 77ms (cache miss)
215 silly packumentCache full:https://registry.npmjs.org/@reactflow%2fcontrols set size:undefined disposed:false
216 silly placeDep ROOT d3-array@3.2.4 OK for: d3@7.9.0 want: 3
217 silly placeDep ROOT d3-axis@3.0.0 OK for: d3@7.9.0 want: 3
218 silly placeDep ROOT d3-brush@3.0.0 OK for: d3@7.9.0 want: 3
219 silly placeDep ROOT d3-chord@3.0.1 OK for: d3@7.9.0 want: 3
220 silly placeDep ROOT d3-color@3.1.0 OK for: d3@7.9.0 want: 3
221 silly placeDep ROOT d3-contour@4.0.2 OK for: d3@7.9.0 want: 4
222 silly placeDep ROOT d3-delaunay@6.0.4 OK for: d3@7.9.0 want: 6
223 silly placeDep ROOT d3-dispatch@3.0.1 OK for: d3@7.9.0 want: 3
224 silly placeDep ROOT d3-drag@3.0.0 OK for: d3@7.9.0 want: 3
225 silly placeDep ROOT d3-dsv@3.0.1 OK for: d3@7.9.0 want: 3
226 silly placeDep ROOT d3-ease@3.0.1 OK for: d3@7.9.0 want: 3
227 silly placeDep ROOT d3-fetch@3.0.1 OK for: d3@7.9.0 want: 3
228 silly placeDep ROOT d3-force@3.0.0 OK for: d3@7.9.0 want: 3
229 silly placeDep ROOT d3-format@3.1.2 OK for: d3@7.9.0 want: 3
230 silly placeDep ROOT d3-geo@3.1.1 OK for: d3@7.9.0 want: 3
231 silly placeDep ROOT d3-hierarchy@3.1.2 OK for: d3@7.9.0 want: 3
232 silly placeDep ROOT d3-interpolate@3.0.1 OK for: d3@7.9.0 want: 3
233 silly placeDep ROOT d3-path@3.1.0 OK for: d3@7.9.0 want: 3
234 silly placeDep ROOT d3-polygon@3.0.1 OK for: d3@7.9.0 want: 3
235 silly placeDep ROOT d3-quadtree@3.0.1 OK for: d3@7.9.0 want: 3
236 silly placeDep ROOT d3-random@3.0.1 OK for: d3@7.9.0 want: 3
237 silly placeDep ROOT d3-scale@4.0.2 OK for: d3@7.9.0 want: 4
238 silly placeDep ROOT d3-scale-chromatic@3.1.0 OK for: d3@7.9.0 want: 3
239 silly placeDep ROOT d3-selection@3.0.0 OK for: d3@7.9.0 want: 3
240 silly placeDep ROOT d3-shape@3.2.0 OK for: d3@7.9.0 want: 3
241 silly placeDep ROOT d3-time@3.1.0 OK for: d3@7.9.0 want: 3
242 silly placeDep ROOT d3-time-format@4.1.0 OK for: d3@7.9.0 want: 4
243 silly placeDep ROOT d3-timer@3.0.1 OK for: d3@7.9.0 want: 3
244 silly placeDep ROOT d3-transition@3.0.1 OK for: d3@7.9.0 want: 3
245 silly placeDep ROOT d3-zoom@3.0.0 OK for: d3@7.9.0 want: 3
246 silly fetch manifest internmap@1 - 2
247 silly packumentCache full:https://registry.npmjs.org/internmap cache-miss
248 silly fetch manifest d3-dispatch@1 - 3
249 silly packumentCache full:https://registry.npmjs.org/d3-dispatch cache-miss
250 silly fetch manifest d3-drag@2 - 3
251 silly packumentCache full:https://registry.npmjs.org/d3-drag cache-miss
252 silly fetch manifest d3-interpolate@1 - 3
253 silly packumentCache full:https://registry.npmjs.org/d3-interpolate cache-miss
254 silly fetch manifest d3-path@1 - 3
255 silly packumentCache full:https://registry.npmjs.org/d3-path cache-miss
256 silly fetch manifest delaunator@5
257 silly packumentCache full:https://registry.npmjs.org/delaunator cache-miss
258 silly fetch manifest commander@7
259 silly packumentCache full:https://registry.npmjs.org/commander cache-miss
260 silly fetch manifest iconv-lite@0.6
261 silly packumentCache full:https://registry.npmjs.org/iconv-lite cache-miss
262 silly fetch manifest rw@1
263 silly packumentCache full:https://registry.npmjs.org/rw cache-miss
264 silly fetch manifest d3-quadtree@1 - 3
265 silly packumentCache full:https://registry.npmjs.org/d3-quadtree cache-miss
266 silly fetch manifest d3-timer@1 - 3
267 silly packumentCache full:https://registry.npmjs.org/d3-timer cache-miss
268 silly fetch manifest d3-time@2.1.1 - 3
269 silly packumentCache full:https://registry.npmjs.org/d3-time cache-miss
270 silly fetch manifest d3-time-format@2 - 4
271 silly packumentCache full:https://registry.npmjs.org/d3-time-format cache-miss
272 http cache https://registry.npmjs.org/d3-dispatch 5ms (cache hit)
273 silly packumentCache full:https://registry.npmjs.org/d3-dispatch set size:82955 disposed:false
274 http cache https://registry.npmjs.org/d3-timer 5ms (cache hit)
275 silly packumentCache full:https://registry.npmjs.org/d3-timer set size:101516 disposed:false
276 http cache https://registry.npmjs.org/d3-quadtree 7ms (cache hit)
277 silly packumentCache full:https://registry.npmjs.org/d3-quadtree set size:98011 disposed:false
278 http cache https://registry.npmjs.org/d3-drag 7ms (cache hit)
279 silly packumentCache full:https://registry.npmjs.org/d3-drag set size:116130 disposed:false
280 http cache https://registry.npmjs.org/d3-interpolate 8ms (cache hit)
281 silly packumentCache full:https://registry.npmjs.org/d3-interpolate set size:162337 disposed:false
282 http cache https://registry.npmjs.org/d3-time-format 8ms (cache hit)
283 silly packumentCache full:https://registry.npmjs.org/d3-time-format set size:124514 disposed:false
284 http cache https://registry.npmjs.org/d3-path 9ms (cache hit)
285 silly packumentCache full:https://registry.npmjs.org/d3-path set size:77883 disposed:false
286 http cache https://registry.npmjs.org/d3-time 9ms (cache hit)
287 silly packumentCache full:https://registry.npmjs.org/d3-time set size:150406 disposed:false
288 http fetch GET 200 https://registry.npmjs.org/internmap 35ms (cache miss)
289 silly packumentCache full:https://registry.npmjs.org/internmap set size:undefined disposed:false
290 http fetch GET 200 https://registry.npmjs.org/rw 40ms (cache miss)
291 silly packumentCache full:https://registry.npmjs.org/rw set size:undefined disposed:false
292 http fetch GET 200 https://registry.npmjs.org/iconv-lite 44ms (cache miss)
293 silly packumentCache full:https://registry.npmjs.org/iconv-lite set size:undefined disposed:false
294 http fetch GET 200 https://registry.npmjs.org/delaunator 47ms (cache miss)
295 silly packumentCache full:https://registry.npmjs.org/delaunator set size:undefined disposed:false
296 http fetch GET 200 https://registry.npmjs.org/commander 53ms (cache miss)
297 silly packumentCache full:https://registry.npmjs.org/commander set size:undefined disposed:false
298 silly placeDep ROOT internmap@2.0.3 OK for: d3-array@3.2.4 want: 1 - 2
299 silly placeDep ROOT delaunator@5.1.0 OK for: d3-delaunay@6.0.4 want: 5
300 silly fetch manifest robust-predicates@^3.0.2
301 silly packumentCache full:https://registry.npmjs.org/robust-predicates cache-miss
302 http fetch GET 200 https://registry.npmjs.org/robust-predicates 61ms (cache miss)
303 silly packumentCache full:https://registry.npmjs.org/robust-predicates set size:undefined disposed:false
304 silly placeDep ROOT commander@7.2.0 OK for: d3-dsv@3.0.1 want: 7
305 silly placeDep ROOT iconv-lite@0.6.3 OK for: d3-dsv@3.0.1 want: 0.6
306 silly placeDep ROOT rw@1.3.3 OK for: d3-dsv@3.0.1 want: 1
307 silly fetch manifest safer-buffer@>= 2.1.2 < 3.0.0
308 silly packumentCache full:https://registry.npmjs.org/safer-buffer cache-miss
309 http fetch GET 200 https://registry.npmjs.org/safer-buffer 34ms (cache miss)
310 silly packumentCache full:https://registry.npmjs.org/safer-buffer set size:undefined disposed:false
311 silly placeDep ROOT robust-predicates@3.0.3 OK for: delaunator@5.1.0 want: ^3.0.2
312 silly placeDep ROOT motion-dom@12.40.0 OK for: framer-motion@12.40.0 want: ^12.40.0
313 silly placeDep ROOT motion-utils@12.39.0 OK for: framer-motion@12.40.0 want: ^12.39.0
314 silly placeDep ROOT safer-buffer@2.1.2 OK for: iconv-lite@0.6.3 want: >= 2.1.2 < 3.0.0
315 silly fetch manifest react@>=17
316 silly packumentCache full:https://registry.npmjs.org/react cache-miss
317 http cache https://registry.npmjs.org/react 8ms (cache hit)
318 silly packumentCache full:https://registry.npmjs.org/react set size:6668742 disposed:false
319 silly fetch manifest react-dom@>=17
320 silly packumentCache full:https://registry.npmjs.org/react-dom cache-miss
321 http cache https://registry.npmjs.org/react-dom 13ms (cache hit)
322 silly packumentCache full:https://registry.npmjs.org/react-dom set size:8898222 disposed:false
323 silly placeDep ROOT @reactflow/background@11.3.14 OK for: reactflow@11.11.4 want: 11.3.14
324 silly placeDep ROOT @reactflow/controls@11.2.14 OK for: reactflow@11.11.4 want: 11.2.14
325 silly placeDep ROOT @reactflow/core@11.11.4 OK for: reactflow@11.11.4 want: 11.11.4
326 silly placeDep ROOT @reactflow/minimap@11.7.14 OK for: reactflow@11.11.4 want: 11.7.14
327 silly placeDep ROOT @reactflow/node-resizer@2.2.14 OK for: reactflow@11.11.4 want: 2.2.14
328 silly placeDep ROOT @reactflow/node-toolbar@1.3.14 OK for: reactflow@11.11.4 want: 1.3.14
329 silly fetch manifest classcat@^5.0.3
330 silly packumentCache full:https://registry.npmjs.org/classcat cache-miss
331 silly fetch manifest zustand@^4.4.1
332 silly packumentCache full:https://registry.npmjs.org/zustand cache-miss
333 silly fetch manifest classcat@^5.0.3
334 silly packumentCache full:https://registry.npmjs.org/classcat cache-miss
335 silly fetch manifest zustand@^4.4.1
336 silly packumentCache full:https://registry.npmjs.org/zustand cache-miss
337 silly fetch manifest @types/d3@^7.4.0
338 silly packumentCache full:https://registry.npmjs.org/@types%2fd3 cache-miss
339 silly fetch manifest @types/d3-drag@^3.0.1
340 silly packumentCache full:https://registry.npmjs.org/@types%2fd3-drag cache-miss
341 silly fetch manifest @types/d3-selection@^3.0.3
342 silly packumentCache full:https://registry.npmjs.org/@types%2fd3-selection cache-miss
343 silly fetch manifest @types/d3-zoom@^3.0.1
344 silly packumentCache full:https://registry.npmjs.org/@types%2fd3-zoom cache-miss
345 silly fetch manifest classcat@^5.0.3
346 silly packumentCache full:https://registry.npmjs.org/classcat cache-miss
347 silly fetch manifest zustand@^4.4.1
348 silly packumentCache full:https://registry.npmjs.org/zustand cache-miss
349 silly fetch manifest @types/d3-selection@^3.0.3
350 silly packumentCache full:https://registry.npmjs.org/@types%2fd3-selection cache-miss
351 silly fetch manifest @types/d3-zoom@^3.0.1
352 silly packumentCache full:https://registry.npmjs.org/@types%2fd3-zoom cache-miss
353 silly fetch manifest classcat@^5.0.3
354 silly packumentCache full:https://registry.npmjs.org/classcat cache-miss
355 http cache https://registry.npmjs.org/zustand 6ms (cache hit)
356 silly packumentCache full:https://registry.npmjs.org/zustand set size:486775 disposed:false
357 silly fetch manifest classcat@^5.0.4
358 silly packumentCache full:https://registry.npmjs.org/classcat cache-miss
359 http cache https://registry.npmjs.org/zustand 11ms (cache hit)
360 silly packumentCache full:https://registry.npmjs.org/zustand set size:486775 disposed:false
361 silly packumentCache full:https://registry.npmjs.org/zustand dispose
362 silly fetch manifest classcat@^5.0.3
363 silly packumentCache full:https://registry.npmjs.org/classcat cache-miss
364 http cache https://registry.npmjs.org/zustand 13ms (cache hit)
365 silly packumentCache full:https://registry.npmjs.org/zustand set size:486775 disposed:true
366 silly packumentCache full:https://registry.npmjs.org/zustand dispose
367 http fetch GET 200 https://registry.npmjs.org/classcat 45ms (cache miss)
368 silly packumentCache full:https://registry.npmjs.org/classcat set size:undefined disposed:false
369 http fetch GET 200 https://registry.npmjs.org/classcat 46ms (cache miss)
370 silly packumentCache full:https://registry.npmjs.org/classcat set size:undefined disposed:false
371 http fetch GET 200 https://registry.npmjs.org/classcat 42ms (cache miss)
372 silly packumentCache full:https://registry.npmjs.org/classcat set size:undefined disposed:false
373 http fetch GET 200 https://registry.npmjs.org/@types%2fd3-selection 52ms (cache miss)
374 silly packumentCache full:https://registry.npmjs.org/@types%2fd3-selection set size:undefined disposed:false
375 http fetch GET 200 https://registry.npmjs.org/classcat 57ms (cache miss)
376 silly packumentCache full:https://registry.npmjs.org/classcat set size:undefined disposed:false
377 http fetch GET 200 https://registry.npmjs.org/@types%2fd3-selection 57ms (cache miss)
378 silly packumentCache full:https://registry.npmjs.org/@types%2fd3-selection set size:undefined disposed:false
379 http fetch GET 200 https://registry.npmjs.org/classcat 58ms (cache miss)
380 silly packumentCache full:https://registry.npmjs.org/classcat set size:undefined disposed:false
381 http fetch GET 200 https://registry.npmjs.org/@types%2fd3-zoom 58ms (cache miss)
382 silly packumentCache full:https://registry.npmjs.org/@types%2fd3-zoom set size:undefined disposed:false
383 http fetch GET 200 https://registry.npmjs.org/classcat 51ms (cache miss)
384 silly packumentCache full:https://registry.npmjs.org/classcat set size:undefined disposed:false
385 http fetch GET 200 https://registry.npmjs.org/@types%2fd3-drag 66ms (cache miss)
386 silly packumentCache full:https://registry.npmjs.org/@types%2fd3-drag set size:undefined disposed:false
387 http fetch GET 200 https://registry.npmjs.org/@types%2fd3-zoom 66ms (cache miss)
388 silly packumentCache full:https://registry.npmjs.org/@types%2fd3-zoom set size:undefined disposed:false
389 http fetch GET 200 https://registry.npmjs.org/@types%2fd3 75ms (cache miss)
390 silly packumentCache full:https://registry.npmjs.org/@types%2fd3 set size:undefined disposed:false
391 silly fetch manifest @types/react@>=16.8
392 silly packumentCache full:https://registry.npmjs.org/@types%2freact cache-miss
393 http cache https://registry.npmjs.org/@types%2freact 4ms (cache hit)
394 silly packumentCache full:https://registry.npmjs.org/@types%2freact set size:2607900 disposed:false
395 silly placeDep ROOT classcat@5.0.5 OK for: @reactflow/background@11.3.14 want: ^5.0.3
396 silly placeDep node_modules/@reactflow/background zustand@4.5.7 OK for: @reactflow/background@11.3.14 want: ^4.4.1
397 silly fetch manifest use-sync-external-store@^1.2.2
398 silly packumentCache full:https://registry.npmjs.org/use-sync-external-store cache-miss
399 http cache https://registry.npmjs.org/use-sync-external-store 6ms (cache hit)
400 silly packumentCache full:https://registry.npmjs.org/use-sync-external-store set size:4695468 disposed:false
401 silly placeDep node_modules/@reactflow/controls zustand@4.5.7 OK for: @reactflow/controls@11.2.14 want: ^4.4.1
402 silly placeDep ROOT @types/d3@7.4.3 OK for: @reactflow/core@11.11.4 want: ^7.4.0
403 silly placeDep ROOT @types/d3-drag@3.0.7 OK for: @reactflow/core@11.11.4 want: ^3.0.1
404 silly placeDep ROOT @types/d3-selection@3.0.11 OK for: @reactflow/core@11.11.4 want: ^3.0.3
405 silly placeDep ROOT @types/d3-zoom@3.0.8 OK for: @reactflow/core@11.11.4 want: ^3.0.1
406 silly placeDep node_modules/@reactflow/core zustand@4.5.7 OK for: @reactflow/core@11.11.4 want: ^4.4.1
407 silly fetch manifest @types/d3-dsv@*
408 silly packumentCache full:https://registry.npmjs.org/@types%2fd3-dsv cache-miss
409 silly fetch manifest @types/d3-geo@*
410 silly packumentCache full:https://registry.npmjs.org/@types%2fd3-geo cache-miss
411 silly fetch manifest @types/d3-axis@*
412 silly packumentCache full:https://registry.npmjs.org/@types%2fd3-axis cache-miss
413 silly fetch manifest @types/d3-drag@*
414 silly packumentCache full:https://registry.npmjs.org/@types%2fd3-drag cache-miss
415 silly fetch manifest @types/d3-ease@*
416 silly packumentCache full:https://registry.npmjs.org/@types%2fd3-ease cache-miss
417 silly fetch manifest @types/d3-path@*
418 silly packumentCache full:https://registry.npmjs.org/@types%2fd3-path cache-miss
419 silly fetch manifest @types/d3-time@*
420 silly packumentCache full:https://registry.npmjs.org/@types%2fd3-time cache-miss
421 silly fetch manifest @types/d3-zoom@*
422 silly packumentCache full:https://registry.npmjs.org/@types%2fd3-zoom cache-miss
423 silly fetch manifest @types/d3-array@*
424 silly packumentCache full:https://registry.npmjs.org/@types%2fd3-array cache-miss
425 silly fetch manifest @types/d3-brush@*
426 silly packumentCache full:https://registry.npmjs.org/@types%2fd3-brush cache-miss
427 silly fetch manifest @types/d3-chord@*
428 silly packumentCache full:https://registry.npmjs.org/@types%2fd3-chord cache-miss
429 silly fetch manifest @types/d3-color@*
430 silly packumentCache full:https://registry.npmjs.org/@types%2fd3-color cache-miss
431 silly fetch manifest @types/d3-fetch@*
432 silly packumentCache full:https://registry.npmjs.org/@types%2fd3-fetch cache-miss
433 http cache https://registry.npmjs.org/@types%2fd3-drag 6ms (cache hit)
434 silly packumentCache full:https://registry.npmjs.org/@types%2fd3-drag set size:61692 disposed:false
435 silly fetch manifest @types/d3-force@*
436 silly packumentCache full:https://registry.npmjs.org/@types%2fd3-force cache-miss
437 http cache https://registry.npmjs.org/@types%2fd3-zoom 6ms (cache hit)
438 silly packumentCache full:https://registry.npmjs.org/@types%2fd3-zoom set size:93285 disposed:false
439 silly fetch manifest @types/d3-scale@*
440 silly packumentCache full:https://registry.npmjs.org/@types%2fd3-scale cache-miss
441 http fetch GET 200 https://registry.npmjs.org/@types%2fd3-ease 46ms (cache miss)
442 silly packumentCache full:https://registry.npmjs.org/@types%2fd3-ease set size:undefined disposed:false
443 silly fetch manifest @types/d3-shape@*
444 silly packumentCache full:https://registry.npmjs.org/@types%2fd3-shape cache-miss
445 http fetch GET 200 https://registry.npmjs.org/@types%2fd3-time 46ms (cache miss)
446 silly packumentCache full:https://registry.npmjs.org/@types%2fd3-time set size:undefined disposed:false
447 silly fetch manifest @types/d3-timer@*
448 silly packumentCache full:https://registry.npmjs.org/@types%2fd3-timer cache-miss
449 http fetch GET 200 https://registry.npmjs.org/@types%2fd3-path 52ms (cache miss)
450 silly packumentCache full:https://registry.npmjs.org/@types%2fd3-path set size:undefined disposed:false
451 silly fetch manifest @types/d3-format@*
452 silly packumentCache full:https://registry.npmjs.org/@types%2fd3-format cache-miss
453 http fetch GET 200 https://registry.npmjs.org/@types%2fd3-array 53ms (cache miss)
454 silly packumentCache full:https://registry.npmjs.org/@types%2fd3-array set size:undefined disposed:false
455 silly fetch manifest @types/d3-random@*
456 silly packumentCache full:https://registry.npmjs.org/@types%2fd3-random cache-miss
457 http fetch GET 200 https://registry.npmjs.org/@types%2fd3-dsv 54ms (cache miss)
458 silly packumentCache full:https://registry.npmjs.org/@types%2fd3-dsv set size:undefined disposed:false
459 silly fetch manifest @types/d3-contour@*
460 silly packumentCache full:https://registry.npmjs.org/@types%2fd3-contour cache-miss
461 http fetch GET 200 https://registry.npmjs.org/@types%2fd3-axis 55ms (cache miss)
462 silly packumentCache full:https://registry.npmjs.org/@types%2fd3-axis set size:undefined disposed:false
463 silly fetch manifest @types/d3-polygon@*
464 silly packumentCache full:https://registry.npmjs.org/@types%2fd3-polygon cache-miss
465 http fetch GET 200 https://registry.npmjs.org/@types%2fd3-geo 56ms (cache miss)
466 silly packumentCache full:https://registry.npmjs.org/@types%2fd3-geo set size:undefined disposed:false
467 silly fetch manifest @types/d3-delaunay@*
468 silly packumentCache full:https://registry.npmjs.org/@types%2fd3-delaunay cache-miss
469 http fetch GET 200 https://registry.npmjs.org/@types%2fd3-chord 60ms (cache miss)
470 silly packumentCache full:https://registry.npmjs.org/@types%2fd3-chord set size:undefined disposed:false
471 silly fetch manifest @types/d3-dispatch@*
472 silly packumentCache full:https://registry.npmjs.org/@types%2fd3-dispatch cache-miss
473 http fetch GET 200 https://registry.npmjs.org/@types%2fd3-force 57ms (cache miss)
474 silly packumentCache full:https://registry.npmjs.org/@types%2fd3-force set size:undefined disposed:false
475 silly fetch manifest @types/d3-quadtree@*
476 silly packumentCache full:https://registry.npmjs.org/@types%2fd3-quadtree cache-miss
477 http fetch GET 200 https://registry.npmjs.org/@types%2fd3-color 66ms (cache miss)
478 silly packumentCache full:https://registry.npmjs.org/@types%2fd3-color set size:undefined disposed:false
479 silly fetch manifest @types/d3-hierarchy@*
480 silly packumentCache full:https://registry.npmjs.org/@types%2fd3-hierarchy cache-miss
481 http fetch GET 200 https://registry.npmjs.org/@types%2fd3-brush 69ms (cache miss)
482 silly packumentCache full:https://registry.npmjs.org/@types%2fd3-brush set size:undefined disposed:false
483 silly fetch manifest @types/d3-selection@*
484 silly packumentCache full:https://registry.npmjs.org/@types%2fd3-selection cache-miss
485 http fetch GET 200 https://registry.npmjs.org/@types%2fd3-scale 65ms (cache miss)
486 silly packumentCache full:https://registry.npmjs.org/@types%2fd3-scale set size:undefined disposed:false
487 silly fetch manifest @types/d3-transition@*
488 silly packumentCache full:https://registry.npmjs.org/@types%2fd3-transition cache-miss
489 http cache https://registry.npmjs.org/@types%2fd3-selection 2ms (cache hit)
490 silly packumentCache full:https://registry.npmjs.org/@types%2fd3-selection set size:96309 disposed:false
491 silly fetch manifest @types/d3-interpolate@*
492 silly packumentCache full:https://registry.npmjs.org/@types%2fd3-interpolate cache-miss
493 http fetch GET 200 https://registry.npmjs.org/@types%2fd3-timer 53ms (cache miss)
494 silly packumentCache full:https://registry.npmjs.org/@types%2fd3-timer set size:undefined disposed:false
495 silly fetch manifest @types/d3-time-format@*
496 silly packumentCache full:https://registry.npmjs.org/@types%2fd3-time-format cache-miss
497 http fetch GET 200 https://registry.npmjs.org/@types%2fd3-format 48ms (cache miss)
498 silly packumentCache full:https://registry.npmjs.org/@types%2fd3-format set size:undefined disposed:false
499 silly fetch manifest @types/d3-scale-chromatic@*
500 silly packumentCache full:https://registry.npmjs.org/@types%2fd3-scale-chromatic cache-miss
501 http fetch GET 200 https://registry.npmjs.org/@types%2fd3-random 52ms (cache miss)
502 silly packumentCache full:https://registry.npmjs.org/@types%2fd3-random set size:undefined disposed:false
503 silly fetch manifest @types/d3-interpolate@*
504 silly packumentCache full:https://registry.npmjs.org/@types%2fd3-interpolate cache-miss
505 http fetch GET 200 https://registry.npmjs.org/@types%2fd3-shape 60ms (cache miss)
506 silly packumentCache full:https://registry.npmjs.org/@types%2fd3-shape set size:undefined disposed:false
507 http fetch GET 200 https://registry.npmjs.org/@types%2fd3-polygon 52ms (cache miss)
508 silly packumentCache full:https://registry.npmjs.org/@types%2fd3-polygon set size:undefined disposed:false
509 http fetch GET 200 https://registry.npmjs.org/@types%2fd3-delaunay 55ms (cache miss)
510 silly packumentCache full:https://registry.npmjs.org/@types%2fd3-delaunay set size:undefined disposed:false
511 http fetch GET 200 https://registry.npmjs.org/@types%2fd3-fetch 116ms (cache miss)
512 silly packumentCache full:https://registry.npmjs.org/@types%2fd3-fetch set size:undefined disposed:false
513 http fetch GET 200 https://registry.npmjs.org/@types%2fd3-dispatch 63ms (cache miss)
514 silly packumentCache full:https://registry.npmjs.org/@types%2fd3-dispatch set size:undefined disposed:false
515 http fetch GET 200 https://registry.npmjs.org/@types%2fd3-quadtree 70ms (cache miss)
516 silly packumentCache full:https://registry.npmjs.org/@types%2fd3-quadtree set size:undefined disposed:false
517 http fetch GET 200 https://registry.npmjs.org/@types%2fd3-transition 63ms (cache miss)
518 silly packumentCache full:https://registry.npmjs.org/@types%2fd3-transition set size:undefined disposed:false
519 http fetch GET 200 https://registry.npmjs.org/@types%2fd3-interpolate 61ms (cache miss)
520 silly packumentCache full:https://registry.npmjs.org/@types%2fd3-interpolate set size:undefined disposed:false
521 http fetch GET 200 https://registry.npmjs.org/@types%2fd3-hierarchy 68ms (cache miss)
522 silly packumentCache full:https://registry.npmjs.org/@types%2fd3-hierarchy set size:undefined disposed:false
523 http fetch GET 200 https://registry.npmjs.org/@types%2fd3-time-format 49ms (cache miss)
524 silly packumentCache full:https://registry.npmjs.org/@types%2fd3-time-format set size:undefined disposed:false
525 http fetch GET 200 https://registry.npmjs.org/@types%2fd3-interpolate 45ms (cache miss)
526 silly packumentCache full:https://registry.npmjs.org/@types%2fd3-interpolate set size:undefined disposed:false
527 http fetch GET 200 https://registry.npmjs.org/@types%2fd3-scale-chromatic 58ms (cache miss)
528 silly packumentCache full:https://registry.npmjs.org/@types%2fd3-scale-chromatic set size:undefined disposed:false
529 http fetch GET 200 https://registry.npmjs.org/@types%2fd3-contour 173ms (cache miss)
530 silly packumentCache full:https://registry.npmjs.org/@types%2fd3-contour set size:undefined disposed:false
531 silly placeDep node_modules/@reactflow/minimap zustand@4.5.7 OK for: @reactflow/minimap@11.7.14 want: ^4.4.1
532 silly placeDep node_modules/@reactflow/node-resizer zustand@4.5.7 OK for: @reactflow/node-resizer@2.2.14 want: ^4.4.1
533 silly placeDep node_modules/@reactflow/node-toolbar zustand@4.5.7 OK for: @reactflow/node-toolbar@1.3.14 want: ^4.4.1
534 silly placeDep ROOT @types/d3-array@3.2.2 OK for: @types/d3@7.4.3 want: *
535 silly placeDep ROOT @types/d3-axis@3.0.6 OK for: @types/d3@7.4.3 want: *
536 silly placeDep ROOT @types/d3-brush@3.0.6 OK for: @types/d3@7.4.3 want: *
537 silly placeDep ROOT @types/d3-chord@3.0.6 OK for: @types/d3@7.4.3 want: *
538 silly placeDep ROOT @types/d3-color@3.1.3 OK for: @types/d3@7.4.3 want: *
539 silly placeDep ROOT @types/d3-contour@3.0.6 OK for: @types/d3@7.4.3 want: *
540 silly placeDep ROOT @types/d3-delaunay@6.0.4 OK for: @types/d3@7.4.3 want: *
541 silly placeDep ROOT @types/d3-dispatch@3.0.7 OK for: @types/d3@7.4.3 want: *
542 silly placeDep ROOT @types/d3-dsv@3.0.7 OK for: @types/d3@7.4.3 want: *
543 silly placeDep ROOT @types/d3-ease@3.0.2 OK for: @types/d3@7.4.3 want: *
544 silly placeDep ROOT @types/d3-fetch@3.0.7 OK for: @types/d3@7.4.3 want: *
545 silly placeDep ROOT @types/d3-force@3.0.10 OK for: @types/d3@7.4.3 want: *
546 silly placeDep ROOT @types/d3-format@3.0.4 OK for: @types/d3@7.4.3 want: *
547 silly placeDep ROOT @types/d3-geo@3.1.0 OK for: @types/d3@7.4.3 want: *
548 silly placeDep ROOT @types/d3-hierarchy@3.1.7 OK for: @types/d3@7.4.3 want: *
549 silly placeDep ROOT @types/d3-interpolate@3.0.4 OK for: @types/d3@7.4.3 want: *
550 silly placeDep ROOT @types/d3-path@3.1.1 OK for: @types/d3@7.4.3 want: *
551 silly placeDep ROOT @types/d3-polygon@3.0.2 OK for: @types/d3@7.4.3 want: *
552 silly placeDep ROOT @types/d3-quadtree@3.0.6 OK for: @types/d3@7.4.3 want: *
553 silly placeDep ROOT @types/d3-random@3.0.3 OK for: @types/d3@7.4.3 want: *
554 silly placeDep ROOT @types/d3-scale@4.0.9 OK for: @types/d3@7.4.3 want: *
555 silly placeDep ROOT @types/d3-scale-chromatic@3.1.0 OK for: @types/d3@7.4.3 want: *
556 silly placeDep ROOT @types/d3-shape@3.1.8 OK for: @types/d3@7.4.3 want: *
557 silly placeDep ROOT @types/d3-time@3.0.4 OK for: @types/d3@7.4.3 want: *
558 silly placeDep ROOT @types/d3-time-format@4.0.3 OK for: @types/d3@7.4.3 want: *
559 silly placeDep ROOT @types/d3-timer@3.0.2 OK for: @types/d3@7.4.3 want: *
560 silly placeDep ROOT @types/d3-transition@3.0.9 OK for: @types/d3@7.4.3 want: *
561 silly fetch manifest @types/geojson@*
562 silly packumentCache full:https://registry.npmjs.org/@types%2fgeojson cache-miss
563 silly fetch manifest @types/geojson@*
564 silly packumentCache full:https://registry.npmjs.org/@types%2fgeojson cache-miss
565 http fetch GET 200 https://registry.npmjs.org/@types%2fgeojson 48ms (cache miss)
566 silly packumentCache full:https://registry.npmjs.org/@types%2fgeojson set size:undefined disposed:false
567 http fetch GET 200 https://registry.npmjs.org/@types%2fgeojson 49ms (cache miss)
568 silly packumentCache full:https://registry.npmjs.org/@types%2fgeojson set size:undefined disposed:false
569 silly placeDep ROOT @types/geojson@7946.0.16 OK for: @types/d3-contour@3.0.6 want: *
570 silly fetch manifest react@>=16.8
571 silly packumentCache full:https://registry.npmjs.org/react cache-miss
572 http cache https://registry.npmjs.org/react 7ms (cache hit)
573 silly packumentCache full:https://registry.npmjs.org/react set size:6668742 disposed:false
574 silly placeDep ROOT use-sync-external-store@1.6.0 OK for: zustand@4.5.7 want: ^1.2.2
575 silly reify moves {}
576 silly audit bulk request {
576 silly audit   '@babel/code-frame': [ '7.29.7' ],
576 silly audit   '@babel/compat-data': [ '7.29.7' ],
576 silly audit   '@babel/core': [ '7.29.7' ],
576 silly audit   semver: [ '6.3.1', '7.8.1' ],
576 silly audit   '@babel/generator': [ '7.29.7' ],
576 silly audit   '@babel/helper-compilation-targets': [ '7.29.7' ],
576 silly audit   '@babel/helper-globals': [ '7.29.7' ],
576 silly audit   '@babel/helper-module-imports': [ '7.29.7' ],
576 silly audit   '@babel/helper-module-transforms': [ '7.29.7' ],
576 silly audit   '@babel/helper-string-parser': [ '7.29.7' ],
576 silly audit   '@babel/helper-validator-identifier': [ '7.29.7' ],
576 silly audit   '@babel/helper-validator-option': [ '7.29.7' ],
576 silly audit   '@babel/helpers': [ '7.29.7' ],
576 silly audit   '@babel/parser': [ '7.29.7' ],
576 silly audit   '@babel/template': [ '7.29.7' ],
576 silly audit   '@babel/traverse': [ '7.29.7' ],
576 silly audit   '@babel/types': [ '7.29.7' ],
576 silly audit   '@emnapi/core': [ '1.10.0' ],
576 silly audit   '@emnapi/runtime': [ '1.10.0' ],
576 silly audit   '@emnapi/wasi-threads': [ '1.2.1' ],
576 silly audit   '@eslint-community/eslint-utils': [ '4.9.1' ],
576 silly audit   'eslint-visitor-keys': [ '3.4.3', '5.0.1', '4.2.1' ],
576 silly audit   '@eslint-community/regexpp': [ '4.12.2' ],
576 silly audit   '@eslint/config-array': [ '0.21.2' ],
576 silly audit   '@eslint/config-helpers': [ '0.4.2' ],
576 silly audit   '@eslint/core': [ '0.17.0' ],
576 silly audit   '@eslint/eslintrc': [ '3.3.5' ],
576 silly audit   globals: [ '14.0.0', '16.4.0' ],
576 silly audit   '@eslint/js': [ '9.39.4' ],
576 silly audit   '@eslint/object-schema': [ '2.1.7' ],
576 silly audit   '@eslint/plugin-kit': [ '0.4.1' ],
576 silly audit   '@humanfs/core': [ '0.19.2' ],
576 silly audit   '@humanfs/node': [ '0.16.8' ],
576 silly audit   '@humanfs/types': [ '0.15.0' ],
576 silly audit   '@humanwhocodes/module-importer': [ '1.0.1' ],
576 silly audit   '@humanwhocodes/retry': [ '0.4.3' ],
576 silly audit   '@img/colour': [ '1.1.0' ],
576 silly audit   '@img/sharp-darwin-arm64': [ '0.34.5' ],
576 silly audit   '@img/sharp-darwin-x64': [ '0.34.5' ],
576 silly audit   '@img/sharp-libvips-darwin-arm64': [ '1.2.4' ],
576 silly audit   '@img/sharp-libvips-darwin-x64': [ '1.2.4' ],
576 silly audit   '@img/sharp-libvips-linux-arm': [ '1.2.4' ],
576 silly audit   '@img/sharp-libvips-linux-arm64': [ '1.2.4' ],
576 silly audit   '@img/sharp-libvips-linux-ppc64': [ '1.2.4' ],
576 silly audit   '@img/sharp-libvips-linux-riscv64': [ '1.2.4' ],
576 silly audit   '@img/sharp-libvips-linux-s390x': [ '1.2.4' ],
576 silly audit   '@img/sharp-libvips-linux-x64': [ '1.2.4' ],
576 silly audit   '@img/sharp-libvips-linuxmusl-arm64': [ '1.2.4' ],
576 silly audit   '@img/sharp-libvips-linuxmusl-x64': [ '1.2.4' ],
576 silly audit   '@img/sharp-linux-arm': [ '0.34.5' ],
576 silly audit   '@img/sharp-linux-arm64': [ '0.34.5' ],
576 silly audit   '@img/sharp-linux-ppc64': [ '0.34.5' ],
576 silly audit   '@img/sharp-linux-riscv64': [ '0.34.5' ],
576 silly audit   '@img/sharp-linux-s390x': [ '0.34.5' ],
576 silly audit   '@img/sharp-linux-x64': [ '0.34.5' ],
576 silly audit   '@img/sharp-linuxmusl-arm64': [ '0.34.5' ],
576 silly audit   '@img/sharp-linuxmusl-x64': [ '0.34.5' ],
576 silly audit   '@img/sharp-wasm32': [ '0.34.5' ],
576 silly audit   '@img/sharp-win32-arm64': [ '0.34.5' ],
576 silly audit   '@img/sharp-win32-ia32': [ '0.34.5' ],
576 silly audit   '@img/sharp-win32-x64': [ '0.34.5' ],
576 silly audit   '@jridgewell/gen-mapping': [ '0.3.13' ],
576 silly audit   '@jridgewell/remapping': [ '2.3.5' ],
576 silly audit   '@jridgewell/resolve-uri': [ '3.1.2' ],
576 silly audit   '@jridgewell/sourcemap-codec': [ '1.5.5' ],
576 silly audit   '@jridgewell/trace-mapping': [ '0.3.31' ],
576 silly audit   '@napi-rs/wasm-runtime': [ '1.1.4' ],
576 silly audit   '@next/env': [ '16.2.6' ],
576 silly audit   '@next/eslint-plugin-next': [ '16.2.6' ],
576 silly audit   '@next/swc-darwin-arm64': [ '16.2.6' ],
576 silly audit   '@next/swc-darwin-x64': [ '16.2.6' ],
576 silly audit   '@next/swc-linux-arm64-gnu': [ '16.2.6' ],
576 silly audit   '@next/swc-linux-arm64-musl': [ '16.2.6' ],
576 silly audit   '@next/swc-linux-x64-gnu': [ '16.2.6' ],
576 silly audit   '@next/swc-linux-x64-musl': [ '16.2.6' ],
576 silly audit   '@next/swc-win32-arm64-msvc': [ '16.2.6' ],
576 silly audit   '@next/swc-win32-x64-msvc': [ '16.2.6' ],
576 silly audit   '@nodelib/fs.scandir': [ '2.1.5' ],
576 silly audit   '@nodelib/fs.stat': [ '2.0.5' ],
576 silly audit   '@nodelib/fs.walk': [ '1.2.8' ],
576 silly audit   '@nolyfill/is-core-module': [ '1.0.39' ],
576 silly audit   '@rtsao/scc': [ '1.1.0' ],
576 silly audit   '@swc/helpers': [ '0.5.15' ],
576 silly audit   '@tybys/wasm-util': [ '0.10.2' ],
576 silly audit   '@types/estree': [ '1.0.9' ],
576 silly audit   '@types/json-schema': [ '7.0.15' ],
576 silly audit   '@types/json5': [ '0.0.29' ],
576 silly audit   '@types/node': [ '25.9.1' ],
576 silly audit   '@types/react': [ '19.2.15' ],
576 silly audit   '@types/react-dom': [ '19.2.3' ],
576 silly audit   '@typescript-eslint/eslint-plugin': [ '8.60.0' ],
576 silly audit   ignore: [ '7.0.5', '5.3.2' ],
576 silly audit   '@typescript-eslint/parser': [ '8.60.0' ],
576 silly audit   '@typescript-eslint/project-service': [ '8.60.0' ],
576 silly audit   '@typescript-eslint/scope-manager': [ '8.60.0' ],
576 silly audit   '@typescript-eslint/tsconfig-utils': [ '8.60.0' ],
576 silly audit   '@typescript-eslint/type-utils': [ '8.60.0' ],
576 silly audit   '@typescript-eslint/types': [ '8.60.0' ],
576 silly audit   '@typescript-eslint/typescript-estree': [ '8.60.0' ],
576 silly audit   'balanced-match': [ '4.0.4', '1.0.2' ],
576 silly audit   'brace-expansion': [ '5.0.6', '1.1.15' ],
576 silly audit   minimatch: [ '10.2.5', '3.1.5' ],
576 silly audit   '@typescript-eslint/utils': [ '8.60.0' ],
576 silly audit   '@typescript-eslint/visitor-keys': [ '8.60.0' ],
576 silly audit   '@unrs/resolver-binding-android-arm-eabi': [ '1.12.2' ],
576 silly audit   '@unrs/resolver-binding-android-arm64': [ '1.12.2' ],
576 silly audit   '@unrs/resolver-binding-darwin-arm64': [ '1.12.2' ],
576 silly audit   '@unrs/resolver-binding-darwin-x64': [ '1.12.2' ],
576 silly audit   '@unrs/resolver-binding-freebsd-x64': [ '1.12.2' ],
576 silly audit   '@unrs/resolver-binding-linux-arm-gnueabihf': [ '1.12.2' ],
576 silly audit   '@unrs/resolver-binding-linux-arm-musleabihf': [ '1.12.2' ],
576 silly audit   '@unrs/resolver-binding-linux-arm64-gnu': [ '1.12.2' ],
576 silly audit   '@unrs/resolver-binding-linux-arm64-musl': [ '1.12.2' ],
576 silly audit   '@unrs/resolver-binding-linux-loong64-gnu': [ '1.12.2' ],
576 silly audit   '@unrs/resolver-binding-linux-loong64-musl': [ '1.12.2' ],
576 silly audit   '@unrs/resolver-binding-linux-ppc64-gnu': [ '1.12.2' ],
576 silly audit   '@unrs/resolver-binding-linux-riscv64-gnu': [ '1.12.2' ],
576 silly audit   '@unrs/resolver-binding-linux-riscv64-musl': [ '1.12.2' ],
576 silly audit   '@unrs/resolver-binding-linux-s390x-gnu': [ '1.12.2' ],
576 silly audit   '@unrs/resolver-binding-linux-x64-gnu': [ '1.12.2' ],
576 silly audit   '@unrs/resolver-binding-linux-x64-musl': [ '1.12.2' ],
576 silly audit   '@unrs/resolver-binding-openharmony-arm64': [ '1.12.2' ],
576 silly audit   '@unrs/resolver-binding-wasm32-wasi': [ '1.12.2' ],
576 silly audit   '@unrs/resolver-binding-win32-arm64-msvc': [ '1.12.2' ],
576 silly audit   '@unrs/resolver-binding-win32-ia32-msvc': [ '1.12.2' ],
576 silly audit   '@unrs/resolver-binding-win32-x64-msvc': [ '1.12.2' ],
576 silly audit   acorn: [ '8.16.0' ],
576 silly audit   'acorn-jsx': [ '5.3.2' ],
576 silly audit   ajv: [ '6.15.0' ],
576 silly audit   'ansi-styles': [ '4.3.0' ],
576 silly audit   argparse: [ '2.0.1' ],
576 silly audit   'aria-query': [ '5.3.2' ],
576 silly audit   'array-buffer-byte-length': [ '1.0.2' ],
576 silly audit   'array-includes': [ '3.1.9' ],
576 silly audit   'array.prototype.findlast': [ '1.2.5' ],
576 silly audit   'array.prototype.findlastindex': [ '1.2.6' ],
576 silly audit   'array.prototype.flat': [ '1.3.3' ],
576 silly audit   'array.prototype.flatmap': [ '1.3.3' ],
576 silly audit   'array.prototype.tosorted': [ '1.1.4' ],
576 silly audit   'arraybuffer.prototype.slice': [ '1.0.4' ],
576 silly audit   'ast-types-flow': [ '0.0.8' ],
576 silly audit   'async-function': [ '1.0.0' ],
576 silly audit   autoprefixer: [ '10.5.0' ],
576 silly audit   'available-typed-arrays': [ '1.0.7' ],
576 silly audit   'axe-core': [ '4.11.4' ],
576 silly audit   'axobject-query': [ '4.1.0' ],
576 silly audit   'baseline-browser-mapping': [ '2.10.33' ],
576 silly audit   braces: [ '3.0.3' ],
576 silly audit   browserslist: [ '4.28.2' ],
576 silly audit   'call-bind': [ '1.0.9' ],
576 silly audit   'call-bind-apply-helpers': [ '1.0.2' ],
576 silly audit   'call-bound': [ '1.0.4' ],
576 silly audit   callsites: [ '3.1.0' ],
576 silly audit   'caniuse-lite': [ '1.0.30001793' ],
576 silly audit   chalk: [ '4.1.2' ],
576 silly audit   'client-only': [ '0.0.1' ],
576 silly audit   'color-convert': [ '2.0.1' ],
576 silly audit   'color-name': [ '1.1.4' ],
576 silly audit   'concat-map': [ '0.0.1' ],
576 silly audit   'convert-source-map': [ '2.0.0' ],
576 silly audit   'cross-spawn': [ '7.0.6' ],
576 silly audit   csstype: [ '3.2.3' ],
576 silly audit   'damerau-levenshtein': [ '1.0.8' ],
576 silly audit   'data-view-buffer': [ '1.0.2' ],
576 silly audit   'data-view-byte-length': [ '1.0.2' ],
576 silly audit   'data-view-byte-offset': [ '1.0.1' ],
576 silly audit   debug: [ '4.4.3', '3.2.7' ],
576 silly audit   'deep-is': [ '0.1.4' ],
576 silly audit   'define-data-property': [ '1.1.4' ],
576 silly audit   'define-properties': [ '1.2.1' ],
576 silly audit   'detect-libc': [ '2.1.2' ],
576 silly audit   doctrine: [ '2.1.0' ],
576 silly audit   'dunder-proto': [ '1.0.1' ],
576 silly audit   'electron-to-chromium': [ '1.5.364' ],
576 silly audit   'emoji-regex': [ '9.2.2' ],
576 silly audit   'es-abstract': [ '1.24.2' ],
576 silly audit   'es-define-property': [ '1.0.1' ],
576 silly audit   'es-errors': [ '1.3.0' ],
576 silly audit   'es-iterator-helpers': [ '1.3.2' ],
576 silly audit   'es-object-atoms': [ '1.1.2' ],
576 silly audit   'es-set-tostringtag': [ '2.1.0' ],
576 silly audit   'es-shim-unscopables': [ '1.1.0' ],
576 silly audit   'es-to-primitive': [ '1.3.0' ],
576 silly audit   escalade: [ '3.2.0' ],
576 silly audit   'escape-string-regexp': [ '4.0.0' ],
576 silly audit   eslint: [ '9.39.4' ],
576 silly audit   'eslint-config-next': [ '16.2.6' ],
576 silly audit   'eslint-import-resolver-node': [ '0.3.10' ],
576 silly audit   'eslint-import-resolver-typescript': [ '3.10.1' ],
576 silly audit   'eslint-module-utils': [ '2.13.0' ],
576 silly audit   'eslint-plugin-import': [ '2.32.0' ],
576 silly audit   'eslint-plugin-jsx-a11y': [ '6.10.2' ],
576 silly audit   'eslint-plugin-react': [ '7.37.5' ],
576 silly audit   'eslint-plugin-react-hooks': [ '7.1.1' ],
576 silly audit   'eslint-scope': [ '8.4.0' ],
576 silly audit   espree: [ '10.4.0' ],
576 silly audit   esquery: [ '1.7.0' ],
576 silly audit   esrecurse: [ '4.3.0' ],
576 silly audit   estraverse: [ '5.3.0' ],
576 silly audit   esutils: [ '2.0.3' ],
576 silly audit   'fast-deep-equal': [ '3.1.3' ],
576 silly audit   'fast-glob': [ '3.3.1' ],
576 silly audit   'glob-parent': [ '5.1.2', '6.0.2' ],
576 silly audit   'fast-json-stable-stringify': [ '2.1.0' ],
576 silly audit   'fast-levenshtein': [ '2.0.6' ],
576 silly audit   fastq: [ '1.20.1' ],
576 silly audit   'file-entry-cache': [ '8.0.0' ],
576 silly audit   'fill-range': [ '7.1.1' ],
576 silly audit   'find-up': [ '5.0.0' ],
576 silly audit   'flat-cache': [ '4.0.1' ],
576 silly audit   flatted: [ '3.4.2' ],
576 silly audit   'for-each': [ '0.3.5' ],
576 silly audit   'fraction.js': [ '5.3.4' ],
576 silly audit   'function-bind': [ '1.1.2' ],
576 silly audit   'function.prototype.name': [ '1.1.8' ],
576 silly audit   'functions-have-names': [ '1.2.3' ],
576 silly audit   'generator-function': [ '2.0.1' ],
576 silly audit   gensync: [ '1.0.0-beta.2' ],
576 silly audit   'get-intrinsic': [ '1.3.0' ],
576 silly audit   'get-proto': [ '1.0.1' ],
576 silly audit   'get-symbol-description': [ '1.1.0' ],
576 silly audit   'get-tsconfig': [ '4.14.0' ],
576 silly audit   globalthis: [ '1.0.4' ],
576 silly audit   gopd: [ '1.2.0' ],
576 silly audit   'has-bigints': [ '1.1.0' ],
576 silly audit   'has-flag': [ '4.0.0' ],
576 silly audit   'has-property-descriptors': [ '1.0.2' ],
576 silly audit   'has-proto': [ '1.2.0' ],
576 silly audit   'has-symbols': [ '1.1.0' ],
576 silly audit   'has-tostringtag': [ '1.0.2' ],
576 silly audit   hasown: [ '2.0.4' ],
576 silly audit   'hermes-estree': [ '0.25.1' ],
576 silly audit   'hermes-parser': [ '0.25.1' ],
576 silly audit   'import-fresh': [ '3.3.1' ],
576 silly audit   imurmurhash: [ '0.1.4' ],
576 silly audit   'internal-slot': [ '1.1.0' ],
576 silly audit   'is-array-buffer': [ '3.0.5' ],
576 silly audit   'is-async-function': [ '2.1.1' ],
576 silly audit   'is-bigint': [ '1.1.0' ],
576 silly audit   'is-boolean-object': [ '1.2.2' ],
576 silly audit   'is-bun-module': [ '2.0.0' ],
576 silly audit   'is-callable': [ '1.2.7' ],
576 silly audit   'is-core-module': [ '2.16.2' ],
576 silly audit   'is-data-view': [ '1.0.2' ],
576 silly audit   'is-date-object': [ '1.1.0' ],
576 silly audit   'is-extglob': [ '2.1.1' ],
576 silly audit   'is-finalizationregistry': [ '1.1.1' ],
576 silly audit   'is-generator-function': [ '1.1.2' ],
576 silly audit   'is-glob': [ '4.0.3' ],
576 silly audit   'is-map': [ '2.0.3' ],
576 silly audit   'is-negative-zero': [ '2.0.3' ],
576 silly audit   'is-number': [ '7.0.0' ],
576 silly audit   'is-number-object': [ '1.1.1' ],
576 silly audit   'is-regex': [ '1.2.1' ],
576 silly audit   'is-set': [ '2.0.3' ],
576 silly audit   'is-shared-array-buffer': [ '1.0.4' ],
576 silly audit   'is-string': [ '1.1.1' ],
576 silly audit   'is-symbol': [ '1.1.1' ],
576 silly audit   'is-typed-array': [ '1.1.15' ],
576 silly audit   'is-weakmap': [ '2.0.2' ],
576 silly audit   'is-weakref': [ '1.1.1' ],
576 silly audit   'is-weakset': [ '2.0.4' ],
576 silly audit   isarray: [ '2.0.5' ],
576 silly audit   isexe: [ '2.0.0' ],
576 silly audit   'iterator.prototype': [ '1.1.5' ],
576 silly audit   'js-tokens': [ '4.0.0' ],
576 silly audit   'js-yaml': [ '4.1.1' ],
576 silly audit   jsesc: [ '3.1.0' ],
576 silly audit   'json-buffer': [ '3.0.1' ],
576 silly audit   'json-schema-traverse': [ '0.4.1' ],
576 silly audit   'json-stable-stringify-without-jsonify': [ '1.0.1' ],
576 silly audit   json5: [ '2.2.3', '1.0.2' ],
576 silly audit   'jsx-ast-utils': [ '3.3.5' ],
576 silly audit   keyv: [ '4.5.4' ],
576 silly audit   'language-subtag-registry': [ '0.3.23' ],
576 silly audit   'language-tags': [ '1.0.9' ],
576 silly audit   levn: [ '0.4.1' ],
576 silly audit   'locate-path': [ '6.0.0' ],
576 silly audit   'lodash.merge': [ '4.6.2' ],
576 silly audit   'loose-envify': [ '1.4.0' ],
576 silly audit   'lru-cache': [ '5.1.1' ],
576 silly audit   'math-intrinsics': [ '1.1.0' ],
576 silly audit   merge2: [ '1.4.1' ],
576 silly audit   micromatch: [ '4.0.8' ],
576 silly audit   minimist: [ '1.2.8' ],
576 silly audit   ms: [ '2.1.3' ],
576 silly audit   nanoid: [ '3.3.12' ],
576 silly audit   'napi-postinstall': [ '0.3.4' ],
576 silly audit   'natural-compare': [ '1.4.0' ],
576 silly audit   next: [ '16.2.6' ],
576 silly audit   postcss: [ '8.4.31', '8.5.15' ],
576 silly audit   'node-exports-info': [ '1.6.0' ],
576 silly audit   'node-releases': [ '2.0.46' ],
576 silly audit   'object-assign': [ '4.1.1' ],
576 silly audit   'object-inspect': [ '1.13.4' ],
576 silly audit   'object-keys': [ '1.1.1' ],
576 silly audit   'object.assign': [ '4.1.7' ],
576 silly audit   'object.entries': [ '1.1.9' ],
576 silly audit   'object.fromentries': [ '2.0.8' ],
576 silly audit   'object.groupby': [ '1.0.3' ],
576 silly audit   'object.values': [ '1.2.1' ],
576 silly audit   optionator: [ '0.9.4' ],
576 silly audit   'own-keys': [ '1.0.1' ],
576 silly audit   'p-limit': [ '3.1.0' ],
576 silly audit   'p-locate': [ '5.0.0' ],
576 silly audit   'parent-module': [ '1.0.1' ],
576 silly audit   'path-exists': [ '4.0.0' ],
576 silly audit   'path-key': [ '3.1.1' ],
576 silly audit   'path-parse': [ '1.0.7' ],
576 silly audit   picocolors: [ '1.1.1' ],
576 silly audit   picomatch: [ '2.3.2', '4.0.4' ],
576 silly audit   'possible-typed-array-names': [ '1.1.0' ],
576 silly audit   'postcss-value-parser': [ '4.2.0' ],
576 silly audit   'prelude-ls': [ '1.2.1' ],
576 silly audit   'prop-types': [ '15.8.1' ],
576 silly audit   punycode: [ '2.3.1' ],
576 silly audit   'queue-microtask': [ '1.2.3' ],
576 silly audit   react: [ '19.2.6' ],
576 silly audit   'react-dom': [ '19.2.6' ],
576 silly audit   'react-is': [ '16.13.1' ],
576 silly audit   'reflect.getprototypeof': [ '1.0.10' ],
576 silly audit   'regexp.prototype.flags': [ '1.5.4' ],
576 silly audit   resolve: [ '2.0.0-next.7' ],
576 silly audit   'resolve-from': [ '4.0.0' ],
576 silly audit   'resolve-pkg-maps': [ '1.0.0' ],
576 silly audit   reusify: [ '1.1.0' ],
576 silly audit   'run-parallel': [ '1.2.0' ],
576 silly audit   'safe-array-concat': [ '1.1.4' ],
576 silly audit   'safe-push-apply': [ '1.0.0' ],
576 silly audit   'safe-regex-test': [ '1.1.0' ],
576 silly audit   scheduler: [ '0.27.0' ],
576 silly audit   'set-function-length': [ '1.2.2' ],
576 silly audit   'set-function-name': [ '2.0.2' ],
576 silly audit   'set-proto': [ '1.0.0' ],
576 silly audit   sharp: [ '0.34.5' ],
576 silly audit   'shebang-command': [ '2.0.0' ],
576 silly audit   'shebang-regex': [ '3.0.0' ],
576 silly audit   'side-channel': [ '1.1.0' ],
576 silly audit   'side-channel-list': [ '1.0.1' ],
576 silly audit   'side-channel-map': [ '1.0.1' ],
576 silly audit   'side-channel-weakmap': [ '1.0.2' ],
576 silly audit   'source-map-js': [ '1.2.1' ],
576 silly audit   'stable-hash': [ '0.0.5' ],
576 silly audit   'stop-iteration-iterator': [ '1.1.0' ],
576 silly audit   'string.prototype.includes': [ '2.0.1' ],
576 silly audit   'string.prototype.matchall': [ '4.0.12' ],
576 silly audit   'string.prototype.repeat': [ '1.0.0' ],
576 silly audit   'string.prototype.trim': [ '1.2.10' ],
576 silly audit   'string.prototype.trimend': [ '1.0.9' ],
576 silly audit   'string.prototype.trimstart': [ '1.0.8' ],
576 silly audit   'strip-bom': [ '3.0.0' ],
576 silly audit   'strip-json-comments': [ '3.1.1' ],
576 silly audit   'styled-jsx': [ '5.1.6' ],
576 silly audit   'supports-color': [ '7.2.0' ],
576 silly audit   'supports-preserve-symlinks-flag': [ '1.0.0' ],
576 silly audit   tailwindcss: [ '4.3.0' ],
576 silly audit   tinyglobby: [ '0.2.17' ],
576 silly audit   fdir: [ '6.5.0' ],
576 silly audit   'to-regex-range': [ '5.0.1' ],
576 silly audit   'ts-api-utils': [ '2.5.0' ],
576 silly audit   'tsconfig-paths': [ '3.15.0' ],
576 silly audit   tslib: [ '2.8.1' ],
576 silly audit   'type-check': [ '0.4.0' ],
576 silly audit   'typed-array-buffer': [ '1.0.3' ],
576 silly audit   'typed-array-byte-length': [ '1.0.3' ],
576 silly audit   'typed-array-byte-offset': [ '1.0.4' ],
576 silly audit   'typed-array-length': [ '1.0.8' ],
576 silly audit   typescript: [ '6.0.3' ],
576 silly audit   'typescript-eslint': [ '8.60.0' ],
576 silly audit   'unbox-primitive': [ '1.1.0' ],
576 silly audit   'undici-types': [ '7.24.6' ],
576 silly audit   'unrs-resolver': [ '1.12.2' ],
576 silly audit   'update-browserslist-db': [ '1.2.3' ],
576 silly audit   'uri-js': [ '4.4.1' ],
576 silly audit   which: [ '2.0.2' ],
576 silly audit   'which-boxed-primitive': [ '1.1.1' ],
576 silly audit   'which-builtin-type': [ '1.2.1' ],
576 silly audit   'which-collection': [ '1.0.2' ],
576 silly audit   'which-typed-array': [ '1.1.21' ],
576 silly audit   'word-wrap': [ '1.2.5' ],
576 silly audit   yallist: [ '3.1.1' ],
576 silly audit   'yocto-queue': [ '0.1.0' ],
576 silly audit   zod: [ '4.4.3' ],
576 silly audit   'zod-validation-error': [ '4.0.2' ],
576 silly audit   d3: [ '7.9.0' ],
576 silly audit   'framer-motion': [ '12.40.0' ],
576 silly audit   'lucide-react': [ '1.17.0' ],
576 silly audit   reactflow: [ '11.11.4' ],
576 silly audit   zustand: [ '5.0.14', '4.5.7' ],
576 silly audit   'd3-array': [ '3.2.4' ],
576 silly audit   'd3-axis': [ '3.0.0' ],
576 silly audit   'd3-brush': [ '3.0.0' ],
576 silly audit   'd3-chord': [ '3.0.1' ],
576 silly audit   'd3-color': [ '3.1.0' ],
576 silly audit   'd3-contour': [ '4.0.2' ],
576 silly audit   'd3-delaunay': [ '6.0.4' ],
576 silly audit   'd3-dispatch': [ '3.0.1' ],
576 silly audit   'd3-drag': [ '3.0.0' ],
576 silly audit   'd3-dsv': [ '3.0.1' ],
576 silly audit   'd3-ease': [ '3.0.1' ],
576 silly audit   'd3-fetch': [ '3.0.1' ],
576 silly audit   'd3-force': [ '3.0.0' ],
576 silly audit   'd3-format': [ '3.1.2' ],
576 silly audit   'd3-geo': [ '3.1.1' ],
576 silly audit   'd3-hierarchy': [ '3.1.2' ],
576 silly audit   'd3-interpolate': [ '3.0.1' ],
576 silly audit   'd3-path': [ '3.1.0' ],
576 silly audit   'd3-polygon': [ '3.0.1' ],
576 silly audit   'd3-quadtree': [ '3.0.1' ],
576 silly audit   'd3-random': [ '3.0.1' ],
576 silly audit   'd3-scale': [ '4.0.2' ],
576 silly audit   'd3-scale-chromatic': [ '3.1.0' ],
576 silly audit   'd3-selection': [ '3.0.0' ],
576 silly audit   'd3-shape': [ '3.2.0' ],
576 silly audit   'd3-time': [ '3.1.0' ],
576 silly audit   'd3-time-format': [ '4.1.0' ],
576 silly audit   'd3-timer': [ '3.0.1' ],
576 silly audit   'd3-transition': [ '3.0.1' ],
576 silly audit   'd3-zoom': [ '3.0.0' ],
576 silly audit   internmap: [ '2.0.3' ],
576 silly audit   delaunator: [ '5.1.0' ],
576 silly audit   commander: [ '7.2.0' ],
576 silly audit   'iconv-lite': [ '0.6.3' ],
576 silly audit   rw: [ '1.3.3' ],
576 silly audit   'robust-predicates': [ '3.0.3' ],
576 silly audit   'motion-dom': [ '12.40.0' ],
576 silly audit   'motion-utils': [ '12.39.0' ],
576 silly audit   'safer-buffer': [ '2.1.2' ],
576 silly audit   '@reactflow/background': [ '11.3.14' ],
576 silly audit   '@reactflow/controls': [ '11.2.14' ],
576 silly audit   '@reactflow/core': [ '11.11.4' ],
576 silly audit   '@reactflow/minimap': [ '11.7.14' ],
576 silly audit   '@reactflow/node-resizer': [ '2.2.14' ],
576 silly audit   '@reactflow/node-toolbar': [ '1.3.14' ],
576 silly audit   classcat: [ '5.0.5' ],
576 silly audit   '@types/d3': [ '7.4.3' ],
576 silly audit   '@types/d3-drag': [ '3.0.7' ],
576 silly audit   '@types/d3-selection': [ '3.0.11' ],
576 silly audit   '@types/d3-zoom': [ '3.0.8' ],
576 silly audit   '@types/d3-array': [ '3.2.2' ],
576 silly audit   '@types/d3-axis': [ '3.0.6' ],
576 silly audit   '@types/d3-brush': [ '3.0.6' ],
576 silly audit   '@types/d3-chord': [ '3.0.6' ],
576 silly audit   '@types/d3-color': [ '3.1.3' ],
576 silly audit   '@types/d3-contour': [ '3.0.6' ],
576 silly audit   '@types/d3-delaunay': [ '6.0.4' ],
576 silly audit   '@types/d3-dispatch': [ '3.0.7' ],
576 silly audit   '@types/d3-dsv': [ '3.0.7' ],
576 silly audit   '@types/d3-ease': [ '3.0.2' ],
576 silly audit   '@types/d3-fetch': [ '3.0.7' ],
576 silly audit   '@types/d3-force': [ '3.0.10' ],
576 silly audit   '@types/d3-format': [ '3.0.4' ],
576 silly audit   '@types/d3-geo': [ '3.1.0' ],
576 silly audit   '@types/d3-hierarchy': [ '3.1.7' ],
576 silly audit   '@types/d3-interpolate': [ '3.0.4' ],
576 silly audit   '@types/d3-path': [ '3.1.1' ],
576 silly audit   '@types/d3-polygon': [ '3.0.2' ],
576 silly audit   '@types/d3-quadtree': [ '3.0.6' ],
576 silly audit   '@types/d3-random': [ '3.0.3' ],
576 silly audit   '@types/d3-scale': [ '4.0.9' ],
576 silly audit   '@types/d3-scale-chromatic': [ '3.1.0' ],
576 silly audit   '@types/d3-shape': [ '3.1.8' ],
576 silly audit   '@types/d3-time': [ '3.0.4' ],
576 silly audit   '@types/d3-time-format': [ '4.0.3' ],
576 silly audit   '@types/d3-timer': [ '3.0.2' ],
576 silly audit   '@types/d3-transition': [ '3.0.9' ],
576 silly audit   '@types/geojson': [ '7946.0.16' ],
576 silly audit   'use-sync-external-store': [ '1.6.0' ]
576 silly audit }
577 verbose reify failed optional dependency /Users/jungsikbyun/Documents/뉴스피드/node_modules/@unrs/resolver-binding-win32-x64-msvc
578 silly reify mark deleted [
578 silly reify   '/Users/jungsikbyun/Documents/뉴스피드/node_modules/@unrs/resolver-binding-win32-x64-msvc'
578 silly reify ]
579 verbose reify failed optional dependency /Users/jungsikbyun/Documents/뉴스피드/node_modules/@unrs/resolver-binding-win32-ia32-msvc
580 silly reify mark deleted [
580 silly reify   '/Users/jungsikbyun/Documents/뉴스피드/node_modules/@unrs/resolver-binding-win32-ia32-msvc'
580 silly reify ]
581 verbose reify failed optional dependency /Users/jungsikbyun/Documents/뉴스피드/node_modules/@unrs/resolver-binding-win32-arm64-msvc
582 silly reify mark deleted [
582 silly reify   '/Users/jungsikbyun/Documents/뉴스피드/node_modules/@unrs/resolver-binding-win32-arm64-msvc'
582 silly reify ]
583 verbose reify failed optional dependency /Users/jungsikbyun/Documents/뉴스피드/node_modules/@unrs/resolver-binding-wasm32-wasi
584 silly reify mark deleted [
584 silly reify   '/Users/jungsikbyun/Documents/뉴스피드/node_modules/@unrs/resolver-binding-wasm32-wasi'
584 silly reify ]
585 verbose reify failed optional dependency /Users/jungsikbyun/Documents/뉴스피드/node_modules/@emnapi/core
586 silly reify mark deleted [ '/Users/jungsikbyun/Documents/뉴스피드/node_modules/@emnapi/core' ]
587 verbose reify failed optional dependency /Users/jungsikbyun/Documents/뉴스피드/node_modules/@napi-rs/wasm-runtime
588 silly reify mark deleted [
588 silly reify   '/Users/jungsikbyun/Documents/뉴스피드/node_modules/@napi-rs/wasm-runtime'
588 silly reify ]
589 verbose reify failed optional dependency /Users/jungsikbyun/Documents/뉴스피드/node_modules/@emnapi/wasi-threads
590 silly reify mark deleted [
590 silly reify   '/Users/jungsikbyun/Documents/뉴스피드/node_modules/@emnapi/wasi-threads'
590 silly reify ]
591 verbose reify failed optional dependency /Users/jungsikbyun/Documents/뉴스피드/node_modules/@tybys/wasm-util
592 silly reify mark deleted [
592 silly reify   '/Users/jungsikbyun/Documents/뉴스피드/node_modules/@tybys/wasm-util'
592 silly reify ]
593 verbose reify failed optional dependency /Users/jungsikbyun/Documents/뉴스피드/node_modules/@unrs/resolver-binding-openharmony-arm64
594 silly reify mark deleted [
594 silly reify   '/Users/jungsikbyun/Documents/뉴스피드/node_modules/@unrs/resolver-binding-openharmony-arm64'
594 silly reify ]
595 verbose reify failed optional dependency /Users/jungsikbyun/Documents/뉴스피드/node_modules/@unrs/resolver-binding-linux-x64-musl
596 silly reify mark deleted [
596 silly reify   '/Users/jungsikbyun/Documents/뉴스피드/node_modules/@unrs/resolver-binding-linux-x64-musl'
596 silly reify ]
597 verbose reify failed optional dependency /Users/jungsikbyun/Documents/뉴스피드/node_modules/@unrs/resolver-binding-linux-x64-gnu
598 silly reify mark deleted [
598 silly reify   '/Users/jungsikbyun/Documents/뉴스피드/node_modules/@unrs/resolver-binding-linux-x64-gnu'
598 silly reify ]
599 verbose reify failed optional dependency /Users/jungsikbyun/Documents/뉴스피드/node_modules/@unrs/resolver-binding-linux-s390x-gnu
600 silly reify mark deleted [
600 silly reify   '/Users/jungsikbyun/Documents/뉴스피드/node_modules/@unrs/resolver-binding-linux-s390x-gnu'
600 silly reify ]
601 verbose reify failed optional dependency /Users/jungsikbyun/Documents/뉴스피드/node_modules/@unrs/resolver-binding-linux-riscv64-musl
602 silly reify mark deleted [
602 silly reify   '/Users/jungsikbyun/Documents/뉴스피드/node_modules/@unrs/resolver-binding-linux-riscv64-musl'
602 silly reify ]
603 verbose reify failed optional dependency /Users/jungsikbyun/Documents/뉴스피드/node_modules/@unrs/resolver-binding-linux-riscv64-gnu
604 silly reify mark deleted [
604 silly reify   '/Users/jungsikbyun/Documents/뉴스피드/node_modules/@unrs/resolver-binding-linux-riscv64-gnu'
604 silly reify ]
605 verbose reify failed optional dependency /Users/jungsikbyun/Documents/뉴스피드/node_modules/@unrs/resolver-binding-linux-ppc64-gnu
606 silly reify mark deleted [
606 silly reify   '/Users/jungsikbyun/Documents/뉴스피드/node_modules/@unrs/resolver-binding-linux-ppc64-gnu'
606 silly reify ]
607 verbose reify failed optional dependency /Users/jungsikbyun/Documents/뉴스피드/node_modules/@unrs/resolver-binding-linux-loong64-musl
608 silly reify mark deleted [
608 silly reify   '/Users/jungsikbyun/Documents/뉴스피드/node_modules/@unrs/resolver-binding-linux-loong64-musl'
608 silly reify ]
609 verbose reify failed optional dependency /Users/jungsikbyun/Documents/뉴스피드/node_modules/@unrs/resolver-binding-linux-loong64-gnu
610 silly reify mark deleted [
610 silly reify   '/Users/jungsikbyun/Documents/뉴스피드/node_modules/@unrs/resolver-binding-linux-loong64-gnu'
610 silly reify ]
611 verbose reify failed optional dependency /Users/jungsikbyun/Documents/뉴스피드/node_modules/@unrs/resolver-binding-linux-arm64-musl
612 silly reify mark deleted [
612 silly reify   '/Users/jungsikbyun/Documents/뉴스피드/node_modules/@unrs/resolver-binding-linux-arm64-musl'
612 silly reify ]
613 verbose reify failed optional dependency /Users/jungsikbyun/Documents/뉴스피드/node_modules/@unrs/resolver-binding-linux-arm64-gnu
614 silly reify mark deleted [
614 silly reify   '/Users/jungsikbyun/Documents/뉴스피드/node_modules/@unrs/resolver-binding-linux-arm64-gnu'
614 silly reify ]
615 verbose reify failed optional dependency /Users/jungsikbyun/Documents/뉴스피드/node_modules/@unrs/resolver-binding-linux-arm-musleabihf
616 silly reify mark deleted [
616 silly reify   '/Users/jungsikbyun/Documents/뉴스피드/node_modules/@unrs/resolver-binding-linux-arm-musleabihf'
616 silly reify ]
617 verbose reify failed optional dependency /Users/jungsikbyun/Documents/뉴스피드/node_modules/@unrs/resolver-binding-linux-arm-gnueabihf
618 silly reify mark deleted [
618 silly reify   '/Users/jungsikbyun/Documents/뉴스피드/node_modules/@unrs/resolver-binding-linux-arm-gnueabihf'
618 silly reify ]
619 verbose reify failed optional dependency /Users/jungsikbyun/Documents/뉴스피드/node_modules/@unrs/resolver-binding-freebsd-x64
620 silly reify mark deleted [
620 silly reify   '/Users/jungsikbyun/Documents/뉴스피드/node_modules/@unrs/resolver-binding-freebsd-x64'
620 silly reify ]
621 verbose reify failed optional dependency /Users/jungsikbyun/Documents/뉴스피드/node_modules/@unrs/resolver-binding-darwin-x64
622 silly reify mark deleted [
622 silly reify   '/Users/jungsikbyun/Documents/뉴스피드/node_modules/@unrs/resolver-binding-darwin-x64'
622 silly reify ]
623 verbose reify failed optional dependency /Users/jungsikbyun/Documents/뉴스피드/node_modules/@unrs/resolver-binding-android-arm64
624 silly reify mark deleted [
624 silly reify   '/Users/jungsikbyun/Documents/뉴스피드/node_modules/@unrs/resolver-binding-android-arm64'
624 silly reify ]
625 verbose reify failed optional dependency /Users/jungsikbyun/Documents/뉴스피드/node_modules/@unrs/resolver-binding-android-arm-eabi
626 silly reify mark deleted [
626 silly reify   '/Users/jungsikbyun/Documents/뉴스피드/node_modules/@unrs/resolver-binding-android-arm-eabi'
626 silly reify ]
627 verbose reify failed optional dependency /Users/jungsikbyun/Documents/뉴스피드/node_modules/@next/swc-win32-x64-msvc
628 silly reify mark deleted [
628 silly reify   '/Users/jungsikbyun/Documents/뉴스피드/node_modules/@next/swc-win32-x64-msvc'
628 silly reify ]
629 verbose reify failed optional dependency /Users/jungsikbyun/Documents/뉴스피드/node_modules/@next/swc-win32-arm64-msvc
630 silly reify mark deleted [
630 silly reify   '/Users/jungsikbyun/Documents/뉴스피드/node_modules/@next/swc-win32-arm64-msvc'
630 silly reify ]
631 verbose reify failed optional dependency /Users/jungsikbyun/Documents/뉴스피드/node_modules/@next/swc-linux-x64-musl
632 silly reify mark deleted [
632 silly reify   '/Users/jungsikbyun/Documents/뉴스피드/node_modules/@next/swc-linux-x64-musl'
632 silly reify ]
633 verbose reify failed optional dependency /Users/jungsikbyun/Documents/뉴스피드/node_modules/@next/swc-linux-x64-gnu
634 silly reify mark deleted [
634 silly reify   '/Users/jungsikbyun/Documents/뉴스피드/node_modules/@next/swc-linux-x64-gnu'
634 silly reify ]
635 verbose reify failed optional dependency /Users/jungsikbyun/Documents/뉴스피드/node_modules/@next/swc-linux-arm64-musl
636 silly reify mark deleted [
636 silly reify   '/Users/jungsikbyun/Documents/뉴스피드/node_modules/@next/swc-linux-arm64-musl'
636 silly reify ]
637 verbose reify failed optional dependency /Users/jungsikbyun/Documents/뉴스피드/node_modules/@next/swc-linux-arm64-gnu
638 silly reify mark deleted [
638 silly reify   '/Users/jungsikbyun/Documents/뉴스피드/node_modules/@next/swc-linux-arm64-gnu'
638 silly reify ]
639 verbose reify failed optional dependency /Users/jungsikbyun/Documents/뉴스피드/node_modules/@next/swc-darwin-x64
640 silly reify mark deleted [
640 silly reify   '/Users/jungsikbyun/Documents/뉴스피드/node_modules/@next/swc-darwin-x64'
640 silly reify ]
641 verbose reify failed optional dependency /Users/jungsikbyun/Documents/뉴스피드/node_modules/@img/sharp-win32-x64
642 silly reify mark deleted [
642 silly reify   '/Users/jungsikbyun/Documents/뉴스피드/node_modules/@img/sharp-win32-x64'
642 silly reify ]
643 verbose reify failed optional dependency /Users/jungsikbyun/Documents/뉴스피드/node_modules/@img/sharp-win32-ia32
644 silly reify mark deleted [
644 silly reify   '/Users/jungsikbyun/Documents/뉴스피드/node_modules/@img/sharp-win32-ia32'
644 silly reify ]
645 verbose reify failed optional dependency /Users/jungsikbyun/Documents/뉴스피드/node_modules/@img/sharp-win32-arm64
646 silly reify mark deleted [
646 silly reify   '/Users/jungsikbyun/Documents/뉴스피드/node_modules/@img/sharp-win32-arm64'
646 silly reify ]
647 verbose reify failed optional dependency /Users/jungsikbyun/Documents/뉴스피드/node_modules/@img/sharp-wasm32
648 silly reify mark deleted [
648 silly reify   '/Users/jungsikbyun/Documents/뉴스피드/node_modules/@img/sharp-wasm32'
648 silly reify ]
649 verbose reify failed optional dependency /Users/jungsikbyun/Documents/뉴스피드/node_modules/@img/sharp-linuxmusl-x64
650 silly reify mark deleted [
650 silly reify   '/Users/jungsikbyun/Documents/뉴스피드/node_modules/@img/sharp-linuxmusl-x64'
650 silly reify ]
651 verbose reify failed optional dependency /Users/jungsikbyun/Documents/뉴스피드/node_modules/@img/sharp-linuxmusl-arm64
652 silly reify mark deleted [
652 silly reify   '/Users/jungsikbyun/Documents/뉴스피드/node_modules/@img/sharp-linuxmusl-arm64'
652 silly reify ]
653 verbose reify failed optional dependency /Users/jungsikbyun/Documents/뉴스피드/node_modules/@img/sharp-linux-x64
654 silly reify mark deleted [
654 silly reify   '/Users/jungsikbyun/Documents/뉴스피드/node_modules/@img/sharp-linux-x64'
654 silly reify ]
655 verbose reify failed optional dependency /Users/jungsikbyun/Documents/뉴스피드/node_modules/@img/sharp-linux-s390x
656 silly reify mark deleted [
656 silly reify   '/Users/jungsikbyun/Documents/뉴스피드/node_modules/@img/sharp-linux-s390x'
656 silly reify ]
657 verbose reify failed optional dependency /Users/jungsikbyun/Documents/뉴스피드/node_modules/@img/sharp-linux-riscv64
658 silly reify mark deleted [
658 silly reify   '/Users/jungsikbyun/Documents/뉴스피드/node_modules/@img/sharp-linux-riscv64'
658 silly reify ]
659 verbose reify failed optional dependency /Users/jungsikbyun/Documents/뉴스피드/node_modules/@img/sharp-linux-ppc64
660 silly reify mark deleted [
660 silly reify   '/Users/jungsikbyun/Documents/뉴스피드/node_modules/@img/sharp-linux-ppc64'
660 silly reify ]
661 verbose reify failed optional dependency /Users/jungsikbyun/Documents/뉴스피드/node_modules/@img/sharp-linux-arm64
662 silly reify mark deleted [
662 silly reify   '/Users/jungsikbyun/Documents/뉴스피드/node_modules/@img/sharp-linux-arm64'
662 silly reify ]
663 verbose reify failed optional dependency /Users/jungsikbyun/Documents/뉴스피드/node_modules/@img/sharp-linux-arm
664 silly reify mark deleted [
664 silly reify   '/Users/jungsikbyun/Documents/뉴스피드/node_modules/@img/sharp-linux-arm'
664 silly reify ]
665 verbose reify failed optional dependency /Users/jungsikbyun/Documents/뉴스피드/node_modules/@img/sharp-libvips-linuxmusl-x64
666 silly reify mark deleted [
666 silly reify   '/Users/jungsikbyun/Documents/뉴스피드/node_modules/@img/sharp-libvips-linuxmusl-x64'
666 silly reify ]
667 verbose reify failed optional dependency /Users/jungsikbyun/Documents/뉴스피드/node_modules/@img/sharp-libvips-linuxmusl-arm64
668 silly reify mark deleted [
668 silly reify   '/Users/jungsikbyun/Documents/뉴스피드/node_modules/@img/sharp-libvips-linuxmusl-arm64'
668 silly reify ]
669 verbose reify failed optional dependency /Users/jungsikbyun/Documents/뉴스피드/node_modules/@img/sharp-libvips-linux-x64
670 silly reify mark deleted [
670 silly reify   '/Users/jungsikbyun/Documents/뉴스피드/node_modules/@img/sharp-libvips-linux-x64'
670 silly reify ]
671 verbose reify failed optional dependency /Users/jungsikbyun/Documents/뉴스피드/node_modules/@img/sharp-libvips-linux-s390x
672 silly reify mark deleted [
672 silly reify   '/Users/jungsikbyun/Documents/뉴스피드/node_modules/@img/sharp-libvips-linux-s390x'
672 silly reify ]
673 verbose reify failed optional dependency /Users/jungsikbyun/Documents/뉴스피드/node_modules/@img/sharp-libvips-linux-riscv64
674 silly reify mark deleted [
674 silly reify   '/Users/jungsikbyun/Documents/뉴스피드/node_modules/@img/sharp-libvips-linux-riscv64'
674 silly reify ]
675 verbose reify failed optional dependency /Users/jungsikbyun/Documents/뉴스피드/node_modules/@img/sharp-libvips-linux-ppc64
676 silly reify mark deleted [
676 silly reify   '/Users/jungsikbyun/Documents/뉴스피드/node_modules/@img/sharp-libvips-linux-ppc64'
676 silly reify ]
677 verbose reify failed optional dependency /Users/jungsikbyun/Documents/뉴스피드/node_modules/@img/sharp-libvips-linux-arm64
678 silly reify mark deleted [
678 silly reify   '/Users/jungsikbyun/Documents/뉴스피드/node_modules/@img/sharp-libvips-linux-arm64'
678 silly reify ]
679 verbose reify failed optional dependency /Users/jungsikbyun/Documents/뉴스피드/node_modules/@img/sharp-libvips-linux-arm
680 silly reify mark deleted [
680 silly reify   '/Users/jungsikbyun/Documents/뉴스피드/node_modules/@img/sharp-libvips-linux-arm'
680 silly reify ]
681 verbose reify failed optional dependency /Users/jungsikbyun/Documents/뉴스피드/node_modules/@img/sharp-libvips-darwin-x64
682 silly reify mark deleted [
682 silly reify   '/Users/jungsikbyun/Documents/뉴스피드/node_modules/@img/sharp-libvips-darwin-x64'
682 silly reify ]
683 verbose reify failed optional dependency /Users/jungsikbyun/Documents/뉴스피드/node_modules/@img/sharp-darwin-x64
684 silly reify mark deleted [
684 silly reify   '/Users/jungsikbyun/Documents/뉴스피드/node_modules/@img/sharp-darwin-x64'
684 silly reify ]
685 http cache @types/geojson@https://registry.npmjs.org/@types/geojson/-/geojson-7946.0.16.tgz 0ms (cache hit)
686 http cache @types/d3-transition@https://registry.npmjs.org/@types/d3-transition/-/d3-transition-3.0.9.tgz 0ms (cache hit)
687 http cache @types/d3-timer@https://registry.npmjs.org/@types/d3-timer/-/d3-timer-3.0.2.tgz 0ms (cache hit)
688 http cache @types/d3-time@https://registry.npmjs.org/@types/d3-time/-/d3-time-3.0.4.tgz 0ms (cache hit)
689 http cache @types/d3-time-format@https://registry.npmjs.org/@types/d3-time-format/-/d3-time-format-4.0.3.tgz 0ms (cache hit)
690 http cache @types/d3-shape@https://registry.npmjs.org/@types/d3-shape/-/d3-shape-3.1.8.tgz 0ms (cache hit)
691 http cache @types/d3-scale-chromatic@https://registry.npmjs.org/@types/d3-scale-chromatic/-/d3-scale-chromatic-3.1.0.tgz 0ms (cache hit)
692 http cache @types/d3-scale@https://registry.npmjs.org/@types/d3-scale/-/d3-scale-4.0.9.tgz 0ms (cache hit)
693 http cache @types/d3-random@https://registry.npmjs.org/@types/d3-random/-/d3-random-3.0.3.tgz 0ms (cache hit)
694 http cache @types/d3-quadtree@https://registry.npmjs.org/@types/d3-quadtree/-/d3-quadtree-3.0.6.tgz 0ms (cache hit)
695 http cache @types/d3-polygon@https://registry.npmjs.org/@types/d3-polygon/-/d3-polygon-3.0.2.tgz 0ms (cache hit)
696 http cache use-sync-external-store@https://registry.npmjs.org/use-sync-external-store/-/use-sync-external-store-1.6.0.tgz 0ms (cache hit)
697 http cache @types/d3-path@https://registry.npmjs.org/@types/d3-path/-/d3-path-3.1.1.tgz 0ms (cache hit)
698 http cache @types/d3-interpolate@https://registry.npmjs.org/@types/d3-interpolate/-/d3-interpolate-3.0.4.tgz 0ms (cache hit)
699 http cache @types/d3-hierarchy@https://registry.npmjs.org/@types/d3-hierarchy/-/d3-hierarchy-3.1.7.tgz 0ms (cache hit)
700 http cache @types/d3-format@https://registry.npmjs.org/@types/d3-format/-/d3-format-3.0.4.tgz 0ms (cache hit)
701 http cache @types/d3-geo@https://registry.npmjs.org/@types/d3-geo/-/d3-geo-3.1.0.tgz 0ms (cache hit)
702 http cache @types/d3-force@https://registry.npmjs.org/@types/d3-force/-/d3-force-3.0.10.tgz 0ms (cache hit)
703 http cache @types/d3-fetch@https://registry.npmjs.org/@types/d3-fetch/-/d3-fetch-3.0.7.tgz 0ms (cache hit)
704 http cache @types/d3-dsv@https://registry.npmjs.org/@types/d3-dsv/-/d3-dsv-3.0.7.tgz 0ms (cache hit)
705 http cache @types/d3-dispatch@https://registry.npmjs.org/@types/d3-dispatch/-/d3-dispatch-3.0.7.tgz 0ms (cache hit)
706 http cache @types/d3-ease@https://registry.npmjs.org/@types/d3-ease/-/d3-ease-3.0.2.tgz 0ms (cache hit)
707 http cache @types/d3-delaunay@https://registry.npmjs.org/@types/d3-delaunay/-/d3-delaunay-6.0.4.tgz 0ms (cache hit)
708 http cache @types/d3-color@https://registry.npmjs.org/@types/d3-color/-/d3-color-3.1.3.tgz 0ms (cache hit)
709 http cache @types/d3-chord@https://registry.npmjs.org/@types/d3-chord/-/d3-chord-3.0.6.tgz 0ms (cache hit)
710 http cache @types/d3-contour@https://registry.npmjs.org/@types/d3-contour/-/d3-contour-3.0.6.tgz 0ms (cache hit)
711 http cache @types/d3-axis@https://registry.npmjs.org/@types/d3-axis/-/d3-axis-3.0.6.tgz 0ms (cache hit)
712 http cache @types/d3-selection@https://registry.npmjs.org/@types/d3-selection/-/d3-selection-3.0.11.tgz 0ms (cache hit)
713 http cache @types/d3-brush@https://registry.npmjs.org/@types/d3-brush/-/d3-brush-3.0.6.tgz 0ms (cache hit)
714 http cache @types/d3-drag@https://registry.npmjs.org/@types/d3-drag/-/d3-drag-3.0.7.tgz 0ms (cache hit)
715 http cache @types/d3@https://registry.npmjs.org/@types/d3/-/d3-7.4.3.tgz 0ms (cache hit)
716 http cache classcat@https://registry.npmjs.org/classcat/-/classcat-5.0.5.tgz 0ms (cache hit)
717 http cache @reactflow/node-toolbar@https://registry.npmjs.org/@reactflow/node-toolbar/-/node-toolbar-1.3.14.tgz 0ms (cache hit)
718 http cache zustand@https://registry.npmjs.org/zustand/-/zustand-4.5.7.tgz 0ms (cache hit)
719 http cache @reactflow/node-resizer@https://registry.npmjs.org/@reactflow/node-resizer/-/node-resizer-2.2.14.tgz 0ms (cache hit)
720 http cache zustand@https://registry.npmjs.org/zustand/-/zustand-4.5.7.tgz 0ms (cache hit)
721 http cache @types/d3-array@https://registry.npmjs.org/@types/d3-array/-/d3-array-3.2.2.tgz 0ms (cache hit)
722 http cache @types/d3-zoom@https://registry.npmjs.org/@types/d3-zoom/-/d3-zoom-3.0.8.tgz 0ms (cache hit)
723 http cache @reactflow/minimap@https://registry.npmjs.org/@reactflow/minimap/-/minimap-11.7.14.tgz 0ms (cache hit)
724 http cache zustand@https://registry.npmjs.org/zustand/-/zustand-4.5.7.tgz 0ms (cache hit)
725 http cache @reactflow/controls@https://registry.npmjs.org/@reactflow/controls/-/controls-11.2.14.tgz 0ms (cache hit)
726 http cache zustand@https://registry.npmjs.org/zustand/-/zustand-4.5.7.tgz 0ms (cache hit)
727 http cache @reactflow/core@https://registry.npmjs.org/@reactflow/core/-/core-11.11.4.tgz 0ms (cache hit)
728 http cache @reactflow/background@https://registry.npmjs.org/@reactflow/background/-/background-11.3.14.tgz 0ms (cache hit)
729 http cache zustand@https://registry.npmjs.org/zustand/-/zustand-4.5.7.tgz 0ms (cache hit)
730 http cache safer-buffer@https://registry.npmjs.org/safer-buffer/-/safer-buffer-2.1.2.tgz 0ms (cache hit)
731 http cache motion-utils@https://registry.npmjs.org/motion-utils/-/motion-utils-12.39.0.tgz 0ms (cache hit)
732 http cache motion-dom@https://registry.npmjs.org/motion-dom/-/motion-dom-12.40.0.tgz 0ms (cache hit)
733 http cache robust-predicates@https://registry.npmjs.org/robust-predicates/-/robust-predicates-3.0.3.tgz 0ms (cache hit)
734 http cache zustand@https://registry.npmjs.org/zustand/-/zustand-4.5.7.tgz 0ms (cache hit)
735 http cache rw@https://registry.npmjs.org/rw/-/rw-1.3.3.tgz 0ms (cache hit)
736 http cache iconv-lite@https://registry.npmjs.org/iconv-lite/-/iconv-lite-0.6.3.tgz 0ms (cache hit)
737 http cache commander@https://registry.npmjs.org/commander/-/commander-7.2.0.tgz 0ms (cache hit)
738 http cache delaunator@https://registry.npmjs.org/delaunator/-/delaunator-5.1.0.tgz 0ms (cache hit)
739 http cache internmap@https://registry.npmjs.org/internmap/-/internmap-2.0.3.tgz 0ms (cache hit)
740 http cache d3-zoom@https://registry.npmjs.org/d3-zoom/-/d3-zoom-3.0.0.tgz 0ms (cache hit)
741 http cache d3-transition@https://registry.npmjs.org/d3-transition/-/d3-transition-3.0.1.tgz 0ms (cache hit)
742 http cache d3-timer@https://registry.npmjs.org/d3-timer/-/d3-timer-3.0.1.tgz 0ms (cache hit)
743 http cache d3-time-format@https://registry.npmjs.org/d3-time-format/-/d3-time-format-4.1.0.tgz 0ms (cache hit)
744 http cache d3-shape@https://registry.npmjs.org/d3-shape/-/d3-shape-3.2.0.tgz 0ms (cache hit)
745 http cache d3-time@https://registry.npmjs.org/d3-time/-/d3-time-3.1.0.tgz 0ms (cache hit)
746 http cache d3-selection@https://registry.npmjs.org/d3-selection/-/d3-selection-3.0.0.tgz 0ms (cache hit)
747 http cache d3-scale-chromatic@https://registry.npmjs.org/d3-scale-chromatic/-/d3-scale-chromatic-3.1.0.tgz 0ms (cache hit)
748 http cache d3-random@https://registry.npmjs.org/d3-random/-/d3-random-3.0.1.tgz 0ms (cache hit)
749 http cache d3-scale@https://registry.npmjs.org/d3-scale/-/d3-scale-4.0.2.tgz 0ms (cache hit)
750 http cache d3-polygon@https://registry.npmjs.org/d3-polygon/-/d3-polygon-3.0.1.tgz 0ms (cache hit)
751 http cache d3-geo@https://registry.npmjs.org/d3-geo/-/d3-geo-3.1.1.tgz 0ms (cache hit)
752 http cache d3-hierarchy@https://registry.npmjs.org/d3-hierarchy/-/d3-hierarchy-3.1.2.tgz 0ms (cache hit)
753 http cache d3-quadtree@https://registry.npmjs.org/d3-quadtree/-/d3-quadtree-3.0.1.tgz 0ms (cache hit)
754 http cache d3-fetch@https://registry.npmjs.org/d3-fetch/-/d3-fetch-3.0.1.tgz 0ms (cache hit)
755 http cache d3-interpolate@https://registry.npmjs.org/d3-interpolate/-/d3-interpolate-3.0.1.tgz 0ms (cache hit)
756 http cache d3-force@https://registry.npmjs.org/d3-force/-/d3-force-3.0.0.tgz 0ms (cache hit)
757 http cache d3-path@https://registry.npmjs.org/d3-path/-/d3-path-3.1.0.tgz 0ms (cache hit)
758 http cache d3-format@https://registry.npmjs.org/d3-format/-/d3-format-3.1.2.tgz 0ms (cache hit)
759 http cache d3-ease@https://registry.npmjs.org/d3-ease/-/d3-ease-3.0.1.tgz 0ms (cache hit)
760 http cache d3-dsv@https://registry.npmjs.org/d3-dsv/-/d3-dsv-3.0.1.tgz 0ms (cache hit)
761 http cache d3-contour@https://registry.npmjs.org/d3-contour/-/d3-contour-4.0.2.tgz 0ms (cache hit)
762 http cache d3-drag@https://registry.npmjs.org/d3-drag/-/d3-drag-3.0.0.tgz 0ms (cache hit)
763 http cache d3-dispatch@https://registry.npmjs.org/d3-dispatch/-/d3-dispatch-3.0.1.tgz 0ms (cache hit)
764 http cache d3-delaunay@https://registry.npmjs.org/d3-delaunay/-/d3-delaunay-6.0.4.tgz 0ms (cache hit)
765 http cache d3-color@https://registry.npmjs.org/d3-color/-/d3-color-3.1.0.tgz 0ms (cache hit)
766 http cache d3-chord@https://registry.npmjs.org/d3-chord/-/d3-chord-3.0.1.tgz 0ms (cache hit)
767 http cache d3-array@https://registry.npmjs.org/d3-array/-/d3-array-3.2.4.tgz 0ms (cache hit)
768 http cache d3-brush@https://registry.npmjs.org/d3-brush/-/d3-brush-3.0.0.tgz 0ms (cache hit)
769 http cache d3-axis@https://registry.npmjs.org/d3-axis/-/d3-axis-3.0.0.tgz 0ms (cache hit)
770 http cache zustand@https://registry.npmjs.org/zustand/-/zustand-5.0.14.tgz 0ms (cache hit)
771 http cache lucide-react@https://registry.npmjs.org/lucide-react/-/lucide-react-1.17.0.tgz 0ms (cache hit)
772 http cache d3@https://registry.npmjs.org/d3/-/d3-7.9.0.tgz 0ms (cache hit)
773 http cache reactflow@https://registry.npmjs.org/reactflow/-/reactflow-11.11.4.tgz 0ms (cache hit)
774 http cache framer-motion@https://registry.npmjs.org/framer-motion/-/framer-motion-12.40.0.tgz 0ms (cache hit)
775 http cache @tybys/wasm-util@https://registry.npmjs.org/@tybys/wasm-util/-/wasm-util-0.10.2.tgz 0ms (cache hit)
776 http cache @napi-rs/wasm-runtime@https://registry.npmjs.org/@napi-rs/wasm-runtime/-/wasm-runtime-1.1.4.tgz 0ms (cache hit)
777 http cache @emnapi/core@https://registry.npmjs.org/@emnapi/core/-/core-1.10.0.tgz 0ms (cache hit)
778 http cache @emnapi/wasi-threads@https://registry.npmjs.org/@emnapi/wasi-threads/-/wasi-threads-1.2.1.tgz 0ms (cache hit)
779 silly tarball no local data for @types/geojson@https://registry.npmjs.org/@types/geojson/-/geojson-7946.0.16.tgz. Extracting by manifest.
780 silly tarball no local data for @types/d3-transition@https://registry.npmjs.org/@types/d3-transition/-/d3-transition-3.0.9.tgz. Extracting by manifest.
781 silly tarball no local data for @types/d3-timer@https://registry.npmjs.org/@types/d3-timer/-/d3-timer-3.0.2.tgz. Extracting by manifest.
782 silly tarball no local data for @types/d3-time@https://registry.npmjs.org/@types/d3-time/-/d3-time-3.0.4.tgz. Extracting by manifest.
783 silly tarball no local data for @types/d3-time-format@https://registry.npmjs.org/@types/d3-time-format/-/d3-time-format-4.0.3.tgz. Extracting by manifest.
784 silly tarball no local data for @types/d3-shape@https://registry.npmjs.org/@types/d3-shape/-/d3-shape-3.1.8.tgz. Extracting by manifest.
785 silly tarball no local data for @types/d3-scale-chromatic@https://registry.npmjs.org/@types/d3-scale-chromatic/-/d3-scale-chromatic-3.1.0.tgz. Extracting by manifest.
786 silly tarball no local data for @types/d3-scale@https://registry.npmjs.org/@types/d3-scale/-/d3-scale-4.0.9.tgz. Extracting by manifest.
787 silly tarball no local data for @types/d3-random@https://registry.npmjs.org/@types/d3-random/-/d3-random-3.0.3.tgz. Extracting by manifest.
788 silly tarball no local data for @types/d3-quadtree@https://registry.npmjs.org/@types/d3-quadtree/-/d3-quadtree-3.0.6.tgz. Extracting by manifest.
789 silly tarball no local data for @types/d3-polygon@https://registry.npmjs.org/@types/d3-polygon/-/d3-polygon-3.0.2.tgz. Extracting by manifest.
790 silly tarball no local data for use-sync-external-store@https://registry.npmjs.org/use-sync-external-store/-/use-sync-external-store-1.6.0.tgz. Extracting by manifest.
791 silly tarball no local data for @types/d3-path@https://registry.npmjs.org/@types/d3-path/-/d3-path-3.1.1.tgz. Extracting by manifest.
792 silly tarball no local data for @types/d3-interpolate@https://registry.npmjs.org/@types/d3-interpolate/-/d3-interpolate-3.0.4.tgz. Extracting by manifest.
793 silly tarball no local data for @types/d3-hierarchy@https://registry.npmjs.org/@types/d3-hierarchy/-/d3-hierarchy-3.1.7.tgz. Extracting by manifest.
794 silly tarball no local data for @types/d3-format@https://registry.npmjs.org/@types/d3-format/-/d3-format-3.0.4.tgz. Extracting by manifest.
795 silly tarball no local data for @types/d3-geo@https://registry.npmjs.org/@types/d3-geo/-/d3-geo-3.1.0.tgz. Extracting by manifest.
796 silly tarball no local data for @types/d3-force@https://registry.npmjs.org/@types/d3-force/-/d3-force-3.0.10.tgz. Extracting by manifest.
797 silly tarball no local data for @types/d3-fetch@https://registry.npmjs.org/@types/d3-fetch/-/d3-fetch-3.0.7.tgz. Extracting by manifest.
798 silly tarball no local data for @types/d3-dsv@https://registry.npmjs.org/@types/d3-dsv/-/d3-dsv-3.0.7.tgz. Extracting by manifest.
799 silly tarball no local data for @types/d3-dispatch@https://registry.npmjs.org/@types/d3-dispatch/-/d3-dispatch-3.0.7.tgz. Extracting by manifest.
800 silly tarball no local data for @types/d3-ease@https://registry.npmjs.org/@types/d3-ease/-/d3-ease-3.0.2.tgz. Extracting by manifest.
801 silly tarball no local data for @types/d3-delaunay@https://registry.npmjs.org/@types/d3-delaunay/-/d3-delaunay-6.0.4.tgz. Extracting by manifest.
802 silly tarball no local data for @types/d3-color@https://registry.npmjs.org/@types/d3-color/-/d3-color-3.1.3.tgz. Extracting by manifest.
803 silly tarball no local data for @types/d3-chord@https://registry.npmjs.org/@types/d3-chord/-/d3-chord-3.0.6.tgz. Extracting by manifest.
804 silly tarball no local data for @types/d3-contour@https://registry.npmjs.org/@types/d3-contour/-/d3-contour-3.0.6.tgz. Extracting by manifest.
805 silly tarball no local data for @types/d3-axis@https://registry.npmjs.org/@types/d3-axis/-/d3-axis-3.0.6.tgz. Extracting by manifest.
806 silly tarball no local data for @types/d3-selection@https://registry.npmjs.org/@types/d3-selection/-/d3-selection-3.0.11.tgz. Extracting by manifest.
807 silly tarball no local data for @types/d3-brush@https://registry.npmjs.org/@types/d3-brush/-/d3-brush-3.0.6.tgz. Extracting by manifest.
808 silly tarball no local data for @types/d3-drag@https://registry.npmjs.org/@types/d3-drag/-/d3-drag-3.0.7.tgz. Extracting by manifest.
809 silly tarball no local data for @types/d3@https://registry.npmjs.org/@types/d3/-/d3-7.4.3.tgz. Extracting by manifest.
810 silly tarball no local data for classcat@https://registry.npmjs.org/classcat/-/classcat-5.0.5.tgz. Extracting by manifest.
811 silly tarball no local data for @reactflow/node-toolbar@https://registry.npmjs.org/@reactflow/node-toolbar/-/node-toolbar-1.3.14.tgz. Extracting by manifest.
812 silly tarball no local data for zustand@https://registry.npmjs.org/zustand/-/zustand-4.5.7.tgz. Extracting by manifest.
813 silly tarball no local data for @reactflow/node-resizer@https://registry.npmjs.org/@reactflow/node-resizer/-/node-resizer-2.2.14.tgz. Extracting by manifest.
814 silly tarball no local data for zustand@https://registry.npmjs.org/zustand/-/zustand-4.5.7.tgz. Extracting by manifest.
815 silly tarball no local data for @types/d3-array@https://registry.npmjs.org/@types/d3-array/-/d3-array-3.2.2.tgz. Extracting by manifest.
816 silly tarball no local data for @types/d3-zoom@https://registry.npmjs.org/@types/d3-zoom/-/d3-zoom-3.0.8.tgz. Extracting by manifest.
817 silly tarball no local data for @reactflow/minimap@https://registry.npmjs.org/@reactflow/minimap/-/minimap-11.7.14.tgz. Extracting by manifest.
818 silly tarball no local data for zustand@https://registry.npmjs.org/zustand/-/zustand-4.5.7.tgz. Extracting by manifest.
819 silly tarball no local data for @reactflow/controls@https://registry.npmjs.org/@reactflow/controls/-/controls-11.2.14.tgz. Extracting by manifest.
820 silly tarball no local data for zustand@https://registry.npmjs.org/zustand/-/zustand-4.5.7.tgz. Extracting by manifest.
821 silly tarball no local data for @reactflow/core@https://registry.npmjs.org/@reactflow/core/-/core-11.11.4.tgz. Extracting by manifest.
822 silly tarball no local data for @reactflow/background@https://registry.npmjs.org/@reactflow/background/-/background-11.3.14.tgz. Extracting by manifest.
823 silly tarball no local data for zustand@https://registry.npmjs.org/zustand/-/zustand-4.5.7.tgz. Extracting by manifest.
824 silly tarball no local data for safer-buffer@https://registry.npmjs.org/safer-buffer/-/safer-buffer-2.1.2.tgz. Extracting by manifest.
825 silly tarball no local data for motion-utils@https://registry.npmjs.org/motion-utils/-/motion-utils-12.39.0.tgz. Extracting by manifest.
826 silly tarball no local data for motion-dom@https://registry.npmjs.org/motion-dom/-/motion-dom-12.40.0.tgz. Extracting by manifest.
827 silly tarball no local data for robust-predicates@https://registry.npmjs.org/robust-predicates/-/robust-predicates-3.0.3.tgz. Extracting by manifest.
828 silly tarball no local data for zustand@https://registry.npmjs.org/zustand/-/zustand-4.5.7.tgz. Extracting by manifest.
829 silly tarball no local data for rw@https://registry.npmjs.org/rw/-/rw-1.3.3.tgz. Extracting by manifest.
830 silly tarball no local data for iconv-lite@https://registry.npmjs.org/iconv-lite/-/iconv-lite-0.6.3.tgz. Extracting by manifest.
831 silly tarball no local data for commander@https://registry.npmjs.org/commander/-/commander-7.2.0.tgz. Extracting by manifest.
832 silly tarball no local data for delaunator@https://registry.npmjs.org/delaunator/-/delaunator-5.1.0.tgz. Extracting by manifest.
833 silly tarball no local data for internmap@https://registry.npmjs.org/internmap/-/internmap-2.0.3.tgz. Extracting by manifest.
834 silly tarball no local data for d3-zoom@https://registry.npmjs.org/d3-zoom/-/d3-zoom-3.0.0.tgz. Extracting by manifest.
835 silly tarball no local data for d3-transition@https://registry.npmjs.org/d3-transition/-/d3-transition-3.0.1.tgz. Extracting by manifest.
836 silly tarball no local data for d3-timer@https://registry.npmjs.org/d3-timer/-/d3-timer-3.0.1.tgz. Extracting by manifest.
837 silly tarball no local data for d3-time-format@https://registry.npmjs.org/d3-time-format/-/d3-time-format-4.1.0.tgz. Extracting by manifest.
838 silly tarball no local data for d3-shape@https://registry.npmjs.org/d3-shape/-/d3-shape-3.2.0.tgz. Extracting by manifest.
839 silly tarball no local data for d3-time@https://registry.npmjs.org/d3-time/-/d3-time-3.1.0.tgz. Extracting by manifest.
840 silly tarball no local data for d3-selection@https://registry.npmjs.org/d3-selection/-/d3-selection-3.0.0.tgz. Extracting by manifest.
841 silly tarball no local data for d3-scale-chromatic@https://registry.npmjs.org/d3-scale-chromatic/-/d3-scale-chromatic-3.1.0.tgz. Extracting by manifest.
842 silly tarball no local data for d3-random@https://registry.npmjs.org/d3-random/-/d3-random-3.0.1.tgz. Extracting by manifest.
843 silly tarball no local data for d3-scale@https://registry.npmjs.org/d3-scale/-/d3-scale-4.0.2.tgz. Extracting by manifest.
844 silly tarball no local data for d3-polygon@https://registry.npmjs.org/d3-polygon/-/d3-polygon-3.0.1.tgz. Extracting by manifest.
845 silly tarball no local data for d3-geo@https://registry.npmjs.org/d3-geo/-/d3-geo-3.1.1.tgz. Extracting by manifest.
846 silly tarball no local data for d3-hierarchy@https://registry.npmjs.org/d3-hierarchy/-/d3-hierarchy-3.1.2.tgz. Extracting by manifest.
847 silly tarball no local data for d3-quadtree@https://registry.npmjs.org/d3-quadtree/-/d3-quadtree-3.0.1.tgz. Extracting by manifest.
848 silly tarball no local data for d3-fetch@https://registry.npmjs.org/d3-fetch/-/d3-fetch-3.0.1.tgz. Extracting by manifest.
849 silly tarball no local data for d3-interpolate@https://registry.npmjs.org/d3-interpolate/-/d3-interpolate-3.0.1.tgz. Extracting by manifest.
850 silly tarball no local data for d3-force@https://registry.npmjs.org/d3-force/-/d3-force-3.0.0.tgz. Extracting by manifest.
851 silly tarball no local data for d3-path@https://registry.npmjs.org/d3-path/-/d3-path-3.1.0.tgz. Extracting by manifest.
852 silly tarball no local data for d3-format@https://registry.npmjs.org/d3-format/-/d3-format-3.1.2.tgz. Extracting by manifest.
853 silly tarball no local data for d3-ease@https://registry.npmjs.org/d3-ease/-/d3-ease-3.0.1.tgz. Extracting by manifest.
854 silly tarball no local data for d3-dsv@https://registry.npmjs.org/d3-dsv/-/d3-dsv-3.0.1.tgz. Extracting by manifest.
855 silly tarball no local data for d3-contour@https://registry.npmjs.org/d3-contour/-/d3-contour-4.0.2.tgz. Extracting by manifest.
856 silly tarball no local data for d3-drag@https://registry.npmjs.org/d3-drag/-/d3-drag-3.0.0.tgz. Extracting by manifest.
857 silly tarball no local data for d3-dispatch@https://registry.npmjs.org/d3-dispatch/-/d3-dispatch-3.0.1.tgz. Extracting by manifest.
858 silly tarball no local data for d3-delaunay@https://registry.npmjs.org/d3-delaunay/-/d3-delaunay-6.0.4.tgz. Extracting by manifest.
859 silly tarball no local data for d3-color@https://registry.npmjs.org/d3-color/-/d3-color-3.1.0.tgz. Extracting by manifest.
860 silly tarball no local data for d3-chord@https://registry.npmjs.org/d3-chord/-/d3-chord-3.0.1.tgz. Extracting by manifest.
861 silly tarball no local data for d3-array@https://registry.npmjs.org/d3-array/-/d3-array-3.2.4.tgz. Extracting by manifest.
862 silly tarball no local data for d3-brush@https://registry.npmjs.org/d3-brush/-/d3-brush-3.0.0.tgz. Extracting by manifest.
863 silly tarball no local data for d3-axis@https://registry.npmjs.org/d3-axis/-/d3-axis-3.0.0.tgz. Extracting by manifest.
864 silly tarball no local data for zustand@https://registry.npmjs.org/zustand/-/zustand-5.0.14.tgz. Extracting by manifest.
865 silly tarball no local data for lucide-react@https://registry.npmjs.org/lucide-react/-/lucide-react-1.17.0.tgz. Extracting by manifest.
866 silly tarball no local data for d3@https://registry.npmjs.org/d3/-/d3-7.9.0.tgz. Extracting by manifest.
867 silly tarball no local data for reactflow@https://registry.npmjs.org/reactflow/-/reactflow-11.11.4.tgz. Extracting by manifest.
868 silly tarball no local data for framer-motion@https://registry.npmjs.org/framer-motion/-/framer-motion-12.40.0.tgz. Extracting by manifest.
869 http fetch GET 200 https://registry.npmjs.org/use-sync-external-store/-/use-sync-external-store-1.6.0.tgz 52ms (cache miss)
870 http fetch GET 200 https://registry.npmjs.org/@types/d3-random/-/d3-random-3.0.3.tgz 65ms (cache miss)
871 http fetch GET 200 https://registry.npmjs.org/@types/d3-quadtree/-/d3-quadtree-3.0.6.tgz 65ms (cache miss)
872 http fetch GET 200 https://registry.npmjs.org/@types/d3-scale/-/d3-scale-4.0.9.tgz 65ms (cache miss)
873 http fetch GET 200 https://registry.npmjs.org/@types/d3-scale-chromatic/-/d3-scale-chromatic-3.1.0.tgz 65ms (cache miss)
874 http fetch GET 200 https://registry.npmjs.org/@types/d3-polygon/-/d3-polygon-3.0.2.tgz 66ms (cache miss)
875 http fetch GET 200 https://registry.npmjs.org/@types/geojson/-/geojson-7946.0.16.tgz 67ms (cache miss)
876 http fetch GET 200 https://registry.npmjs.org/@types/d3-transition/-/d3-transition-3.0.9.tgz 71ms (cache miss)
877 http fetch GET 200 https://registry.npmjs.org/@types/d3-timer/-/d3-timer-3.0.2.tgz 71ms (cache miss)
878 http fetch GET 200 https://registry.npmjs.org/@types/d3-shape/-/d3-shape-3.1.8.tgz 71ms (cache miss)
879 http fetch GET 200 https://registry.npmjs.org/@types/d3-time-format/-/d3-time-format-4.0.3.tgz 77ms (cache miss)
880 http fetch POST 200 https://registry.npmjs.org/-/npm/v1/security/advisories/bulk 98ms
881 silly audit report {
881 silly audit report   postcss: [
881 silly audit report     {
881 silly audit report       id: 1117015,
881 silly audit report       url: 'https://github.com/advisories/GHSA-qx2v-qp2m-jg93',
881 silly audit report       title: 'PostCSS has XSS via Unescaped </style> in its CSS Stringify Output',
881 silly audit report       severity: 'moderate',
881 silly audit report       vulnerable_versions: '<8.5.10',
881 silly audit report       cwe: [Array],
881 silly audit report       cvss: [Object]
881 silly audit report     }
881 silly audit report   ]
881 silly audit report }
882 silly packumentCache corgi:https://registry.npmjs.org/postcss cache-miss
883 http cache https://registry.npmjs.org/postcss 3ms (cache hit)
884 silly packumentCache corgi:https://registry.npmjs.org/postcss set size:344717 disposed:false
885 silly packumentCache corgi:https://registry.npmjs.org/next cache-miss
886 http cache https://registry.npmjs.org/next 27ms (cache hit)
887 silly packumentCache corgi:https://registry.npmjs.org/next set size:25082156 disposed:false
888 http fetch GET 200 https://registry.npmjs.org/@types/d3-force/-/d3-force-3.0.10.tgz 376ms (cache miss)
889 http fetch GET 200 https://registry.npmjs.org/@types/d3-hierarchy/-/d3-hierarchy-3.1.7.tgz 376ms (cache miss)
890 http fetch GET 200 https://registry.npmjs.org/@types/d3-time/-/d3-time-3.0.4.tgz 378ms (cache miss)
891 http fetch GET 200 https://registry.npmjs.org/@types/d3-dsv/-/d3-dsv-3.0.7.tgz 376ms (cache miss)
892 http fetch GET 200 https://registry.npmjs.org/@types/d3-geo/-/d3-geo-3.1.0.tgz 376ms (cache miss)
893 http fetch GET 200 https://registry.npmjs.org/@types/d3-dispatch/-/d3-dispatch-3.0.7.tgz 376ms (cache miss)
894 http fetch GET 200 https://registry.npmjs.org/@types/d3-fetch/-/d3-fetch-3.0.7.tgz 376ms (cache miss)
895 http fetch GET 200 https://registry.npmjs.org/@types/d3-color/-/d3-color-3.1.3.tgz 377ms (cache miss)
896 http fetch GET 200 https://registry.npmjs.org/@types/d3-chord/-/d3-chord-3.0.6.tgz 377ms (cache miss)
897 http fetch GET 200 https://registry.npmjs.org/@types/d3-format/-/d3-format-3.0.4.tgz 377ms (cache miss)
898 http fetch GET 200 https://registry.npmjs.org/@types/d3-delaunay/-/d3-delaunay-6.0.4.tgz 377ms (cache miss)
899 http fetch GET 200 https://registry.npmjs.org/@types/d3-contour/-/d3-contour-3.0.6.tgz 377ms (cache miss)
900 http fetch GET 200 https://registry.npmjs.org/@types/d3-path/-/d3-path-3.1.1.tgz 378ms (cache miss)
901 http fetch GET 200 https://registry.npmjs.org/@types/d3-ease/-/d3-ease-3.0.2.tgz 377ms (cache miss)
902 http fetch GET 200 https://registry.npmjs.org/@types/d3-interpolate/-/d3-interpolate-3.0.4.tgz 378ms (cache miss)
903 http fetch GET 200 https://registry.npmjs.org/classcat/-/classcat-5.0.5.tgz 400ms (cache miss)
904 http fetch GET 200 https://registry.npmjs.org/@types/d3-brush/-/d3-brush-3.0.6.tgz 407ms (cache miss)
905 http fetch GET 200 https://registry.npmjs.org/@types/d3-drag/-/d3-drag-3.0.7.tgz 407ms (cache miss)
906 http fetch GET 200 https://registry.npmjs.org/@types/d3/-/d3-7.4.3.tgz 413ms (cache miss)
907 http fetch GET 200 https://registry.npmjs.org/@types/d3-axis/-/d3-axis-3.0.6.tgz 413ms (cache miss)
908 http fetch GET 200 https://registry.npmjs.org/@types/d3-selection/-/d3-selection-3.0.11.tgz 430ms (cache miss)
909 http fetch GET 200 https://registry.npmjs.org/@types/d3-zoom/-/d3-zoom-3.0.8.tgz 429ms (cache miss)
910 http fetch GET 200 https://registry.npmjs.org/@reactflow/minimap/-/minimap-11.7.14.tgz 442ms (cache miss)
911 http fetch GET 200 https://registry.npmjs.org/@reactflow/node-resizer/-/node-resizer-2.2.14.tgz 451ms (cache miss)
912 http fetch GET 200 https://registry.npmjs.org/@types/d3-array/-/d3-array-3.2.2.tgz 451ms (cache miss)
913 http fetch GET 200 https://registry.npmjs.org/@reactflow/node-toolbar/-/node-toolbar-1.3.14.tgz 453ms (cache miss)
914 http fetch GET 200 https://registry.npmjs.org/@reactflow/controls/-/controls-11.2.14.tgz 458ms (cache miss)
915 http fetch GET 200 https://registry.npmjs.org/zustand/-/zustand-4.5.7.tgz 467ms (cache miss)
916 http fetch GET 200 https://registry.npmjs.org/safer-buffer/-/safer-buffer-2.1.2.tgz 479ms (cache miss)
917 http fetch GET 200 https://registry.npmjs.org/@reactflow/background/-/background-11.3.14.tgz 488ms (cache miss)
918 http fetch GET 200 https://registry.npmjs.org/internmap/-/internmap-2.0.3.tgz 492ms (cache miss)
919 http fetch GET 200 https://registry.npmjs.org/d3-timer/-/d3-timer-3.0.1.tgz 493ms (cache miss)
920 http fetch GET 200 https://registry.npmjs.org/rw/-/rw-1.3.3.tgz 493ms (cache miss)
921 http fetch GET 200 https://registry.npmjs.org/commander/-/commander-7.2.0.tgz 494ms (cache miss)
922 http fetch GET 200 https://registry.npmjs.org/d3-zoom/-/d3-zoom-3.0.0.tgz 494ms (cache miss)
923 http fetch GET 200 https://registry.npmjs.org/delaunator/-/delaunator-5.1.0.tgz 494ms (cache miss)
924 http fetch GET 200 https://registry.npmjs.org/robust-predicates/-/robust-predicates-3.0.3.tgz 513ms (cache miss)
925 http fetch GET 200 https://registry.npmjs.org/iconv-lite/-/iconv-lite-0.6.3.tgz 528ms (cache miss)
926 http fetch GET 200 https://registry.npmjs.org/d3-time/-/d3-time-3.1.0.tgz 529ms (cache miss)
927 http fetch GET 200 https://registry.npmjs.org/motion-utils/-/motion-utils-12.39.0.tgz 537ms (cache miss)
928 http fetch GET 200 https://registry.npmjs.org/zustand/-/zustand-4.5.7.tgz 539ms (cache miss)
929 http fetch GET 200 https://registry.npmjs.org/d3-polygon/-/d3-polygon-3.0.1.tgz 541ms (cache miss)
930 http fetch GET 200 https://registry.npmjs.org/d3-random/-/d3-random-3.0.1.tgz 541ms (cache miss)
931 http fetch GET 200 https://registry.npmjs.org/d3-fetch/-/d3-fetch-3.0.1.tgz 543ms (cache miss)
932 http fetch GET 200 https://registry.npmjs.org/zustand/-/zustand-4.5.7.tgz 545ms (cache miss)
933 http fetch GET 200 https://registry.npmjs.org/d3-transition/-/d3-transition-3.0.1.tgz 546ms (cache miss)
934 http fetch GET 200 https://registry.npmjs.org/d3-path/-/d3-path-3.1.0.tgz 555ms (cache miss)
935 http fetch GET 200 https://registry.npmjs.org/d3-quadtree/-/d3-quadtree-3.0.1.tgz 556ms (cache miss)
936 http fetch GET 200 https://registry.npmjs.org/d3-time-format/-/d3-time-format-4.1.0.tgz 559ms (cache miss)
937 http fetch GET 200 https://registry.npmjs.org/d3-interpolate/-/d3-interpolate-3.0.1.tgz 565ms (cache miss)
938 http fetch GET 200 https://registry.npmjs.org/d3-format/-/d3-format-3.1.2.tgz 566ms (cache miss)
939 http fetch GET 200 https://registry.npmjs.org/d3-ease/-/d3-ease-3.0.1.tgz 565ms (cache miss)
940 http fetch GET 200 https://registry.npmjs.org/d3-scale/-/d3-scale-4.0.2.tgz 566ms (cache miss)
941 http fetch GET 200 https://registry.npmjs.org/d3-drag/-/d3-drag-3.0.0.tgz 567ms (cache miss)
942 http fetch GET 200 https://registry.npmjs.org/d3-dsv/-/d3-dsv-3.0.1.tgz 568ms (cache miss)
943 http fetch GET 200 https://registry.npmjs.org/d3-hierarchy/-/d3-hierarchy-3.1.2.tgz 569ms (cache miss)
944 http fetch GET 200 https://registry.npmjs.org/d3-contour/-/d3-contour-4.0.2.tgz 571ms (cache miss)
945 http fetch GET 200 https://registry.npmjs.org/d3-dispatch/-/d3-dispatch-3.0.1.tgz 573ms (cache miss)
946 http fetch GET 200 https://registry.npmjs.org/d3-force/-/d3-force-3.0.0.tgz 576ms (cache miss)
947 http fetch GET 200 https://registry.npmjs.org/d3-scale-chromatic/-/d3-scale-chromatic-3.1.0.tgz 576ms (cache miss)
948 http fetch GET 200 https://registry.npmjs.org/d3-selection/-/d3-selection-3.0.0.tgz 579ms (cache miss)
949 http fetch GET 200 https://registry.npmjs.org/d3-delaunay/-/d3-delaunay-6.0.4.tgz 577ms (cache miss)
950 http fetch GET 200 https://registry.npmjs.org/zustand/-/zustand-4.5.7.tgz 581ms (cache miss)
951 http fetch GET 200 https://registry.npmjs.org/d3-axis/-/d3-axis-3.0.0.tgz 579ms (cache miss)
952 http fetch GET 200 https://registry.npmjs.org/d3-brush/-/d3-brush-3.0.0.tgz 579ms (cache miss)
953 http fetch GET 200 https://registry.npmjs.org/d3-shape/-/d3-shape-3.2.0.tgz 582ms (cache miss)
954 http fetch GET 200 https://registry.npmjs.org/d3-color/-/d3-color-3.1.0.tgz 581ms (cache miss)
955 http fetch GET 200 https://registry.npmjs.org/zustand/-/zustand-4.5.7.tgz 586ms (cache miss)
956 http fetch GET 200 https://registry.npmjs.org/d3-chord/-/d3-chord-3.0.1.tgz 586ms (cache miss)
957 http fetch GET 200 https://registry.npmjs.org/d3-geo/-/d3-geo-3.1.1.tgz 589ms (cache miss)
958 http fetch GET 200 https://registry.npmjs.org/zustand/-/zustand-4.5.7.tgz 603ms (cache miss)
959 http fetch GET 200 https://registry.npmjs.org/d3-array/-/d3-array-3.2.4.tgz 610ms (cache miss)
960 http fetch GET 200 https://registry.npmjs.org/reactflow/-/reactflow-11.11.4.tgz 609ms (cache miss)
961 http fetch GET 200 https://registry.npmjs.org/zustand/-/zustand-5.0.14.tgz 610ms (cache miss)
962 http fetch GET 200 https://registry.npmjs.org/d3/-/d3-7.9.0.tgz 640ms (cache miss)
963 http fetch GET 200 https://registry.npmjs.org/@reactflow/core/-/core-11.11.4.tgz 694ms (cache miss)
964 http fetch GET 200 https://registry.npmjs.org/motion-dom/-/motion-dom-12.40.0.tgz 750ms (cache miss)
965 http fetch GET 200 https://registry.npmjs.org/framer-motion/-/framer-motion-12.40.0.tgz 763ms (cache miss)
966 http fetch GET 200 https://registry.npmjs.org/lucide-react/-/lucide-react-1.17.0.tgz 1030ms (cache miss)
967 silly ADD node_modules/use-sync-external-store
968 silly ADD node_modules/@types/geojson
969 silly ADD node_modules/@types/d3-transition
970 silly ADD node_modules/@types/d3-timer
971 silly ADD node_modules/@types/d3-time-format
972 silly ADD node_modules/@types/d3-time
973 silly ADD node_modules/@types/d3-shape
974 silly ADD node_modules/@types/d3-scale-chromatic
975 silly ADD node_modules/@types/d3-scale
976 silly ADD node_modules/@types/d3-random
977 silly ADD node_modules/@types/d3-quadtree
978 silly ADD node_modules/@types/d3-polygon
979 silly ADD node_modules/@types/d3-path
980 silly ADD node_modules/@types/d3-interpolate
981 silly ADD node_modules/@types/d3-hierarchy
982 silly ADD node_modules/@types/d3-geo
983 silly ADD node_modules/@types/d3-format
984 silly ADD node_modules/@types/d3-force
985 silly ADD node_modules/@types/d3-fetch
986 silly ADD node_modules/@types/d3-ease
987 silly ADD node_modules/@types/d3-dsv
988 silly ADD node_modules/@types/d3-dispatch
989 silly ADD node_modules/@types/d3-delaunay
990 silly ADD node_modules/@types/d3-contour
991 silly ADD node_modules/@types/d3-color
992 silly ADD node_modules/@types/d3-chord
993 silly ADD node_modules/@types/d3-brush
994 silly ADD node_modules/@types/d3-axis
995 silly ADD node_modules/@types/d3-array
996 silly ADD node_modules/@types/d3-zoom
997 silly ADD node_modules/@types/d3-selection
998 silly ADD node_modules/@types/d3-drag
999 silly ADD node_modules/@types/d3
1000 silly ADD node_modules/classcat
1001 silly ADD node_modules/@reactflow/node-toolbar
1002 silly ADD node_modules/@reactflow/node-toolbar/node_modules/zustand
1003 silly ADD node_modules/@reactflow/node-resizer
1004 silly ADD node_modules/@reactflow/node-resizer/node_modules/zustand
1005 silly ADD node_modules/@reactflow/minimap
1006 silly ADD node_modules/@reactflow/minimap/node_modules/zustand
1007 silly ADD node_modules/@reactflow/core
1008 silly ADD node_modules/@reactflow/core/node_modules/zustand
1009 silly ADD node_modules/@reactflow/controls
1010 silly ADD node_modules/@reactflow/controls/node_modules/zustand
1011 silly ADD node_modules/@reactflow/background
1012 silly ADD node_modules/@reactflow/background/node_modules/zustand
1013 silly ADD node_modules/safer-buffer
1014 silly ADD node_modules/motion-utils
1015 silly ADD node_modules/motion-dom
1016 silly ADD node_modules/robust-predicates
1017 silly ADD node_modules/rw
1018 silly ADD node_modules/iconv-lite
1019 silly ADD node_modules/commander
1020 silly ADD node_modules/delaunator
1021 silly ADD node_modules/internmap
1022 silly ADD node_modules/d3-zoom
1023 silly ADD node_modules/d3-transition
1024 silly ADD node_modules/d3-timer
1025 silly ADD node_modules/d3-time-format
1026 silly ADD node_modules/d3-time
1027 silly ADD node_modules/d3-shape
1028 silly ADD node_modules/d3-selection
1029 silly ADD node_modules/d3-scale-chromatic
1030 silly ADD node_modules/d3-scale
1031 silly ADD node_modules/d3-random
1032 silly ADD node_modules/d3-quadtree
1033 silly ADD node_modules/d3-polygon
1034 silly ADD node_modules/d3-path
1035 silly ADD node_modules/d3-interpolate
1036 silly ADD node_modules/d3-hierarchy
1037 silly ADD node_modules/d3-geo
1038 silly ADD node_modules/d3-format
1039 silly ADD node_modules/d3-force
1040 silly ADD node_modules/d3-fetch
1041 silly ADD node_modules/d3-ease
1042 silly ADD node_modules/d3-dsv
1043 silly ADD node_modules/d3-drag
1044 silly ADD node_modules/d3-dispatch
1045 silly ADD node_modules/d3-delaunay
1046 silly ADD node_modules/d3-contour
1047 silly ADD node_modules/d3-color
1048 silly ADD node_modules/d3-chord
1049 silly ADD node_modules/d3-brush
1050 silly ADD node_modules/d3-axis
1051 silly ADD node_modules/d3-array
1052 silly ADD node_modules/zustand
1053 silly ADD node_modules/reactflow
1054 silly ADD node_modules/lucide-react
1055 silly ADD node_modules/framer-motion
1056 silly ADD node_modules/d3
1057 silly ADD
1058 silly ADD
1059 silly ADD
1060 silly ADD
1061 silly ADD
1062 silly ADD
1063 silly ADD
1064 silly ADD
1065 silly ADD
1066 silly ADD
1067 silly ADD
1068 silly ADD
1069 silly ADD
1070 silly ADD
1071 silly ADD
1072 silly ADD
1073 silly ADD
1074 silly ADD
1075 silly ADD
1076 silly ADD
1077 silly ADD
1078 silly ADD
1079 silly ADD
1080 silly ADD
1081 silly ADD
1082 silly ADD
1083 silly ADD
1084 silly ADD
1085 silly ADD
1086 silly ADD
1087 silly ADD
1088 silly ADD
1089 silly ADD
1090 silly ADD
1091 silly ADD
1092 silly ADD
1093 silly ADD
1094 silly ADD
1095 silly ADD
1096 silly ADD
1097 silly ADD
1098 silly ADD
1099 silly ADD
1100 silly ADD
1101 silly ADD
1102 silly ADD
1103 silly ADD
1104 silly ADD
1105 silly ADD
1106 silly ADD
1107 silly ADD
1108 silly ADD
1109 silly ADD
1110 silly ADD
1111 verbose cwd /Users/jungsikbyun/Documents/뉴스피드
1112 verbose os Darwin 24.6.0
1113 verbose node v22.17.0
1114 verbose npm  v10.9.2
1115 verbose exit 0
1116 info ok
