0 verbose cli /usr/local/bin/node /usr/local/bin/npm
1 info using npm@10.9.2
2 info using node@v22.17.0
3 silly config load:file:/usr/local/lib/node_modules/npm/npmrc
4 silly config load:file:/Users/jungsikbyun/Documents/뉴스피드/.npmrc
5 silly config load:file:/Users/jungsikbyun/.npmrc
6 silly config load:file:/usr/local/etc/npmrc
7 verbose title npm install vitest @testing-library/react @playwright/test
8 verbose argv "install" "--save-dev" "vitest" "@testing-library/react" "@playwright/test" "--cache" ".npm-cache" "--force"
9 verbose logfile logs-max:10 dir:/Users/jungsikbyun/Documents/뉴스피드/.npm-cache/_logs/2026-05-30T21_28_21_312Z-
10 verbose logfile /Users/jungsikbyun/Documents/뉴스피드/.npm-cache/_logs/2026-05-30T21_28_21_312Z-debug-0.log
11 warn using --force Recommended protections disabled.
12 silly logfile done cleaning log files
13 silly packumentCache heap:4345298944 maxSize:1086324736 maxEntrySize:543162368
14 silly idealTree buildDeps
15 silly fetch manifest vitest@*
16 silly packumentCache full:https://registry.npmjs.org/vitest cache-miss
17 http fetch GET 200 https://registry.npmjs.org/vitest 240ms (cache miss)
18 silly packumentCache full:https://registry.npmjs.org/vitest set size:undefined disposed:false
19 silly fetch manifest @edge-runtime/vm@*
20 silly packumentCache full:https://registry.npmjs.org/@edge-runtime%2fvm cache-miss
21 http fetch GET 200 https://registry.npmjs.org/@edge-runtime%2fvm 74ms (cache miss)
22 silly packumentCache full:https://registry.npmjs.org/@edge-runtime%2fvm set size:undefined disposed:false
23 silly fetch manifest @opentelemetry/api@^1.9.0
24 silly packumentCache full:https://registry.npmjs.org/@opentelemetry%2fapi cache-miss
25 http cache https://registry.npmjs.org/@opentelemetry%2fapi 4ms (cache hit)
26 silly packumentCache full:https://registry.npmjs.org/@opentelemetry%2fapi set size:272967 disposed:false
27 silly fetch manifest @types/node@^25.9.1
28 silly packumentCache full:https://registry.npmjs.org/@types%2fnode cache-miss
29 http cache https://registry.npmjs.org/@types%2fnode 14ms (cache hit)
30 silly packumentCache full:https://registry.npmjs.org/@types%2fnode set size:11015753 disposed:false
31 silly fetch manifest @vitest/browser-playwright@4.1.7
32 silly packumentCache full:https://registry.npmjs.org/@vitest%2fbrowser-playwright cache-miss
33 http fetch GET 200 https://registry.npmjs.org/@vitest%2fbrowser-playwright 67ms (cache miss)
34 silly packumentCache full:https://registry.npmjs.org/@vitest%2fbrowser-playwright set size:undefined disposed:false
35 silly fetch manifest playwright@*
36 silly packumentCache full:https://registry.npmjs.org/playwright cache-miss
37 http fetch GET 200 https://registry.npmjs.org/playwright 429ms (cache miss)
38 silly packumentCache full:https://registry.npmjs.org/playwright set size:undefined disposed:false
39 silly fetch manifest @vitest/browser-preview@4.1.7
40 silly packumentCache full:https://registry.npmjs.org/@vitest%2fbrowser-preview cache-miss
41 http fetch GET 200 https://registry.npmjs.org/@vitest%2fbrowser-preview 170ms (cache miss)
42 silly packumentCache full:https://registry.npmjs.org/@vitest%2fbrowser-preview set size:undefined disposed:false
43 silly fetch manifest @vitest/browser-webdriverio@4.1.7
44 silly packumentCache full:https://registry.npmjs.org/@vitest%2fbrowser-webdriverio cache-miss
45 http fetch GET 200 https://registry.npmjs.org/@vitest%2fbrowser-webdriverio 58ms (cache miss)
46 silly packumentCache full:https://registry.npmjs.org/@vitest%2fbrowser-webdriverio set size:undefined disposed:false
47 silly fetch manifest webdriverio@*
48 silly packumentCache full:https://registry.npmjs.org/webdriverio cache-miss
49 http fetch GET 200 https://registry.npmjs.org/webdriverio 111ms (cache miss)
50 silly packumentCache full:https://registry.npmjs.org/webdriverio set size:undefined disposed:false
51 silly fetch manifest puppeteer-core@>=22.x || <=24.x
52 silly packumentCache full:https://registry.npmjs.org/puppeteer-core cache-miss
53 http fetch GET 200 https://registry.npmjs.org/puppeteer-core 78ms (cache miss)
54 silly packumentCache full:https://registry.npmjs.org/puppeteer-core set size:undefined disposed:false
55 silly fetch manifest @vitest/coverage-istanbul@4.1.7
56 silly packumentCache full:https://registry.npmjs.org/@vitest%2fcoverage-istanbul cache-miss
57 http fetch GET 200 https://registry.npmjs.org/@vitest%2fcoverage-istanbul 79ms (cache miss)
58 silly packumentCache full:https://registry.npmjs.org/@vitest%2fcoverage-istanbul set size:undefined disposed:false
59 silly fetch manifest @vitest/coverage-v8@4.1.7
60 silly packumentCache full:https://registry.npmjs.org/@vitest%2fcoverage-v8 cache-miss
61 http fetch GET 200 https://registry.npmjs.org/@vitest%2fcoverage-v8 70ms (cache miss)
62 silly packumentCache full:https://registry.npmjs.org/@vitest%2fcoverage-v8 set size:undefined disposed:false
63 silly fetch manifest @vitest/browser@4.1.7
64 silly packumentCache full:https://registry.npmjs.org/@vitest%2fbrowser cache-miss
65 http fetch GET 200 https://registry.npmjs.org/@vitest%2fbrowser 83ms (cache miss)
66 silly packumentCache full:https://registry.npmjs.org/@vitest%2fbrowser set size:undefined disposed:false
67 silly fetch manifest @vitest/ui@4.1.7
68 silly packumentCache full:https://registry.npmjs.org/@vitest%2fui cache-miss
69 http fetch GET 200 https://registry.npmjs.org/@vitest%2fui 94ms (cache miss)
70 silly packumentCache full:https://registry.npmjs.org/@vitest%2fui set size:undefined disposed:false
71 silly fetch manifest happy-dom@*
72 silly packumentCache full:https://registry.npmjs.org/happy-dom cache-miss
73 http fetch GET 200 https://registry.npmjs.org/happy-dom 117ms (cache miss)
74 silly packumentCache full:https://registry.npmjs.org/happy-dom set size:undefined disposed:false
75 silly fetch manifest jsdom@*
76 silly packumentCache full:https://registry.npmjs.org/jsdom cache-miss
77 http fetch GET 200 https://registry.npmjs.org/jsdom 62ms (cache miss)
78 silly packumentCache full:https://registry.npmjs.org/jsdom set size:undefined disposed:false
79 silly fetch manifest canvas@^3.0.0
80 silly packumentCache full:https://registry.npmjs.org/canvas cache-miss
81 http fetch GET 200 https://registry.npmjs.org/canvas 50ms (cache miss)
82 silly packumentCache full:https://registry.npmjs.org/canvas set size:undefined disposed:false
83 silly fetch manifest @testing-library/react@*
84 silly packumentCache full:https://registry.npmjs.org/@testing-library%2freact cache-miss
85 http fetch GET 200 https://registry.npmjs.org/@testing-library%2freact 94ms (cache miss)
86 silly packumentCache full:https://registry.npmjs.org/@testing-library%2freact set size:undefined disposed:false
87 silly fetch manifest @testing-library/dom@^10.0.0
88 silly packumentCache full:https://registry.npmjs.org/@testing-library%2fdom cache-miss
89 http fetch GET 200 https://registry.npmjs.org/@testing-library%2fdom 84ms (cache miss)
90 silly packumentCache full:https://registry.npmjs.org/@testing-library%2fdom set size:undefined disposed:false
91 silly fetch manifest @types/react@^19.2.15
92 silly packumentCache full:https://registry.npmjs.org/@types%2freact cache-miss
93 http cache https://registry.npmjs.org/@types%2freact 4ms (cache hit)
94 silly packumentCache full:https://registry.npmjs.org/@types%2freact set size:2607900 disposed:false
95 silly fetch manifest @types/react-dom@^19.2.3
96 silly packumentCache full:https://registry.npmjs.org/@types%2freact-dom cache-miss
97 http cache https://registry.npmjs.org/@types%2freact-dom 2ms (cache hit)
98 silly packumentCache full:https://registry.npmjs.org/@types%2freact-dom set size:429026 disposed:false
99 silly fetch manifest react@^19.2.6
100 silly packumentCache full:https://registry.npmjs.org/react cache-miss
101 http cache https://registry.npmjs.org/react 8ms (cache hit)
102 silly packumentCache full:https://registry.npmjs.org/react set size:6668742 disposed:false
103 silly fetch manifest react-dom@^19.2.6
104 silly packumentCache full:https://registry.npmjs.org/react-dom cache-miss
105 http cache https://registry.npmjs.org/react-dom 13ms (cache hit)
106 silly packumentCache full:https://registry.npmjs.org/react-dom set size:8898222 disposed:false
107 silly fetch manifest @playwright/test@*
108 silly packumentCache full:https://registry.npmjs.org/@playwright%2ftest cache-miss
109 http cache https://registry.npmjs.org/@playwright%2ftest 15ms (cache hit)
110 silly packumentCache full:https://registry.npmjs.org/@playwright%2ftest set size:9166728 disposed:false
111 silly placeDep ROOT @playwright/test@1.60.0 OK for: newsfeed-app@0.1.0 want: *
112 silly placeDep ROOT @testing-library/react@16.3.2 OK for: newsfeed-app@0.1.0 want: *
113 silly placeDep ROOT @testing-library/dom@10.4.1 OK for: @testing-library/react@16.3.2 want: ^10.0.0
114 silly placeDep ROOT vitest@4.1.7 OK for: newsfeed-app@0.1.0 want: *
115 silly fetch manifest playwright@1.60.0
116 silly packumentCache full:https://registry.npmjs.org/playwright cache-miss
117 silly fetch manifest @babel/runtime@^7.12.5
118 silly packumentCache full:https://registry.npmjs.org/@babel%2fruntime cache-miss
119 silly fetch manifest lz-string@^1.5.0
120 silly packumentCache full:https://registry.npmjs.org/lz-string cache-miss
121 silly fetch manifest aria-query@5.3.0
122 silly packumentCache full:https://registry.npmjs.org/aria-query cache-miss
123 silly fetch manifest pretty-format@^27.0.2
124 silly packumentCache full:https://registry.npmjs.org/pretty-format cache-miss
125 silly fetch manifest @babel/runtime@^7.12.5
126 silly packumentCache full:https://registry.npmjs.org/@babel%2fruntime cache-miss
127 silly fetch manifest @types/aria-query@^5.0.1
128 silly packumentCache full:https://registry.npmjs.org/@types%2faria-query cache-miss
129 silly fetch manifest dom-accessibility-api@^0.5.9
130 silly packumentCache full:https://registry.npmjs.org/dom-accessibility-api cache-miss
131 silly fetch manifest es-module-lexer@^2.0.0
132 silly packumentCache full:https://registry.npmjs.org/es-module-lexer cache-miss
133 silly fetch manifest expect-type@^1.3.0
134 silly packumentCache full:https://registry.npmjs.org/expect-type cache-miss
135 silly fetch manifest magic-string@^0.30.21
136 silly packumentCache full:https://registry.npmjs.org/magic-string cache-miss
137 silly fetch manifest obug@^2.1.1
138 silly packumentCache full:https://registry.npmjs.org/obug cache-miss
139 silly fetch manifest pathe@^2.0.3
140 silly packumentCache full:https://registry.npmjs.org/pathe cache-miss
141 http cache https://registry.npmjs.org/aria-query 13ms (cache hit)
142 silly packumentCache full:https://registry.npmjs.org/aria-query set size:98864 disposed:false
143 silly fetch manifest picomatch@^4.0.3
144 silly packumentCache full:https://registry.npmjs.org/picomatch cache-miss
145 http cache https://registry.npmjs.org/playwright 30ms (cache hit)
146 silly packumentCache full:https://registry.npmjs.org/playwright set size:16310409 disposed:false
147 silly fetch manifest std-env@^4.0.0-rc.1
148 silly packumentCache full:https://registry.npmjs.org/std-env cache-miss
149 http cache https://registry.npmjs.org/picomatch 78ms (cache hit)
150 silly packumentCache full:https://registry.npmjs.org/picomatch set size:126376 disposed:false
151 silly fetch manifest tinybench@^2.9.0
152 silly packumentCache full:https://registry.npmjs.org/tinybench cache-miss
153 http fetch GET 200 https://registry.npmjs.org/@babel%2fruntime 160ms (cache miss)
154 silly packumentCache full:https://registry.npmjs.org/@babel%2fruntime set size:undefined disposed:false
155 silly fetch manifest tinyexec@^1.0.2
156 silly packumentCache full:https://registry.npmjs.org/tinyexec cache-miss
157 http fetch GET 200 https://registry.npmjs.org/dom-accessibility-api 197ms (cache miss)
158 silly packumentCache full:https://registry.npmjs.org/dom-accessibility-api set size:undefined disposed:false
159 silly fetch manifest tinyrainbow@^3.1.0
160 silly packumentCache full:https://registry.npmjs.org/tinyrainbow cache-miss
161 http fetch GET 200 https://registry.npmjs.org/tinyexec 41ms (cache miss)
162 silly packumentCache full:https://registry.npmjs.org/tinyexec set size:undefined disposed:false
163 silly fetch manifest vite@^6.0.0 || ^7.0.0 || ^8.0.0
164 silly packumentCache full:https://registry.npmjs.org/vite cache-miss
165 http fetch GET 200 https://registry.npmjs.org/es-module-lexer 214ms (cache miss)
166 silly packumentCache full:https://registry.npmjs.org/es-module-lexer set size:undefined disposed:false
167 silly fetch manifest why-is-node-running@^2.3.0
168 silly packumentCache full:https://registry.npmjs.org/why-is-node-running cache-miss
169 http fetch GET 200 https://registry.npmjs.org/lz-string 220ms (cache miss)
170 silly packumentCache full:https://registry.npmjs.org/lz-string set size:undefined disposed:false
171 silly fetch manifest @vitest/pretty-format@4.1.7
172 silly packumentCache full:https://registry.npmjs.org/@vitest%2fpretty-format cache-miss
173 http fetch GET 200 https://registry.npmjs.org/pretty-format 226ms (cache miss)
174 silly packumentCache full:https://registry.npmjs.org/pretty-format set size:undefined disposed:false
175 silly fetch manifest @vitest/expect@4.1.7
176 silly packumentCache full:https://registry.npmjs.org/@vitest%2fexpect cache-miss
177 http fetch GET 200 https://registry.npmjs.org/expect-type 235ms (cache miss)
178 silly packumentCache full:https://registry.npmjs.org/expect-type set size:undefined disposed:false
179 silly fetch manifest @vitest/runner@4.1.7
180 silly packumentCache full:https://registry.npmjs.org/@vitest%2frunner cache-miss
181 http fetch GET 200 https://registry.npmjs.org/obug 237ms (cache miss)
182 silly packumentCache full:https://registry.npmjs.org/obug set size:undefined disposed:false
183 silly fetch manifest @vitest/spy@4.1.7
184 silly packumentCache full:https://registry.npmjs.org/@vitest%2fspy cache-miss
185 http fetch GET 200 https://registry.npmjs.org/std-env 156ms (cache miss)
186 silly packumentCache full:https://registry.npmjs.org/std-env set size:undefined disposed:false
187 silly fetch manifest @vitest/mocker@4.1.7
188 silly packumentCache full:https://registry.npmjs.org/@vitest%2fmocker cache-miss
189 http fetch GET 200 https://registry.npmjs.org/tinybench 157ms (cache miss)
190 silly packumentCache full:https://registry.npmjs.org/tinybench set size:undefined disposed:false
191 silly fetch manifest @vitest/snapshot@4.1.7
192 silly packumentCache full:https://registry.npmjs.org/@vitest%2fsnapshot cache-miss
193 http fetch GET 200 https://registry.npmjs.org/magic-string 256ms (cache miss)
194 silly packumentCache full:https://registry.npmjs.org/magic-string set size:undefined disposed:false
195 silly fetch manifest @vitest/utils@4.1.7
196 silly packumentCache full:https://registry.npmjs.org/@vitest%2futils cache-miss
197 http fetch GET 200 https://registry.npmjs.org/pathe 258ms (cache miss)
198 silly packumentCache full:https://registry.npmjs.org/pathe set size:undefined disposed:false
199 http fetch GET 200 https://registry.npmjs.org/@types%2faria-query 260ms (cache miss)
200 silly packumentCache full:https://registry.npmjs.org/@types%2faria-query set size:undefined disposed:false
201 http fetch GET 200 https://registry.npmjs.org/@vitest%2fexpect 66ms (cache miss)
202 silly packumentCache full:https://registry.npmjs.org/@vitest%2fexpect set size:undefined disposed:false
203 http fetch GET 200 https://registry.npmjs.org/tinyrainbow 100ms (cache miss)
204 silly packumentCache full:https://registry.npmjs.org/tinyrainbow set size:undefined disposed:false
205 http fetch GET 200 https://registry.npmjs.org/why-is-node-running 89ms (cache miss)
206 silly packumentCache full:https://registry.npmjs.org/why-is-node-running set size:undefined disposed:false
207 http fetch GET 200 https://registry.npmjs.org/@vitest%2frunner 99ms (cache miss)
208 silly packumentCache full:https://registry.npmjs.org/@vitest%2frunner set size:undefined disposed:false
209 http fetch GET 200 https://registry.npmjs.org/@babel%2fruntime 345ms (cache miss)
210 silly packumentCache full:https://registry.npmjs.org/@babel%2fruntime set size:undefined disposed:false
211 http fetch GET 200 https://registry.npmjs.org/@vitest%2fpretty-format 141ms (cache miss)
212 silly packumentCache full:https://registry.npmjs.org/@vitest%2fpretty-format set size:undefined disposed:false
213 http fetch GET 200 https://registry.npmjs.org/@vitest%2fmocker 122ms (cache miss)
214 silly packumentCache full:https://registry.npmjs.org/@vitest%2fmocker set size:undefined disposed:false
215 http fetch GET 200 https://registry.npmjs.org/@vitest%2futils 112ms (cache miss)
216 silly packumentCache full:https://registry.npmjs.org/@vitest%2futils set size:undefined disposed:false
217 http fetch GET 200 https://registry.npmjs.org/@vitest%2fsnapshot 121ms (cache miss)
218 silly packumentCache full:https://registry.npmjs.org/@vitest%2fsnapshot set size:undefined disposed:false
219 http fetch GET 200 https://registry.npmjs.org/@vitest%2fspy 137ms (cache miss)
220 silly packumentCache full:https://registry.npmjs.org/@vitest%2fspy set size:undefined disposed:false
221 http fetch GET 200 https://registry.npmjs.org/vite 1477ms (cache miss)
222 silly packumentCache full:https://registry.npmjs.org/vite set size:undefined disposed:false
223 silly placeDep ROOT playwright@1.60.0 OK for: @playwright/test@1.60.0 want: 1.60.0
224 silly fetch manifest playwright-core@1.60.0
225 silly packumentCache full:https://registry.npmjs.org/playwright-core cache-miss
226 silly fetch manifest fsevents@2.3.2
227 silly packumentCache full:https://registry.npmjs.org/fsevents cache-miss
228 http fetch GET 200 https://registry.npmjs.org/fsevents 55ms (cache miss)
229 silly packumentCache full:https://registry.npmjs.org/fsevents set size:undefined disposed:false
230 http fetch GET 200 https://registry.npmjs.org/playwright-core 364ms (cache miss)
231 silly packumentCache full:https://registry.npmjs.org/playwright-core set size:undefined disposed:false
232 silly placeDep ROOT @babel/runtime@7.29.7 OK for: @testing-library/dom@10.4.1 want: ^7.12.5
233 silly placeDep ROOT @types/aria-query@5.0.4 OK for: @testing-library/dom@10.4.1 want: ^5.0.1
234 silly placeDep node_modules/@testing-library/dom aria-query@5.3.0 OK for: @testing-library/dom@10.4.1 want: 5.3.0
235 silly placeDep ROOT dom-accessibility-api@0.5.16 OK for: @testing-library/dom@10.4.1 want: ^0.5.9
236 silly placeDep ROOT lz-string@1.5.0 OK for: @testing-library/dom@10.4.1 want: ^1.5.0
237 silly placeDep ROOT pretty-format@27.5.1 OK for: @testing-library/dom@10.4.1 want: ^27.0.2
238 silly fetch manifest dequal@^2.0.3
239 silly packumentCache full:https://registry.npmjs.org/dequal cache-miss
240 silly fetch manifest react-is@^17.0.1
241 silly packumentCache full:https://registry.npmjs.org/react-is cache-miss
242 silly fetch manifest ansi-regex@^5.0.1
243 silly packumentCache full:https://registry.npmjs.org/ansi-regex cache-miss
244 silly fetch manifest ansi-styles@^5.0.0
245 silly packumentCache full:https://registry.npmjs.org/ansi-styles cache-miss
246 http cache https://registry.npmjs.org/ansi-styles 6ms (cache hit)
247 silly packumentCache full:https://registry.npmjs.org/ansi-styles set size:63233 disposed:false
248 http cache https://registry.npmjs.org/react-is 11ms (cache hit)
249 silly packumentCache full:https://registry.npmjs.org/react-is set size:5395545 disposed:false
250 http fetch GET 200 https://registry.npmjs.org/dequal 39ms (cache miss)
251 silly packumentCache full:https://registry.npmjs.org/dequal set size:undefined disposed:false
252 http fetch GET 200 https://registry.npmjs.org/ansi-regex 40ms (cache miss)
253 silly packumentCache full:https://registry.npmjs.org/ansi-regex set size:undefined disposed:false
254 silly placeDep ROOT fsevents@2.3.2 OK for: playwright@1.60.0 want: 2.3.2
255 silly placeDep ROOT playwright-core@1.60.0 OK for: playwright@1.60.0 want: 1.60.0
256 silly placeDep ROOT ansi-regex@5.0.1 OK for: pretty-format@27.5.1 want: ^5.0.1
257 silly placeDep node_modules/pretty-format ansi-styles@5.2.0 OK for: pretty-format@27.5.1 want: ^5.0.0
258 silly placeDep node_modules/pretty-format react-is@17.0.2 OK for: pretty-format@27.5.1 want: ^17.0.1
259 silly fetch manifest @types/node@^20.0.0 || ^22.0.0 || >=24.0.0
260 silly packumentCache full:https://registry.npmjs.org/@types%2fnode cache-miss
261 http cache https://registry.npmjs.org/@types%2fnode 12ms (cache hit)
262 silly packumentCache full:https://registry.npmjs.org/@types%2fnode set size:11015753 disposed:false
263 silly fetch manifest @vitejs/devtools@^0.1.18
264 silly packumentCache full:https://registry.npmjs.org/@vitejs%2fdevtools cache-miss
265 http fetch GET 200 https://registry.npmjs.org/@vitejs%2fdevtools 68ms (cache miss)
266 silly packumentCache full:https://registry.npmjs.org/@vitejs%2fdevtools set size:undefined disposed:false
267 silly fetch manifest esbuild@^0.27.0 || ^0.28.0
268 silly packumentCache full:https://registry.npmjs.org/esbuild cache-miss
269 http fetch GET 200 https://registry.npmjs.org/esbuild 116ms (cache miss)
270 silly packumentCache full:https://registry.npmjs.org/esbuild set size:undefined disposed:false
271 silly fetch manifest jiti@>=1.21.0
272 silly packumentCache full:https://registry.npmjs.org/jiti cache-miss
273 http cache https://registry.npmjs.org/jiti 2ms (cache hit)
274 silly packumentCache full:https://registry.npmjs.org/jiti set size:387989 disposed:false
275 silly fetch manifest less@^4.0.0
276 silly packumentCache full:https://registry.npmjs.org/less cache-miss
277 http fetch GET 200 https://registry.npmjs.org/less 49ms (cache miss)
278 silly packumentCache full:https://registry.npmjs.org/less set size:undefined disposed:false
279 silly fetch manifest sass@^1.70.0
280 silly packumentCache full:https://registry.npmjs.org/sass cache-miss
281 http cache https://registry.npmjs.org/sass 2ms (cache hit)
282 silly packumentCache full:https://registry.npmjs.org/sass set size:728345 disposed:false
283 silly fetch manifest sass-embedded@^1.70.0
284 silly packumentCache full:https://registry.npmjs.org/sass-embedded cache-miss
285 http fetch GET 200 https://registry.npmjs.org/sass-embedded 60ms (cache miss)
286 silly packumentCache full:https://registry.npmjs.org/sass-embedded set size:undefined disposed:false
287 silly fetch manifest stylus@>=0.54.8
288 silly packumentCache full:https://registry.npmjs.org/stylus cache-miss
289 http fetch GET 200 https://registry.npmjs.org/stylus 40ms (cache miss)
290 silly packumentCache full:https://registry.npmjs.org/stylus set size:undefined disposed:false
291 silly fetch manifest sugarss@^5.0.0
292 silly packumentCache full:https://registry.npmjs.org/sugarss cache-miss
293 http fetch GET 200 https://registry.npmjs.org/sugarss 38ms (cache miss)
294 silly packumentCache full:https://registry.npmjs.org/sugarss set size:undefined disposed:false
295 silly fetch manifest postcss@^8.3.3
296 silly packumentCache full:https://registry.npmjs.org/postcss cache-miss
297 http cache https://registry.npmjs.org/postcss 2ms (cache hit)
298 silly packumentCache full:https://registry.npmjs.org/postcss set size:723316 disposed:false
299 silly fetch manifest terser@^5.16.0
300 silly packumentCache full:https://registry.npmjs.org/terser cache-miss
301 http fetch GET 200 https://registry.npmjs.org/terser 65ms (cache miss)
302 silly packumentCache full:https://registry.npmjs.org/terser set size:undefined disposed:false
303 silly fetch manifest tsx@^4.8.1
304 silly packumentCache full:https://registry.npmjs.org/tsx cache-miss
305 http fetch GET 200 https://registry.npmjs.org/tsx 74ms (cache miss)
306 silly packumentCache full:https://registry.npmjs.org/tsx set size:undefined disposed:false
307 silly fetch manifest yaml@^2.4.2
308 silly packumentCache full:https://registry.npmjs.org/yaml cache-miss
309 http fetch GET 200 https://registry.npmjs.org/yaml 52ms (cache miss)
310 silly packumentCache full:https://registry.npmjs.org/yaml set size:undefined disposed:false
311 silly fetch manifest msw@^2.4.9
312 silly packumentCache full:https://registry.npmjs.org/msw cache-miss
313 http fetch GET 200 https://registry.npmjs.org/msw 121ms (cache miss)
314 silly packumentCache full:https://registry.npmjs.org/msw set size:undefined disposed:false
315 silly fetch manifest typescript@>= 4.8.x
316 silly packumentCache full:https://registry.npmjs.org/typescript cache-miss
317 http cache https://registry.npmjs.org/typescript 18ms (cache hit)
318 silly packumentCache full:https://registry.npmjs.org/typescript set size:15409943 disposed:false
319 silly placeDep ROOT @vitest/expect@4.1.7 OK for: vitest@4.1.7 want: 4.1.7
320 silly placeDep ROOT @vitest/mocker@4.1.7 OK for: vitest@4.1.7 want: 4.1.7
321 silly placeDep ROOT @vitest/pretty-format@4.1.7 OK for: vitest@4.1.7 want: 4.1.7
322 silly placeDep ROOT @vitest/runner@4.1.7 OK for: vitest@4.1.7 want: 4.1.7
323 silly placeDep ROOT @vitest/snapshot@4.1.7 OK for: vitest@4.1.7 want: 4.1.7
324 silly placeDep ROOT @vitest/spy@4.1.7 OK for: vitest@4.1.7 want: 4.1.7
325 silly placeDep ROOT @vitest/utils@4.1.7 OK for: vitest@4.1.7 want: 4.1.7
326 silly placeDep ROOT es-module-lexer@2.1.0 OK for: vitest@4.1.7 want: ^2.0.0
327 silly placeDep ROOT expect-type@1.3.0 OK for: vitest@4.1.7 want: ^1.3.0
328 silly placeDep ROOT magic-string@0.30.21 OK for: vitest@4.1.7 want: ^0.30.21
329 silly placeDep ROOT obug@2.1.1 OK for: vitest@4.1.7 want: ^2.1.1
330 silly placeDep ROOT pathe@2.0.3 OK for: vitest@4.1.7 want: ^2.0.3
331 silly placeDep node_modules/vitest picomatch@4.0.4 OK for: vitest@4.1.7 want: ^4.0.3
332 silly placeDep ROOT std-env@4.1.0 OK for: vitest@4.1.7 want: ^4.0.0-rc.1
333 silly placeDep ROOT tinybench@2.9.0 OK for: vitest@4.1.7 want: ^2.9.0
334 silly placeDep ROOT tinyexec@1.2.3 OK for: vitest@4.1.7 want: ^1.0.2
335 silly placeDep ROOT tinyrainbow@3.1.0 OK for: vitest@4.1.7 want: ^3.1.0
336 silly placeDep ROOT vite@8.0.14 OK for: vitest@4.1.7 want: ^6.0.0 || ^7.0.0 || ^8.0.0
337 silly placeDep ROOT why-is-node-running@2.3.0 OK for: vitest@4.1.7 want: ^2.3.0
338 silly fetch manifest @standard-schema/spec@^1.1.0
339 silly packumentCache full:https://registry.npmjs.org/@standard-schema%2fspec cache-miss
340 silly fetch manifest @types/chai@^5.2.2
341 silly packumentCache full:https://registry.npmjs.org/@types%2fchai cache-miss
342 silly fetch manifest chai@^6.2.2
343 silly packumentCache full:https://registry.npmjs.org/chai cache-miss
344 silly fetch manifest estree-walker@^3.0.3
345 silly packumentCache full:https://registry.npmjs.org/estree-walker cache-miss
346 silly fetch manifest lightningcss@^1.32.0
347 silly packumentCache full:https://registry.npmjs.org/lightningcss cache-miss
348 silly fetch manifest picomatch@^4.0.4
349 silly packumentCache full:https://registry.npmjs.org/picomatch cache-hit
350 silly fetch manifest rolldown@1.0.2
351 silly packumentCache full:https://registry.npmjs.org/rolldown cache-miss
352 silly fetch manifest fsevents@~2.3.3
353 silly packumentCache full:https://registry.npmjs.org/fsevents cache-miss
354 silly fetch manifest siginfo@^2.0.0
355 silly packumentCache full:https://registry.npmjs.org/siginfo cache-miss
356 silly fetch manifest stackback@0.0.2
357 silly packumentCache full:https://registry.npmjs.org/stackback cache-miss
358 http cache https://registry.npmjs.org/fsevents 4ms (cache hit)
359 silly packumentCache full:https://registry.npmjs.org/fsevents set size:182472 disposed:false
360 http fetch GET 200 https://registry.npmjs.org/stackback 44ms (cache miss)
361 silly packumentCache full:https://registry.npmjs.org/stackback set size:undefined disposed:false
362 http fetch GET 200 https://registry.npmjs.org/estree-walker 48ms (cache miss)
363 silly packumentCache full:https://registry.npmjs.org/estree-walker set size:undefined disposed:false
364 http fetch GET 200 https://registry.npmjs.org/siginfo 56ms (cache miss)
365 silly packumentCache full:https://registry.npmjs.org/siginfo set size:undefined disposed:false
366 http fetch GET 200 https://registry.npmjs.org/@standard-schema%2fspec 59ms (cache miss)
367 silly packumentCache full:https://registry.npmjs.org/@standard-schema%2fspec set size:undefined disposed:false
368 http fetch GET 200 https://registry.npmjs.org/chai 60ms (cache miss)
369 silly packumentCache full:https://registry.npmjs.org/chai set size:undefined disposed:false
370 http fetch GET 200 https://registry.npmjs.org/lightningcss 58ms (cache miss)
371 silly packumentCache full:https://registry.npmjs.org/lightningcss set size:undefined disposed:false
372 http fetch GET 200 https://registry.npmjs.org/@types%2fchai 62ms (cache miss)
373 silly packumentCache full:https://registry.npmjs.org/@types%2fchai set size:undefined disposed:false
374 http fetch GET 200 https://registry.npmjs.org/rolldown 103ms (cache miss)
375 silly packumentCache full:https://registry.npmjs.org/rolldown set size:undefined disposed:false
376 silly placeDep ROOT @standard-schema/spec@1.1.0 OK for: @vitest/expect@4.1.7 want: ^1.1.0
377 silly placeDep ROOT @types/chai@5.2.3 OK for: @vitest/expect@4.1.7 want: ^5.2.2
378 silly placeDep ROOT chai@6.2.2 OK for: @vitest/expect@4.1.7 want: ^6.2.2
379 silly fetch manifest @types/deep-eql@*
380 silly packumentCache full:https://registry.npmjs.org/@types%2fdeep-eql cache-miss
381 silly fetch manifest assertion-error@^2.0.1
382 silly packumentCache full:https://registry.npmjs.org/assertion-error cache-miss
383 http fetch GET 200 https://registry.npmjs.org/assertion-error 36ms (cache miss)
384 silly packumentCache full:https://registry.npmjs.org/assertion-error set size:undefined disposed:false
385 http fetch GET 200 https://registry.npmjs.org/@types%2fdeep-eql 40ms (cache miss)
386 silly packumentCache full:https://registry.npmjs.org/@types%2fdeep-eql set size:undefined disposed:false
387 silly placeDep ROOT @types/deep-eql@4.0.2 OK for: @types/chai@5.2.3 want: *
388 silly placeDep ROOT assertion-error@2.0.1 OK for: @types/chai@5.2.3 want: ^2.0.1
389 silly placeDep ROOT estree-walker@3.0.3 OK for: @vitest/mocker@4.1.7 want: ^3.0.3
390 silly placeDep node_modules/vite fsevents@2.3.3 OK for: vite@8.0.14 want: ~2.3.3
391 silly placeDep ROOT lightningcss@1.32.0 OK for: vite@8.0.14 want: ^1.32.0
392 silly placeDep node_modules/vite picomatch@4.0.4 OK for: vite@8.0.14 want: ^4.0.4
393 silly placeDep ROOT rolldown@1.0.2 OK for: vite@8.0.14 want: 1.0.2
394 silly fetch manifest lightningcss-darwin-x64@1.32.0
395 silly packumentCache full:https://registry.npmjs.org/lightningcss-darwin-x64 cache-miss
396 silly fetch manifest lightningcss-linux-x64-gnu@1.32.0
397 silly packumentCache full:https://registry.npmjs.org/lightningcss-linux-x64-gnu cache-miss
398 silly fetch manifest lightningcss-win32-x64-msvc@1.32.0
399 silly packumentCache full:https://registry.npmjs.org/lightningcss-win32-x64-msvc cache-miss
400 silly fetch manifest lightningcss-win32-arm64-msvc@1.32.0
401 silly packumentCache full:https://registry.npmjs.org/lightningcss-win32-arm64-msvc cache-miss
402 silly fetch manifest lightningcss-darwin-arm64@1.32.0
403 silly packumentCache full:https://registry.npmjs.org/lightningcss-darwin-arm64 cache-miss
404 silly fetch manifest lightningcss-linux-arm64-gnu@1.32.0
405 silly packumentCache full:https://registry.npmjs.org/lightningcss-linux-arm64-gnu cache-miss
406 silly fetch manifest lightningcss-linux-arm-gnueabihf@1.32.0
407 silly packumentCache full:https://registry.npmjs.org/lightningcss-linux-arm-gnueabihf cache-miss
408 silly fetch manifest lightningcss-linux-arm64-musl@1.32.0
409 silly packumentCache full:https://registry.npmjs.org/lightningcss-linux-arm64-musl cache-miss
410 silly fetch manifest lightningcss-linux-x64-musl@1.32.0
411 silly packumentCache full:https://registry.npmjs.org/lightningcss-linux-x64-musl cache-miss
412 silly fetch manifest lightningcss-freebsd-x64@1.32.0
413 silly packumentCache full:https://registry.npmjs.org/lightningcss-freebsd-x64 cache-miss
414 silly fetch manifest lightningcss-android-arm64@1.32.0
415 silly packumentCache full:https://registry.npmjs.org/lightningcss-android-arm64 cache-miss
416 silly fetch manifest @oxc-project/types@=0.132.0
417 silly packumentCache full:https://registry.npmjs.org/@oxc-project%2ftypes cache-miss
418 silly fetch manifest @rolldown/pluginutils@^1.0.0
419 silly packumentCache full:https://registry.npmjs.org/@rolldown%2fpluginutils cache-miss
420 http fetch GET 200 https://registry.npmjs.org/lightningcss-darwin-x64 55ms (cache miss)
421 silly packumentCache full:https://registry.npmjs.org/lightningcss-darwin-x64 set size:undefined disposed:false
422 silly fetch manifest @rolldown/binding-darwin-x64@1.0.2
423 silly packumentCache full:https://registry.npmjs.org/@rolldown%2fbinding-darwin-x64 cache-miss
424 http fetch GET 200 https://registry.npmjs.org/lightningcss-win32-arm64-msvc 57ms (cache miss)
425 silly packumentCache full:https://registry.npmjs.org/lightningcss-win32-arm64-msvc set size:undefined disposed:false
426 silly fetch manifest @rolldown/binding-freebsd-x64@1.0.2
427 silly packumentCache full:https://registry.npmjs.org/@rolldown%2fbinding-freebsd-x64 cache-miss
428 http fetch GET 200 https://registry.npmjs.org/lightningcss-freebsd-x64 58ms (cache miss)
429 silly packumentCache full:https://registry.npmjs.org/lightningcss-freebsd-x64 set size:undefined disposed:false
430 silly fetch manifest @rolldown/binding-wasm32-wasi@1.0.2
431 silly packumentCache full:https://registry.npmjs.org/@rolldown%2fbinding-wasm32-wasi cache-miss
432 http fetch GET 200 https://registry.npmjs.org/lightningcss-linux-x64-musl 59ms (cache miss)
433 silly packumentCache full:https://registry.npmjs.org/lightningcss-linux-x64-musl set size:undefined disposed:false
434 silly fetch manifest @rolldown/binding-darwin-arm64@1.0.2
435 silly packumentCache full:https://registry.npmjs.org/@rolldown%2fbinding-darwin-arm64 cache-miss
436 http fetch GET 200 https://registry.npmjs.org/lightningcss-linux-arm64-gnu 61ms (cache miss)
437 silly packumentCache full:https://registry.npmjs.org/lightningcss-linux-arm64-gnu set size:undefined disposed:false
438 silly fetch manifest @rolldown/binding-android-arm64@1.0.2
439 silly packumentCache full:https://registry.npmjs.org/@rolldown%2fbinding-android-arm64 cache-miss
440 http fetch GET 200 https://registry.npmjs.org/lightningcss-linux-arm64-musl 61ms (cache miss)
441 silly packumentCache full:https://registry.npmjs.org/lightningcss-linux-arm64-musl set size:undefined disposed:false
442 silly fetch manifest @rolldown/binding-linux-x64-gnu@1.0.2
443 silly packumentCache full:https://registry.npmjs.org/@rolldown%2fbinding-linux-x64-gnu cache-miss
444 http fetch GET 200 https://registry.npmjs.org/lightningcss-darwin-arm64 62ms (cache miss)
445 silly packumentCache full:https://registry.npmjs.org/lightningcss-darwin-arm64 set size:undefined disposed:false
446 silly fetch manifest @rolldown/binding-linux-x64-musl@1.0.2
447 silly packumentCache full:https://registry.npmjs.org/@rolldown%2fbinding-linux-x64-musl cache-miss
448 http fetch GET 200 https://registry.npmjs.org/lightningcss-linux-x64-gnu 63ms (cache miss)
449 silly packumentCache full:https://registry.npmjs.org/lightningcss-linux-x64-gnu set size:undefined disposed:false
450 silly fetch manifest @rolldown/binding-win32-x64-msvc@1.0.2
451 silly packumentCache full:https://registry.npmjs.org/@rolldown%2fbinding-win32-x64-msvc cache-miss
452 http fetch GET 200 https://registry.npmjs.org/lightningcss-win32-x64-msvc 66ms (cache miss)
453 silly packumentCache full:https://registry.npmjs.org/lightningcss-win32-x64-msvc set size:undefined disposed:false
454 silly fetch manifest @rolldown/binding-linux-arm64-gnu@1.0.2
455 silly packumentCache full:https://registry.npmjs.org/@rolldown%2fbinding-linux-arm64-gnu cache-miss
456 http fetch GET 200 https://registry.npmjs.org/lightningcss-linux-arm-gnueabihf 67ms (cache miss)
457 silly packumentCache full:https://registry.npmjs.org/lightningcss-linux-arm-gnueabihf set size:undefined disposed:false
458 silly fetch manifest @rolldown/binding-linux-ppc64-gnu@1.0.2
459 silly packumentCache full:https://registry.npmjs.org/@rolldown%2fbinding-linux-ppc64-gnu cache-miss
460 http fetch GET 200 https://registry.npmjs.org/lightningcss-android-arm64 67ms (cache miss)
461 silly packumentCache full:https://registry.npmjs.org/lightningcss-android-arm64 set size:undefined disposed:false
462 silly fetch manifest @rolldown/binding-linux-s390x-gnu@1.0.2
463 silly packumentCache full:https://registry.npmjs.org/@rolldown%2fbinding-linux-s390x-gnu cache-miss
464 http fetch GET 200 https://registry.npmjs.org/@oxc-project%2ftypes 72ms (cache miss)
465 silly packumentCache full:https://registry.npmjs.org/@oxc-project%2ftypes set size:undefined disposed:false
466 silly fetch manifest @rolldown/binding-linux-arm64-musl@1.0.2
467 silly packumentCache full:https://registry.npmjs.org/@rolldown%2fbinding-linux-arm64-musl cache-miss
468 http fetch GET 200 https://registry.npmjs.org/@rolldown%2fpluginutils 73ms (cache miss)
469 silly packumentCache full:https://registry.npmjs.org/@rolldown%2fpluginutils set size:undefined disposed:false
470 silly fetch manifest @rolldown/binding-win32-arm64-msvc@1.0.2
471 silly packumentCache full:https://registry.npmjs.org/@rolldown%2fbinding-win32-arm64-msvc cache-miss
472 http fetch GET 200 https://registry.npmjs.org/@rolldown%2fbinding-android-arm64 63ms (cache miss)
473 silly packumentCache full:https://registry.npmjs.org/@rolldown%2fbinding-android-arm64 set size:undefined disposed:false
474 silly fetch manifest @rolldown/binding-openharmony-arm64@1.0.2
475 silly packumentCache full:https://registry.npmjs.org/@rolldown%2fbinding-openharmony-arm64 cache-miss
476 http fetch GET 200 https://registry.npmjs.org/@rolldown%2fbinding-linux-s390x-gnu 72ms (cache miss)
477 silly packumentCache full:https://registry.npmjs.org/@rolldown%2fbinding-linux-s390x-gnu set size:undefined disposed:false
478 silly fetch manifest @rolldown/binding-linux-arm-gnueabihf@1.0.2
479 silly packumentCache full:https://registry.npmjs.org/@rolldown%2fbinding-linux-arm-gnueabihf cache-miss
480 http fetch GET 200 https://registry.npmjs.org/@rolldown%2fbinding-linux-x64-gnu 90ms (cache miss)
481 silly packumentCache full:https://registry.npmjs.org/@rolldown%2fbinding-linux-x64-gnu set size:undefined disposed:false
482 http fetch GET 200 https://registry.npmjs.org/@rolldown%2fbinding-darwin-x64 102ms (cache miss)
483 silly packumentCache full:https://registry.npmjs.org/@rolldown%2fbinding-darwin-x64 set size:undefined disposed:false
484 http fetch GET 200 https://registry.npmjs.org/@rolldown%2fbinding-linux-ppc64-gnu 104ms (cache miss)
485 silly packumentCache full:https://registry.npmjs.org/@rolldown%2fbinding-linux-ppc64-gnu set size:undefined disposed:false
486 http fetch GET 200 https://registry.npmjs.org/@rolldown%2fbinding-wasm32-wasi 113ms (cache miss)
487 silly packumentCache full:https://registry.npmjs.org/@rolldown%2fbinding-wasm32-wasi set size:undefined disposed:false
488 http fetch GET 200 https://registry.npmjs.org/@rolldown%2fbinding-freebsd-x64 130ms (cache miss)
489 silly packumentCache full:https://registry.npmjs.org/@rolldown%2fbinding-freebsd-x64 set size:undefined disposed:false
490 http fetch GET 200 https://registry.npmjs.org/@rolldown%2fbinding-openharmony-arm64 65ms (cache miss)
491 silly packumentCache full:https://registry.npmjs.org/@rolldown%2fbinding-openharmony-arm64 set size:undefined disposed:false
492 http fetch GET 200 https://registry.npmjs.org/@rolldown%2fbinding-darwin-arm64 132ms (cache miss)
493 silly packumentCache full:https://registry.npmjs.org/@rolldown%2fbinding-darwin-arm64 set size:undefined disposed:false
494 http fetch GET 200 https://registry.npmjs.org/@rolldown%2fbinding-linux-x64-musl 134ms (cache miss)
495 silly packumentCache full:https://registry.npmjs.org/@rolldown%2fbinding-linux-x64-musl set size:undefined disposed:false
496 http fetch GET 200 https://registry.npmjs.org/@rolldown%2fbinding-linux-arm64-musl 127ms (cache miss)
497 silly packumentCache full:https://registry.npmjs.org/@rolldown%2fbinding-linux-arm64-musl set size:undefined disposed:false
498 http fetch GET 200 https://registry.npmjs.org/@rolldown%2fbinding-win32-x64-msvc 142ms (cache miss)
499 silly packumentCache full:https://registry.npmjs.org/@rolldown%2fbinding-win32-x64-msvc set size:undefined disposed:false
500 http fetch GET 200 https://registry.npmjs.org/@rolldown%2fbinding-win32-arm64-msvc 134ms (cache miss)
501 silly packumentCache full:https://registry.npmjs.org/@rolldown%2fbinding-win32-arm64-msvc set size:undefined disposed:false
502 http fetch GET 200 https://registry.npmjs.org/@rolldown%2fbinding-linux-arm64-gnu 147ms (cache miss)
503 silly packumentCache full:https://registry.npmjs.org/@rolldown%2fbinding-linux-arm64-gnu set size:undefined disposed:false
504 http fetch GET 200 https://registry.npmjs.org/@rolldown%2fbinding-linux-arm-gnueabihf 83ms (cache miss)
505 silly packumentCache full:https://registry.npmjs.org/@rolldown%2fbinding-linux-arm-gnueabihf set size:undefined disposed:false
506 silly placeDep ROOT lightningcss-android-arm64@1.32.0 OK for: lightningcss@1.32.0 want: 1.32.0
507 silly placeDep ROOT lightningcss-darwin-arm64@1.32.0 OK for: lightningcss@1.32.0 want: 1.32.0
508 silly placeDep ROOT lightningcss-darwin-x64@1.32.0 OK for: lightningcss@1.32.0 want: 1.32.0
509 silly placeDep ROOT lightningcss-freebsd-x64@1.32.0 OK for: lightningcss@1.32.0 want: 1.32.0
510 silly placeDep ROOT lightningcss-linux-arm-gnueabihf@1.32.0 OK for: lightningcss@1.32.0 want: 1.32.0
511 silly placeDep ROOT lightningcss-linux-arm64-gnu@1.32.0 OK for: lightningcss@1.32.0 want: 1.32.0
512 silly placeDep ROOT lightningcss-linux-arm64-musl@1.32.0 OK for: lightningcss@1.32.0 want: 1.32.0
513 silly placeDep ROOT lightningcss-linux-x64-gnu@1.32.0 OK for: lightningcss@1.32.0 want: 1.32.0
514 silly placeDep ROOT lightningcss-linux-x64-musl@1.32.0 OK for: lightningcss@1.32.0 want: 1.32.0
515 silly placeDep ROOT lightningcss-win32-arm64-msvc@1.32.0 OK for: lightningcss@1.32.0 want: 1.32.0
516 silly placeDep ROOT lightningcss-win32-x64-msvc@1.32.0 OK for: lightningcss@1.32.0 want: 1.32.0
517 silly placeDep ROOT @oxc-project/types@0.132.0 OK for: rolldown@1.0.2 want: =0.132.0
518 silly placeDep ROOT @rolldown/binding-android-arm64@1.0.2 OK for: rolldown@1.0.2 want: 1.0.2
519 silly placeDep ROOT @rolldown/binding-darwin-arm64@1.0.2 OK for: rolldown@1.0.2 want: 1.0.2
520 silly placeDep ROOT @rolldown/binding-darwin-x64@1.0.2 OK for: rolldown@1.0.2 want: 1.0.2
521 silly placeDep ROOT @rolldown/binding-freebsd-x64@1.0.2 OK for: rolldown@1.0.2 want: 1.0.2
522 silly placeDep ROOT @rolldown/binding-linux-arm-gnueabihf@1.0.2 OK for: rolldown@1.0.2 want: 1.0.2
523 silly placeDep ROOT @rolldown/binding-linux-arm64-gnu@1.0.2 OK for: rolldown@1.0.2 want: 1.0.2
524 silly placeDep ROOT @rolldown/binding-linux-arm64-musl@1.0.2 OK for: rolldown@1.0.2 want: 1.0.2
525 silly placeDep ROOT @rolldown/binding-linux-ppc64-gnu@1.0.2 OK for: rolldown@1.0.2 want: 1.0.2
526 silly placeDep ROOT @rolldown/binding-linux-s390x-gnu@1.0.2 OK for: rolldown@1.0.2 want: 1.0.2
527 silly placeDep ROOT @rolldown/binding-linux-x64-gnu@1.0.2 OK for: rolldown@1.0.2 want: 1.0.2
528 silly placeDep ROOT @rolldown/binding-linux-x64-musl@1.0.2 OK for: rolldown@1.0.2 want: 1.0.2
529 silly placeDep ROOT @rolldown/binding-openharmony-arm64@1.0.2 OK for: rolldown@1.0.2 want: 1.0.2
530 silly placeDep ROOT @rolldown/binding-wasm32-wasi@1.0.2 OK for: rolldown@1.0.2 want: 1.0.2
531 silly placeDep ROOT @rolldown/binding-win32-arm64-msvc@1.0.2 OK for: rolldown@1.0.2 want: 1.0.2
532 silly placeDep ROOT @rolldown/binding-win32-x64-msvc@1.0.2 OK for: rolldown@1.0.2 want: 1.0.2
533 silly placeDep ROOT @rolldown/pluginutils@1.0.1 OK for: rolldown@1.0.2 want: ^1.0.0
534 silly placeDep ROOT siginfo@2.0.0 OK for: why-is-node-running@2.3.0 want: ^2.0.0
535 silly placeDep ROOT stackback@0.0.2 OK for: why-is-node-running@2.3.0 want: 0.0.2
536 silly placeDep ROOT dequal@2.0.3 OK for: aria-query@5.3.0 want: ^2.0.3
537 silly reify moves {}
538 silly audit bulk request {
538 silly audit   '@babel/code-frame': [ '7.29.7' ],
538 silly audit   '@babel/compat-data': [ '7.29.7' ],
538 silly audit   '@babel/core': [ '7.29.7' ],
538 silly audit   semver: [ '6.3.1', '7.8.1' ],
538 silly audit   '@babel/generator': [ '7.29.7' ],
538 silly audit   '@babel/helper-compilation-targets': [ '7.29.7' ],
538 silly audit   '@babel/helper-globals': [ '7.29.7' ],
538 silly audit   '@babel/helper-module-imports': [ '7.29.7' ],
538 silly audit   '@babel/helper-module-transforms': [ '7.29.7' ],
538 silly audit   '@babel/helper-string-parser': [ '7.29.7' ],
538 silly audit   '@babel/helper-validator-identifier': [ '7.29.7' ],
538 silly audit   '@babel/helper-validator-option': [ '7.29.7' ],
538 silly audit   '@babel/helpers': [ '7.29.7' ],
538 silly audit   '@babel/parser': [ '7.29.7' ],
538 silly audit   '@babel/template': [ '7.29.7' ],
538 silly audit   '@babel/traverse': [ '7.29.7' ],
538 silly audit   '@babel/types': [ '7.29.7' ],
538 silly audit   '@emnapi/core': [ '1.10.0' ],
538 silly audit   '@emnapi/runtime': [ '1.10.0' ],
538 silly audit   '@emnapi/wasi-threads': [ '1.2.1' ],
538 silly audit   '@eslint-community/eslint-utils': [ '4.9.1' ],
538 silly audit   'eslint-visitor-keys': [ '3.4.3', '5.0.1', '4.2.1' ],
538 silly audit   '@eslint-community/regexpp': [ '4.12.2' ],
538 silly audit   '@eslint/config-array': [ '0.21.2' ],
538 silly audit   '@eslint/config-helpers': [ '0.4.2' ],
538 silly audit   '@eslint/core': [ '0.17.0' ],
538 silly audit   '@eslint/eslintrc': [ '3.3.5' ],
538 silly audit   globals: [ '14.0.0', '16.4.0' ],
538 silly audit   '@eslint/js': [ '9.39.4' ],
538 silly audit   '@eslint/object-schema': [ '2.1.7' ],
538 silly audit   '@eslint/plugin-kit': [ '0.4.1' ],
538 silly audit   '@humanfs/core': [ '0.19.2' ],
538 silly audit   '@humanfs/node': [ '0.16.8' ],
538 silly audit   '@humanfs/types': [ '0.15.0' ],
538 silly audit   '@humanwhocodes/module-importer': [ '1.0.1' ],
538 silly audit   '@humanwhocodes/retry': [ '0.4.3' ],
538 silly audit   '@img/colour': [ '1.1.0' ],
538 silly audit   '@img/sharp-darwin-arm64': [ '0.34.5' ],
538 silly audit   '@img/sharp-darwin-x64': [ '0.34.5' ],
538 silly audit   '@img/sharp-libvips-darwin-arm64': [ '1.2.4' ],
538 silly audit   '@img/sharp-libvips-darwin-x64': [ '1.2.4' ],
538 silly audit   '@img/sharp-libvips-linux-arm': [ '1.2.4' ],
538 silly audit   '@img/sharp-libvips-linux-arm64': [ '1.2.4' ],
538 silly audit   '@img/sharp-libvips-linux-ppc64': [ '1.2.4' ],
538 silly audit   '@img/sharp-libvips-linux-riscv64': [ '1.2.4' ],
538 silly audit   '@img/sharp-libvips-linux-s390x': [ '1.2.4' ],
538 silly audit   '@img/sharp-libvips-linux-x64': [ '1.2.4' ],
538 silly audit   '@img/sharp-libvips-linuxmusl-arm64': [ '1.2.4' ],
538 silly audit   '@img/sharp-libvips-linuxmusl-x64': [ '1.2.4' ],
538 silly audit   '@img/sharp-linux-arm': [ '0.34.5' ],
538 silly audit   '@img/sharp-linux-arm64': [ '0.34.5' ],
538 silly audit   '@img/sharp-linux-ppc64': [ '0.34.5' ],
538 silly audit   '@img/sharp-linux-riscv64': [ '0.34.5' ],
538 silly audit   '@img/sharp-linux-s390x': [ '0.34.5' ],
538 silly audit   '@img/sharp-linux-x64': [ '0.34.5' ],
538 silly audit   '@img/sharp-linuxmusl-arm64': [ '0.34.5' ],
538 silly audit   '@img/sharp-linuxmusl-x64': [ '0.34.5' ],
538 silly audit   '@img/sharp-wasm32': [ '0.34.5' ],
538 silly audit   '@img/sharp-win32-arm64': [ '0.34.5' ],
538 silly audit   '@img/sharp-win32-ia32': [ '0.34.5' ],
538 silly audit   '@img/sharp-win32-x64': [ '0.34.5' ],
538 silly audit   '@jridgewell/gen-mapping': [ '0.3.13' ],
538 silly audit   '@jridgewell/remapping': [ '2.3.5' ],
538 silly audit   '@jridgewell/resolve-uri': [ '3.1.2' ],
538 silly audit   '@jridgewell/sourcemap-codec': [ '1.5.5' ],
538 silly audit   '@jridgewell/trace-mapping': [ '0.3.31' ],
538 silly audit   '@napi-rs/wasm-runtime': [ '1.1.4' ],
538 silly audit   '@next/env': [ '16.2.6' ],
538 silly audit   '@next/eslint-plugin-next': [ '16.2.6' ],
538 silly audit   '@next/swc-darwin-arm64': [ '16.2.6' ],
538 silly audit   '@next/swc-darwin-x64': [ '16.2.6' ],
538 silly audit   '@next/swc-linux-arm64-gnu': [ '16.2.6' ],
538 silly audit   '@next/swc-linux-arm64-musl': [ '16.2.6' ],
538 silly audit   '@next/swc-linux-x64-gnu': [ '16.2.6' ],
538 silly audit   '@next/swc-linux-x64-musl': [ '16.2.6' ],
538 silly audit   '@next/swc-win32-arm64-msvc': [ '16.2.6' ],
538 silly audit   '@next/swc-win32-x64-msvc': [ '16.2.6' ],
538 silly audit   '@nodelib/fs.scandir': [ '2.1.5' ],
538 silly audit   '@nodelib/fs.stat': [ '2.0.5' ],
538 silly audit   '@nodelib/fs.walk': [ '1.2.8' ],
538 silly audit   '@nolyfill/is-core-module': [ '1.0.39' ],
538 silly audit   '@reactflow/background': [ '11.3.14' ],
538 silly audit   zustand: [ '4.5.7', '5.0.14' ],
538 silly audit   '@reactflow/controls': [ '11.2.14' ],
538 silly audit   '@reactflow/core': [ '11.11.4' ],
538 silly audit   '@reactflow/minimap': [ '11.7.14' ],
538 silly audit   '@reactflow/node-resizer': [ '2.2.14' ],
538 silly audit   '@reactflow/node-toolbar': [ '1.3.14' ],
538 silly audit   '@rtsao/scc': [ '1.1.0' ],
538 silly audit   '@swc/helpers': [ '0.5.15' ],
538 silly audit   '@tybys/wasm-util': [ '0.10.2' ],
538 silly audit   '@types/d3': [ '7.4.3' ],
538 silly audit   '@types/d3-array': [ '3.2.2' ],
538 silly audit   '@types/d3-axis': [ '3.0.6' ],
538 silly audit   '@types/d3-brush': [ '3.0.6' ],
538 silly audit   '@types/d3-chord': [ '3.0.6' ],
538 silly audit   '@types/d3-color': [ '3.1.3' ],
538 silly audit   '@types/d3-contour': [ '3.0.6' ],
538 silly audit   '@types/d3-delaunay': [ '6.0.4' ],
538 silly audit   '@types/d3-dispatch': [ '3.0.7' ],
538 silly audit   '@types/d3-drag': [ '3.0.7' ],
538 silly audit   '@types/d3-dsv': [ '3.0.7' ],
538 silly audit   '@types/d3-ease': [ '3.0.2' ],
538 silly audit   '@types/d3-fetch': [ '3.0.7' ],
538 silly audit   '@types/d3-force': [ '3.0.10' ],
538 silly audit   '@types/d3-format': [ '3.0.4' ],
538 silly audit   '@types/d3-geo': [ '3.1.0' ],
538 silly audit   '@types/d3-hierarchy': [ '3.1.7' ],
538 silly audit   '@types/d3-interpolate': [ '3.0.4' ],
538 silly audit   '@types/d3-path': [ '3.1.1' ],
538 silly audit   '@types/d3-polygon': [ '3.0.2' ],
538 silly audit   '@types/d3-quadtree': [ '3.0.6' ],
538 silly audit   '@types/d3-random': [ '3.0.3' ],
538 silly audit   '@types/d3-scale': [ '4.0.9' ],
538 silly audit   '@types/d3-scale-chromatic': [ '3.1.0' ],
538 silly audit   '@types/d3-selection': [ '3.0.11' ],
538 silly audit   '@types/d3-shape': [ '3.1.8' ],
538 silly audit   '@types/d3-time': [ '3.0.4' ],
538 silly audit   '@types/d3-time-format': [ '4.0.3' ],
538 silly audit   '@types/d3-timer': [ '3.0.2' ],
538 silly audit   '@types/d3-transition': [ '3.0.9' ],
538 silly audit   '@types/d3-zoom': [ '3.0.8' ],
538 silly audit   '@types/estree': [ '1.0.9' ],
538 silly audit   '@types/geojson': [ '7946.0.16' ],
538 silly audit   '@types/json-schema': [ '7.0.15' ],
538 silly audit   '@types/json5': [ '0.0.29' ],
538 silly audit   '@types/node': [ '25.9.1' ],
538 silly audit   '@types/react': [ '19.2.15' ],
538 silly audit   '@types/react-dom': [ '19.2.3' ],
538 silly audit   '@typescript-eslint/eslint-plugin': [ '8.60.0' ],
538 silly audit   ignore: [ '7.0.5', '5.3.2' ],
538 silly audit   '@typescript-eslint/parser': [ '8.60.0' ],
538 silly audit   '@typescript-eslint/project-service': [ '8.60.0' ],
538 silly audit   '@typescript-eslint/scope-manager': [ '8.60.0' ],
538 silly audit   '@typescript-eslint/tsconfig-utils': [ '8.60.0' ],
538 silly audit   '@typescript-eslint/type-utils': [ '8.60.0' ],
538 silly audit   '@typescript-eslint/types': [ '8.60.0' ],
538 silly audit   '@typescript-eslint/typescript-estree': [ '8.60.0' ],
538 silly audit   'balanced-match': [ '4.0.4', '1.0.2' ],
538 silly audit   'brace-expansion': [ '5.0.6', '1.1.15' ],
538 silly audit   minimatch: [ '10.2.5', '3.1.5' ],
538 silly audit   '@typescript-eslint/utils': [ '8.60.0' ],
538 silly audit   '@typescript-eslint/visitor-keys': [ '8.60.0' ],
538 silly audit   '@unrs/resolver-binding-android-arm-eabi': [ '1.12.2' ],
538 silly audit   '@unrs/resolver-binding-android-arm64': [ '1.12.2' ],
538 silly audit   '@unrs/resolver-binding-darwin-arm64': [ '1.12.2' ],
538 silly audit   '@unrs/resolver-binding-darwin-x64': [ '1.12.2' ],
538 silly audit   '@unrs/resolver-binding-freebsd-x64': [ '1.12.2' ],
538 silly audit   '@unrs/resolver-binding-linux-arm-gnueabihf': [ '1.12.2' ],
538 silly audit   '@unrs/resolver-binding-linux-arm-musleabihf': [ '1.12.2' ],
538 silly audit   '@unrs/resolver-binding-linux-arm64-gnu': [ '1.12.2' ],
538 silly audit   '@unrs/resolver-binding-linux-arm64-musl': [ '1.12.2' ],
538 silly audit   '@unrs/resolver-binding-linux-loong64-gnu': [ '1.12.2' ],
538 silly audit   '@unrs/resolver-binding-linux-loong64-musl': [ '1.12.2' ],
538 silly audit   '@unrs/resolver-binding-linux-ppc64-gnu': [ '1.12.2' ],
538 silly audit   '@unrs/resolver-binding-linux-riscv64-gnu': [ '1.12.2' ],
538 silly audit   '@unrs/resolver-binding-linux-riscv64-musl': [ '1.12.2' ],
538 silly audit   '@unrs/resolver-binding-linux-s390x-gnu': [ '1.12.2' ],
538 silly audit   '@unrs/resolver-binding-linux-x64-gnu': [ '1.12.2' ],
538 silly audit   '@unrs/resolver-binding-linux-x64-musl': [ '1.12.2' ],
538 silly audit   '@unrs/resolver-binding-openharmony-arm64': [ '1.12.2' ],
538 silly audit   '@unrs/resolver-binding-wasm32-wasi': [ '1.12.2' ],
538 silly audit   '@unrs/resolver-binding-win32-arm64-msvc': [ '1.12.2' ],
538 silly audit   '@unrs/resolver-binding-win32-ia32-msvc': [ '1.12.2' ],
538 silly audit   '@unrs/resolver-binding-win32-x64-msvc': [ '1.12.2' ],
538 silly audit   acorn: [ '8.16.0' ],
538 silly audit   'acorn-jsx': [ '5.3.2' ],
538 silly audit   ajv: [ '6.15.0' ],
538 silly audit   'ansi-styles': [ '4.3.0', '5.2.0' ],
538 silly audit   argparse: [ '2.0.1' ],
538 silly audit   'aria-query': [ '5.3.2', '5.3.0' ],
538 silly audit   'array-buffer-byte-length': [ '1.0.2' ],
538 silly audit   'array-includes': [ '3.1.9' ],
538 silly audit   'array.prototype.findlast': [ '1.2.5' ],
538 silly audit   'array.prototype.findlastindex': [ '1.2.6' ],
538 silly audit   'array.prototype.flat': [ '1.3.3' ],
538 silly audit   'array.prototype.flatmap': [ '1.3.3' ],
538 silly audit   'array.prototype.tosorted': [ '1.1.4' ],
538 silly audit   'arraybuffer.prototype.slice': [ '1.0.4' ],
538 silly audit   'ast-types-flow': [ '0.0.8' ],
538 silly audit   'async-function': [ '1.0.0' ],
538 silly audit   autoprefixer: [ '10.5.0' ],
538 silly audit   'available-typed-arrays': [ '1.0.7' ],
538 silly audit   'axe-core': [ '4.11.4' ],
538 silly audit   'axobject-query': [ '4.1.0' ],
538 silly audit   'baseline-browser-mapping': [ '2.10.33' ],
538 silly audit   braces: [ '3.0.3' ],
538 silly audit   browserslist: [ '4.28.2' ],
538 silly audit   'call-bind': [ '1.0.9' ],
538 silly audit   'call-bind-apply-helpers': [ '1.0.2' ],
538 silly audit   'call-bound': [ '1.0.4' ],
538 silly audit   callsites: [ '3.1.0' ],
538 silly audit   'caniuse-lite': [ '1.0.30001793' ],
538 silly audit   chalk: [ '4.1.2' ],
538 silly audit   classcat: [ '5.0.5' ],
538 silly audit   'client-only': [ '0.0.1' ],
538 silly audit   'color-convert': [ '2.0.1' ],
538 silly audit   'color-name': [ '1.1.4' ],
538 silly audit   commander: [ '7.2.0' ],
538 silly audit   'concat-map': [ '0.0.1' ],
538 silly audit   'convert-source-map': [ '2.0.0' ],
538 silly audit   'cross-spawn': [ '7.0.6' ],
538 silly audit   csstype: [ '3.2.3' ],
538 silly audit   d3: [ '7.9.0' ],
538 silly audit   'd3-array': [ '3.2.4' ],
538 silly audit   'd3-axis': [ '3.0.0' ],
538 silly audit   'd3-brush': [ '3.0.0' ],
538 silly audit   'd3-chord': [ '3.0.1' ],
538 silly audit   'd3-color': [ '3.1.0' ],
538 silly audit   'd3-contour': [ '4.0.2' ],
538 silly audit   'd3-delaunay': [ '6.0.4' ],
538 silly audit   'd3-dispatch': [ '3.0.1' ],
538 silly audit   'd3-drag': [ '3.0.0' ],
538 silly audit   'd3-dsv': [ '3.0.1' ],
538 silly audit   'd3-ease': [ '3.0.1' ],
538 silly audit   'd3-fetch': [ '3.0.1' ],
538 silly audit   'd3-force': [ '3.0.0' ],
538 silly audit   'd3-format': [ '3.1.2' ],
538 silly audit   'd3-geo': [ '3.1.1' ],
538 silly audit   'd3-hierarchy': [ '3.1.2' ],
538 silly audit   'd3-interpolate': [ '3.0.1' ],
538 silly audit   'd3-path': [ '3.1.0' ],
538 silly audit   'd3-polygon': [ '3.0.1' ],
538 silly audit   'd3-quadtree': [ '3.0.1' ],
538 silly audit   'd3-random': [ '3.0.1' ],
538 silly audit   'd3-scale': [ '4.0.2' ],
538 silly audit   'd3-scale-chromatic': [ '3.1.0' ],
538 silly audit   'd3-selection': [ '3.0.0' ],
538 silly audit   'd3-shape': [ '3.2.0' ],
538 silly audit   'd3-time': [ '3.1.0' ],
538 silly audit   'd3-time-format': [ '4.1.0' ],
538 silly audit   'd3-timer': [ '3.0.1' ],
538 silly audit   'd3-transition': [ '3.0.1' ],
538 silly audit   'd3-zoom': [ '3.0.0' ],
538 silly audit   'damerau-levenshtein': [ '1.0.8' ],
538 silly audit   'data-view-buffer': [ '1.0.2' ],
538 silly audit   'data-view-byte-length': [ '1.0.2' ],
538 silly audit   'data-view-byte-offset': [ '1.0.1' ],
538 silly audit   debug: [ '4.4.3', '3.2.7' ],
538 silly audit   'deep-is': [ '0.1.4' ],
538 silly audit   'define-data-property': [ '1.1.4' ],
538 silly audit   'define-properties': [ '1.2.1' ],
538 silly audit   delaunator: [ '5.1.0' ],
538 silly audit   'detect-libc': [ '2.1.2' ],
538 silly audit   doctrine: [ '2.1.0' ],
538 silly audit   'dunder-proto': [ '1.0.1' ],
538 silly audit   'electron-to-chromium': [ '1.5.364' ],
538 silly audit   'emoji-regex': [ '9.2.2' ],
538 silly audit   'es-abstract': [ '1.24.2' ],
538 silly audit   'es-define-property': [ '1.0.1' ],
538 silly audit   'es-errors': [ '1.3.0' ],
538 silly audit   'es-iterator-helpers': [ '1.3.2' ],
538 silly audit   'es-object-atoms': [ '1.1.2' ],
538 silly audit   'es-set-tostringtag': [ '2.1.0' ],
538 silly audit   'es-shim-unscopables': [ '1.1.0' ],
538 silly audit   'es-to-primitive': [ '1.3.0' ],
538 silly audit   escalade: [ '3.2.0' ],
538 silly audit   'escape-string-regexp': [ '4.0.0' ],
538 silly audit   eslint: [ '9.39.4' ],
538 silly audit   'eslint-config-next': [ '16.2.6' ],
538 silly audit   'eslint-import-resolver-node': [ '0.3.10' ],
538 silly audit   'eslint-import-resolver-typescript': [ '3.10.1' ],
538 silly audit   'eslint-module-utils': [ '2.13.0' ],
538 silly audit   'eslint-plugin-import': [ '2.32.0' ],
538 silly audit   'eslint-plugin-jsx-a11y': [ '6.10.2' ],
538 silly audit   'eslint-plugin-react': [ '7.37.5' ],
538 silly audit   'eslint-plugin-react-hooks': [ '7.1.1' ],
538 silly audit   'eslint-scope': [ '8.4.0' ],
538 silly audit   espree: [ '10.4.0' ],
538 silly audit   esquery: [ '1.7.0' ],
538 silly audit   esrecurse: [ '4.3.0' ],
538 silly audit   estraverse: [ '5.3.0' ],
538 silly audit   esutils: [ '2.0.3' ],
538 silly audit   'fast-deep-equal': [ '3.1.3' ],
538 silly audit   'fast-glob': [ '3.3.1' ],
538 silly audit   'glob-parent': [ '5.1.2', '6.0.2' ],
538 silly audit   'fast-json-stable-stringify': [ '2.1.0' ],
538 silly audit   'fast-levenshtein': [ '2.0.6' ],
538 silly audit   fastq: [ '1.20.1' ],
538 silly audit   'file-entry-cache': [ '8.0.0' ],
538 silly audit   'fill-range': [ '7.1.1' ],
538 silly audit   'find-up': [ '5.0.0' ],
538 silly audit   'flat-cache': [ '4.0.1' ],
538 silly audit   flatted: [ '3.4.2' ],
538 silly audit   'for-each': [ '0.3.5' ],
538 silly audit   'fraction.js': [ '5.3.4' ],
538 silly audit   'framer-motion': [ '12.40.0' ],
538 silly audit   'function-bind': [ '1.1.2' ],
538 silly audit   'function.prototype.name': [ '1.1.8' ],
538 silly audit   'functions-have-names': [ '1.2.3' ],
538 silly audit   'generator-function': [ '2.0.1' ],
538 silly audit   gensync: [ '1.0.0-beta.2' ],
538 silly audit   'get-intrinsic': [ '1.3.0' ],
538 silly audit   'get-proto': [ '1.0.1' ],
538 silly audit   'get-symbol-description': [ '1.1.0' ],
538 silly audit   'get-tsconfig': [ '4.14.0' ],
538 silly audit   globalthis: [ '1.0.4' ],
538 silly audit   gopd: [ '1.2.0' ],
538 silly audit   'has-bigints': [ '1.1.0' ],
538 silly audit   'has-flag': [ '4.0.0' ],
538 silly audit   'has-property-descriptors': [ '1.0.2' ],
538 silly audit   'has-proto': [ '1.2.0' ],
538 silly audit   'has-symbols': [ '1.1.0' ],
538 silly audit   'has-tostringtag': [ '1.0.2' ],
538 silly audit   hasown: [ '2.0.4' ],
538 silly audit   'hermes-estree': [ '0.25.1' ],
538 silly audit   'hermes-parser': [ '0.25.1' ],
538 silly audit   'iconv-lite': [ '0.6.3' ],
538 silly audit   'import-fresh': [ '3.3.1' ],
538 silly audit   imurmurhash: [ '0.1.4' ],
538 silly audit   'internal-slot': [ '1.1.0' ],
538 silly audit   internmap: [ '2.0.3' ],
538 silly audit   'is-array-buffer': [ '3.0.5' ],
538 silly audit   'is-async-function': [ '2.1.1' ],
538 silly audit   'is-bigint': [ '1.1.0' ],
538 silly audit   'is-boolean-object': [ '1.2.2' ],
538 silly audit   'is-bun-module': [ '2.0.0' ],
538 silly audit   'is-callable': [ '1.2.7' ],
538 silly audit   'is-core-module': [ '2.16.2' ],
538 silly audit   'is-data-view': [ '1.0.2' ],
538 silly audit   'is-date-object': [ '1.1.0' ],
538 silly audit   'is-extglob': [ '2.1.1' ],
538 silly audit   'is-finalizationregistry': [ '1.1.1' ],
538 silly audit   'is-generator-function': [ '1.1.2' ],
538 silly audit   'is-glob': [ '4.0.3' ],
538 silly audit   'is-map': [ '2.0.3' ],
538 silly audit   'is-negative-zero': [ '2.0.3' ],
538 silly audit   'is-number': [ '7.0.0' ],
538 silly audit   'is-number-object': [ '1.1.1' ],
538 silly audit   'is-regex': [ '1.2.1' ],
538 silly audit   'is-set': [ '2.0.3' ],
538 silly audit   'is-shared-array-buffer': [ '1.0.4' ],
538 silly audit   'is-string': [ '1.1.1' ],
538 silly audit   'is-symbol': [ '1.1.1' ],
538 silly audit   'is-typed-array': [ '1.1.15' ],
538 silly audit   'is-weakmap': [ '2.0.2' ],
538 silly audit   'is-weakref': [ '1.1.1' ],
538 silly audit   'is-weakset': [ '2.0.4' ],
538 silly audit   isarray: [ '2.0.5' ],
538 silly audit   isexe: [ '2.0.0' ],
538 silly audit   'iterator.prototype': [ '1.1.5' ],
538 silly audit   'js-tokens': [ '4.0.0' ],
538 silly audit   'js-yaml': [ '4.1.1' ],
538 silly audit   jsesc: [ '3.1.0' ],
538 silly audit   'json-buffer': [ '3.0.1' ],
538 silly audit   'json-schema-traverse': [ '0.4.1' ],
538 silly audit   'json-stable-stringify-without-jsonify': [ '1.0.1' ],
538 silly audit   json5: [ '2.2.3', '1.0.2' ],
538 silly audit   'jsx-ast-utils': [ '3.3.5' ],
538 silly audit   keyv: [ '4.5.4' ],
538 silly audit   'language-subtag-registry': [ '0.3.23' ],
538 silly audit   'language-tags': [ '1.0.9' ],
538 silly audit   levn: [ '0.4.1' ],
538 silly audit   'locate-path': [ '6.0.0' ],
538 silly audit   'lodash.merge': [ '4.6.2' ],
538 silly audit   'loose-envify': [ '1.4.0' ],
538 silly audit   'lru-cache': [ '5.1.1' ],
538 silly audit   'lucide-react': [ '1.17.0' ],
538 silly audit   'math-intrinsics': [ '1.1.0' ],
538 silly audit   merge2: [ '1.4.1' ],
538 silly audit   micromatch: [ '4.0.8' ],
538 silly audit   minimist: [ '1.2.8' ],
538 silly audit   'motion-dom': [ '12.40.0' ],
538 silly audit   'motion-utils': [ '12.39.0' ],
538 silly audit   ms: [ '2.1.3' ],
538 silly audit   nanoid: [ '3.3.12' ],
538 silly audit   'napi-postinstall': [ '0.3.4' ],
538 silly audit   'natural-compare': [ '1.4.0' ],
538 silly audit   next: [ '16.2.6' ],
538 silly audit   postcss: [ '8.4.31', '8.5.15' ],
538 silly audit   'node-exports-info': [ '1.6.0' ],
538 silly audit   'node-releases': [ '2.0.46' ],
538 silly audit   'object-assign': [ '4.1.1' ],
538 silly audit   'object-inspect': [ '1.13.4' ],
538 silly audit   'object-keys': [ '1.1.1' ],
538 silly audit   'object.assign': [ '4.1.7' ],
538 silly audit   'object.entries': [ '1.1.9' ],
538 silly audit   'object.fromentries': [ '2.0.8' ],
538 silly audit   'object.groupby': [ '1.0.3' ],
538 silly audit   'object.values': [ '1.2.1' ],
538 silly audit   optionator: [ '0.9.4' ],
538 silly audit   'own-keys': [ '1.0.1' ],
538 silly audit   'p-limit': [ '3.1.0' ],
538 silly audit   'p-locate': [ '5.0.0' ],
538 silly audit   'parent-module': [ '1.0.1' ],
538 silly audit   'path-exists': [ '4.0.0' ],
538 silly audit   'path-key': [ '3.1.1' ],
538 silly audit   'path-parse': [ '1.0.7' ],
538 silly audit   picocolors: [ '1.1.1' ],
538 silly audit   picomatch: [ '2.3.2', '4.0.4' ],
538 silly audit   'possible-typed-array-names': [ '1.1.0' ],
538 silly audit   'postcss-value-parser': [ '4.2.0' ],
538 silly audit   'prelude-ls': [ '1.2.1' ],
538 silly audit   'prop-types': [ '15.8.1' ],
538 silly audit   punycode: [ '2.3.1' ],
538 silly audit   'queue-microtask': [ '1.2.3' ],
538 silly audit   react: [ '19.2.6' ],
538 silly audit   'react-dom': [ '19.2.6' ],
538 silly audit   'react-is': [ '16.13.1', '17.0.2' ],
538 silly audit   reactflow: [ '11.11.4' ],
538 silly audit   'reflect.getprototypeof': [ '1.0.10' ],
538 silly audit   'regexp.prototype.flags': [ '1.5.4' ],
538 silly audit   resolve: [ '2.0.0-next.7' ],
538 silly audit   'resolve-from': [ '4.0.0' ],
538 silly audit   'resolve-pkg-maps': [ '1.0.0' ],
538 silly audit   reusify: [ '1.1.0' ],
538 silly audit   'robust-predicates': [ '3.0.3' ],
538 silly audit   'run-parallel': [ '1.2.0' ],
538 silly audit   rw: [ '1.3.3' ],
538 silly audit   'safe-array-concat': [ '1.1.4' ],
538 silly audit   'safe-push-apply': [ '1.0.0' ],
538 silly audit   'safe-regex-test': [ '1.1.0' ],
538 silly audit   'safer-buffer': [ '2.1.2' ],
538 silly audit   scheduler: [ '0.27.0' ],
538 silly audit   'set-function-length': [ '1.2.2' ],
538 silly audit   'set-function-name': [ '2.0.2' ],
538 silly audit   'set-proto': [ '1.0.0' ],
538 silly audit   sharp: [ '0.34.5' ],
538 silly audit   'shebang-command': [ '2.0.0' ],
538 silly audit   'shebang-regex': [ '3.0.0' ],
538 silly audit   'side-channel': [ '1.1.0' ],
538 silly audit   'side-channel-list': [ '1.0.1' ],
538 silly audit   'side-channel-map': [ '1.0.1' ],
538 silly audit   'side-channel-weakmap': [ '1.0.2' ],
538 silly audit   'source-map-js': [ '1.2.1' ],
538 silly audit   'stable-hash': [ '0.0.5' ],
538 silly audit   'stop-iteration-iterator': [ '1.1.0' ],
538 silly audit   'string.prototype.includes': [ '2.0.1' ],
538 silly audit   'string.prototype.matchall': [ '4.0.12' ],
538 silly audit   'string.prototype.repeat': [ '1.0.0' ],
538 silly audit   'string.prototype.trim': [ '1.2.10' ],
538 silly audit   'string.prototype.trimend': [ '1.0.9' ],
538 silly audit   'string.prototype.trimstart': [ '1.0.8' ],
538 silly audit   'strip-bom': [ '3.0.0' ],
538 silly audit   'strip-json-comments': [ '3.1.1' ],
538 silly audit   'styled-jsx': [ '5.1.6' ],
538 silly audit   'supports-color': [ '7.2.0' ],
538 silly audit   'supports-preserve-symlinks-flag': [ '1.0.0' ],
538 silly audit   tailwindcss: [ '4.3.0' ],
538 silly audit   tinyglobby: [ '0.2.17' ],
538 silly audit   fdir: [ '6.5.0' ],
538 silly audit   'to-regex-range': [ '5.0.1' ],
538 silly audit   'ts-api-utils': [ '2.5.0' ],
538 silly audit   'tsconfig-paths': [ '3.15.0' ],
538 silly audit   tslib: [ '2.8.1' ],
538 silly audit   'type-check': [ '0.4.0' ],
538 silly audit   'typed-array-buffer': [ '1.0.3' ],
538 silly audit   'typed-array-byte-length': [ '1.0.3' ],
538 silly audit   'typed-array-byte-offset': [ '1.0.4' ],
538 silly audit   'typed-array-length': [ '1.0.8' ],
538 silly audit   typescript: [ '6.0.3' ],
538 silly audit   'typescript-eslint': [ '8.60.0' ],
538 silly audit   'unbox-primitive': [ '1.1.0' ],
538 silly audit   'undici-types': [ '7.24.6' ],
538 silly audit   'unrs-resolver': [ '1.12.2' ],
538 silly audit   'update-browserslist-db': [ '1.2.3' ],
538 silly audit   'uri-js': [ '4.4.1' ],
538 silly audit   'use-sync-external-store': [ '1.6.0' ],
538 silly audit   which: [ '2.0.2' ],
538 silly audit   'which-boxed-primitive': [ '1.1.1' ],
538 silly audit   'which-builtin-type': [ '1.2.1' ],
538 silly audit   'which-collection': [ '1.0.2' ],
538 silly audit   'which-typed-array': [ '1.1.21' ],
538 silly audit   'word-wrap': [ '1.2.5' ],
538 silly audit   yallist: [ '3.1.1' ],
538 silly audit   'yocto-queue': [ '0.1.0' ],
538 silly audit   zod: [ '4.4.3' ],
538 silly audit   'zod-validation-error': [ '4.0.2' ],
538 silly audit   '@playwright/test': [ '1.60.0' ],
538 silly audit   '@testing-library/react': [ '16.3.2' ],
538 silly audit   '@testing-library/dom': [ '10.4.1' ],
538 silly audit   vitest: [ '4.1.7' ],
538 silly audit   playwright: [ '1.60.0' ],
538 silly audit   '@babel/runtime': [ '7.29.7' ],
538 silly audit   '@types/aria-query': [ '5.0.4' ],
538 silly audit   'dom-accessibility-api': [ '0.5.16' ],
538 silly audit   'lz-string': [ '1.5.0' ],
538 silly audit   'pretty-format': [ '27.5.1' ],
538 silly audit   fsevents: [ '2.3.2', '2.3.3' ],
538 silly audit   'playwright-core': [ '1.60.0' ],
538 silly audit   'ansi-regex': [ '5.0.1' ],
538 silly audit   '@vitest/expect': [ '4.1.7' ],
538 silly audit   '@vitest/mocker': [ '4.1.7' ],
538 silly audit   '@vitest/pretty-format': [ '4.1.7' ],
538 silly audit   '@vitest/runner': [ '4.1.7' ],
538 silly audit   '@vitest/snapshot': [ '4.1.7' ],
538 silly audit   '@vitest/spy': [ '4.1.7' ],
538 silly audit   '@vitest/utils': [ '4.1.7' ],
538 silly audit   'es-module-lexer': [ '2.1.0' ],
538 silly audit   'expect-type': [ '1.3.0' ],
538 silly audit   'magic-string': [ '0.30.21' ],
538 silly audit   obug: [ '2.1.1' ],
538 silly audit   pathe: [ '2.0.3' ],
538 silly audit   'std-env': [ '4.1.0' ],
538 silly audit   tinybench: [ '2.9.0' ],
538 silly audit   tinyexec: [ '1.2.3' ],
538 silly audit   tinyrainbow: [ '3.1.0' ],
538 silly audit   vite: [ '8.0.14' ],
538 silly audit   'why-is-node-running': [ '2.3.0' ],
538 silly audit   '@standard-schema/spec': [ '1.1.0' ],
538 silly audit   '@types/chai': [ '5.2.3' ],
538 silly audit   chai: [ '6.2.2' ],
538 silly audit   '@types/deep-eql': [ '4.0.2' ],
538 silly audit   'assertion-error': [ '2.0.1' ],
538 silly audit   'estree-walker': [ '3.0.3' ],
538 silly audit   lightningcss: [ '1.32.0' ],
538 silly audit   rolldown: [ '1.0.2' ],
538 silly audit   'lightningcss-android-arm64': [ '1.32.0' ],
538 silly audit   'lightningcss-darwin-arm64': [ '1.32.0' ],
538 silly audit   'lightningcss-darwin-x64': [ '1.32.0' ],
538 silly audit   'lightningcss-freebsd-x64': [ '1.32.0' ],
538 silly audit   'lightningcss-linux-arm-gnueabihf': [ '1.32.0' ],
538 silly audit   'lightningcss-linux-arm64-gnu': [ '1.32.0' ],
538 silly audit   'lightningcss-linux-arm64-musl': [ '1.32.0' ],
538 silly audit   'lightningcss-linux-x64-gnu': [ '1.32.0' ],
538 silly audit   'lightningcss-linux-x64-musl': [ '1.32.0' ],
538 silly audit   'lightningcss-win32-arm64-msvc': [ '1.32.0' ],
538 silly audit   'lightningcss-win32-x64-msvc': [ '1.32.0' ],
538 silly audit   '@oxc-project/types': [ '0.132.0' ],
538 silly audit   '@rolldown/binding-android-arm64': [ '1.0.2' ],
538 silly audit   '@rolldown/binding-darwin-arm64': [ '1.0.2' ],
538 silly audit   '@rolldown/binding-darwin-x64': [ '1.0.2' ],
538 silly audit   '@rolldown/binding-freebsd-x64': [ '1.0.2' ],
538 silly audit   '@rolldown/binding-linux-arm-gnueabihf': [ '1.0.2' ],
538 silly audit   '@rolldown/binding-linux-arm64-gnu': [ '1.0.2' ],
538 silly audit   '@rolldown/binding-linux-arm64-musl': [ '1.0.2' ],
538 silly audit   '@rolldown/binding-linux-ppc64-gnu': [ '1.0.2' ],
538 silly audit   '@rolldown/binding-linux-s390x-gnu': [ '1.0.2' ],
538 silly audit   '@rolldown/binding-linux-x64-gnu': [ '1.0.2' ],
538 silly audit   '@rolldown/binding-linux-x64-musl': [ '1.0.2' ],
538 silly audit   '@rolldown/binding-openharmony-arm64': [ '1.0.2' ],
538 silly audit   '@rolldown/binding-wasm32-wasi': [ '1.0.2' ],
538 silly audit   '@rolldown/binding-win32-arm64-msvc': [ '1.0.2' ],
538 silly audit   '@rolldown/binding-win32-x64-msvc': [ '1.0.2' ],
538 silly audit   '@rolldown/pluginutils': [ '1.0.1' ],
538 silly audit   siginfo: [ '2.0.0' ],
538 silly audit   stackback: [ '0.0.2' ],
538 silly audit   dequal: [ '2.0.3' ]
538 silly audit }
539 verbose reify failed optional dependency /Users/jungsikbyun/Documents/뉴스피드/node_modules/@rolldown/binding-win32-x64-msvc
540 silly reify mark deleted [
540 silly reify   '/Users/jungsikbyun/Documents/뉴스피드/node_modules/@rolldown/binding-win32-x64-msvc'
540 silly reify ]
541 verbose reify failed optional dependency /Users/jungsikbyun/Documents/뉴스피드/node_modules/@rolldown/binding-win32-arm64-msvc
542 silly reify mark deleted [
542 silly reify   '/Users/jungsikbyun/Documents/뉴스피드/node_modules/@rolldown/binding-win32-arm64-msvc'
542 silly reify ]
543 verbose reify failed optional dependency /Users/jungsikbyun/Documents/뉴스피드/node_modules/@rolldown/binding-wasm32-wasi
544 silly reify mark deleted [
544 silly reify   '/Users/jungsikbyun/Documents/뉴스피드/node_modules/@rolldown/binding-wasm32-wasi'
544 silly reify ]
545 verbose reify failed optional dependency /Users/jungsikbyun/Documents/뉴스피드/node_modules/@rolldown/binding-openharmony-arm64
546 silly reify mark deleted [
546 silly reify   '/Users/jungsikbyun/Documents/뉴스피드/node_modules/@rolldown/binding-openharmony-arm64'
546 silly reify ]
547 verbose reify failed optional dependency /Users/jungsikbyun/Documents/뉴스피드/node_modules/@rolldown/binding-linux-x64-musl
548 silly reify mark deleted [
548 silly reify   '/Users/jungsikbyun/Documents/뉴스피드/node_modules/@rolldown/binding-linux-x64-musl'
548 silly reify ]
549 verbose reify failed optional dependency /Users/jungsikbyun/Documents/뉴스피드/node_modules/@rolldown/binding-linux-x64-gnu
550 silly reify mark deleted [
550 silly reify   '/Users/jungsikbyun/Documents/뉴스피드/node_modules/@rolldown/binding-linux-x64-gnu'
550 silly reify ]
551 verbose reify failed optional dependency /Users/jungsikbyun/Documents/뉴스피드/node_modules/@rolldown/binding-linux-s390x-gnu
552 silly reify mark deleted [
552 silly reify   '/Users/jungsikbyun/Documents/뉴스피드/node_modules/@rolldown/binding-linux-s390x-gnu'
552 silly reify ]
553 verbose reify failed optional dependency /Users/jungsikbyun/Documents/뉴스피드/node_modules/@rolldown/binding-linux-ppc64-gnu
554 silly reify mark deleted [
554 silly reify   '/Users/jungsikbyun/Documents/뉴스피드/node_modules/@rolldown/binding-linux-ppc64-gnu'
554 silly reify ]
555 verbose reify failed optional dependency /Users/jungsikbyun/Documents/뉴스피드/node_modules/@rolldown/binding-linux-arm64-musl
556 silly reify mark deleted [
556 silly reify   '/Users/jungsikbyun/Documents/뉴스피드/node_modules/@rolldown/binding-linux-arm64-musl'
556 silly reify ]
557 verbose reify failed optional dependency /Users/jungsikbyun/Documents/뉴스피드/node_modules/@rolldown/binding-linux-arm64-gnu
558 silly reify mark deleted [
558 silly reify   '/Users/jungsikbyun/Documents/뉴스피드/node_modules/@rolldown/binding-linux-arm64-gnu'
558 silly reify ]
559 verbose reify failed optional dependency /Users/jungsikbyun/Documents/뉴스피드/node_modules/@rolldown/binding-linux-arm-gnueabihf
560 silly reify mark deleted [
560 silly reify   '/Users/jungsikbyun/Documents/뉴스피드/node_modules/@rolldown/binding-linux-arm-gnueabihf'
560 silly reify ]
561 verbose reify failed optional dependency /Users/jungsikbyun/Documents/뉴스피드/node_modules/@rolldown/binding-freebsd-x64
562 silly reify mark deleted [
562 silly reify   '/Users/jungsikbyun/Documents/뉴스피드/node_modules/@rolldown/binding-freebsd-x64'
562 silly reify ]
563 verbose reify failed optional dependency /Users/jungsikbyun/Documents/뉴스피드/node_modules/@rolldown/binding-darwin-x64
564 silly reify mark deleted [
564 silly reify   '/Users/jungsikbyun/Documents/뉴스피드/node_modules/@rolldown/binding-darwin-x64'
564 silly reify ]
565 verbose reify failed optional dependency /Users/jungsikbyun/Documents/뉴스피드/node_modules/@rolldown/binding-android-arm64
566 silly reify mark deleted [
566 silly reify   '/Users/jungsikbyun/Documents/뉴스피드/node_modules/@rolldown/binding-android-arm64'
566 silly reify ]
567 verbose reify failed optional dependency /Users/jungsikbyun/Documents/뉴스피드/node_modules/lightningcss-win32-x64-msvc
568 silly reify mark deleted [
568 silly reify   '/Users/jungsikbyun/Documents/뉴스피드/node_modules/lightningcss-win32-x64-msvc'
568 silly reify ]
569 verbose reify failed optional dependency /Users/jungsikbyun/Documents/뉴스피드/node_modules/lightningcss-win32-arm64-msvc
570 silly reify mark deleted [
570 silly reify   '/Users/jungsikbyun/Documents/뉴스피드/node_modules/lightningcss-win32-arm64-msvc'
570 silly reify ]
571 verbose reify failed optional dependency /Users/jungsikbyun/Documents/뉴스피드/node_modules/lightningcss-linux-x64-musl
572 silly reify mark deleted [
572 silly reify   '/Users/jungsikbyun/Documents/뉴스피드/node_modules/lightningcss-linux-x64-musl'
572 silly reify ]
573 verbose reify failed optional dependency /Users/jungsikbyun/Documents/뉴스피드/node_modules/lightningcss-linux-x64-gnu
574 silly reify mark deleted [
574 silly reify   '/Users/jungsikbyun/Documents/뉴스피드/node_modules/lightningcss-linux-x64-gnu'
574 silly reify ]
575 verbose reify failed optional dependency /Users/jungsikbyun/Documents/뉴스피드/node_modules/lightningcss-linux-arm64-musl
576 silly reify mark deleted [
576 silly reify   '/Users/jungsikbyun/Documents/뉴스피드/node_modules/lightningcss-linux-arm64-musl'
576 silly reify ]
577 verbose reify failed optional dependency /Users/jungsikbyun/Documents/뉴스피드/node_modules/lightningcss-linux-arm64-gnu
578 silly reify mark deleted [
578 silly reify   '/Users/jungsikbyun/Documents/뉴스피드/node_modules/lightningcss-linux-arm64-gnu'
578 silly reify ]
579 verbose reify failed optional dependency /Users/jungsikbyun/Documents/뉴스피드/node_modules/lightningcss-linux-arm-gnueabihf
580 silly reify mark deleted [
580 silly reify   '/Users/jungsikbyun/Documents/뉴스피드/node_modules/lightningcss-linux-arm-gnueabihf'
580 silly reify ]
581 verbose reify failed optional dependency /Users/jungsikbyun/Documents/뉴스피드/node_modules/lightningcss-freebsd-x64
582 silly reify mark deleted [
582 silly reify   '/Users/jungsikbyun/Documents/뉴스피드/node_modules/lightningcss-freebsd-x64'
582 silly reify ]
583 verbose reify failed optional dependency /Users/jungsikbyun/Documents/뉴스피드/node_modules/lightningcss-darwin-x64
584 silly reify mark deleted [
584 silly reify   '/Users/jungsikbyun/Documents/뉴스피드/node_modules/lightningcss-darwin-x64'
584 silly reify ]
585 verbose reify failed optional dependency /Users/jungsikbyun/Documents/뉴스피드/node_modules/lightningcss-android-arm64
586 silly reify mark deleted [
586 silly reify   '/Users/jungsikbyun/Documents/뉴스피드/node_modules/lightningcss-android-arm64'
586 silly reify ]
587 verbose reify failed optional dependency /Users/jungsikbyun/Documents/뉴스피드/node_modules/@unrs/resolver-binding-win32-x64-msvc
588 silly reify mark deleted [
588 silly reify   '/Users/jungsikbyun/Documents/뉴스피드/node_modules/@unrs/resolver-binding-win32-x64-msvc'
588 silly reify ]
589 verbose reify failed optional dependency /Users/jungsikbyun/Documents/뉴스피드/node_modules/@unrs/resolver-binding-win32-ia32-msvc
590 silly reify mark deleted [
590 silly reify   '/Users/jungsikbyun/Documents/뉴스피드/node_modules/@unrs/resolver-binding-win32-ia32-msvc'
590 silly reify ]
591 verbose reify failed optional dependency /Users/jungsikbyun/Documents/뉴스피드/node_modules/@unrs/resolver-binding-win32-arm64-msvc
592 silly reify mark deleted [
592 silly reify   '/Users/jungsikbyun/Documents/뉴스피드/node_modules/@unrs/resolver-binding-win32-arm64-msvc'
592 silly reify ]
593 verbose reify failed optional dependency /Users/jungsikbyun/Documents/뉴스피드/node_modules/@unrs/resolver-binding-wasm32-wasi
594 silly reify mark deleted [
594 silly reify   '/Users/jungsikbyun/Documents/뉴스피드/node_modules/@unrs/resolver-binding-wasm32-wasi'
594 silly reify ]
595 verbose reify failed optional dependency /Users/jungsikbyun/Documents/뉴스피드/node_modules/@unrs/resolver-binding-openharmony-arm64
596 silly reify mark deleted [
596 silly reify   '/Users/jungsikbyun/Documents/뉴스피드/node_modules/@unrs/resolver-binding-openharmony-arm64'
596 silly reify ]
597 verbose reify failed optional dependency /Users/jungsikbyun/Documents/뉴스피드/node_modules/@unrs/resolver-binding-linux-x64-musl
598 silly reify mark deleted [
598 silly reify   '/Users/jungsikbyun/Documents/뉴스피드/node_modules/@unrs/resolver-binding-linux-x64-musl'
598 silly reify ]
599 verbose reify failed optional dependency /Users/jungsikbyun/Documents/뉴스피드/node_modules/@unrs/resolver-binding-linux-x64-gnu
600 silly reify mark deleted [
600 silly reify   '/Users/jungsikbyun/Documents/뉴스피드/node_modules/@unrs/resolver-binding-linux-x64-gnu'
600 silly reify ]
601 verbose reify failed optional dependency /Users/jungsikbyun/Documents/뉴스피드/node_modules/@unrs/resolver-binding-linux-s390x-gnu
602 silly reify mark deleted [
602 silly reify   '/Users/jungsikbyun/Documents/뉴스피드/node_modules/@unrs/resolver-binding-linux-s390x-gnu'
602 silly reify ]
603 verbose reify failed optional dependency /Users/jungsikbyun/Documents/뉴스피드/node_modules/@unrs/resolver-binding-linux-riscv64-musl
604 silly reify mark deleted [
604 silly reify   '/Users/jungsikbyun/Documents/뉴스피드/node_modules/@unrs/resolver-binding-linux-riscv64-musl'
604 silly reify ]
605 verbose reify failed optional dependency /Users/jungsikbyun/Documents/뉴스피드/node_modules/@unrs/resolver-binding-linux-riscv64-gnu
606 silly reify mark deleted [
606 silly reify   '/Users/jungsikbyun/Documents/뉴스피드/node_modules/@unrs/resolver-binding-linux-riscv64-gnu'
606 silly reify ]
607 verbose reify failed optional dependency /Users/jungsikbyun/Documents/뉴스피드/node_modules/@unrs/resolver-binding-linux-ppc64-gnu
608 silly reify mark deleted [
608 silly reify   '/Users/jungsikbyun/Documents/뉴스피드/node_modules/@unrs/resolver-binding-linux-ppc64-gnu'
608 silly reify ]
609 verbose reify failed optional dependency /Users/jungsikbyun/Documents/뉴스피드/node_modules/@unrs/resolver-binding-linux-loong64-musl
610 silly reify mark deleted [
610 silly reify   '/Users/jungsikbyun/Documents/뉴스피드/node_modules/@unrs/resolver-binding-linux-loong64-musl'
610 silly reify ]
611 verbose reify failed optional dependency /Users/jungsikbyun/Documents/뉴스피드/node_modules/@unrs/resolver-binding-linux-loong64-gnu
612 silly reify mark deleted [
612 silly reify   '/Users/jungsikbyun/Documents/뉴스피드/node_modules/@unrs/resolver-binding-linux-loong64-gnu'
612 silly reify ]
613 verbose reify failed optional dependency /Users/jungsikbyun/Documents/뉴스피드/node_modules/@unrs/resolver-binding-linux-arm64-musl
614 silly reify mark deleted [
614 silly reify   '/Users/jungsikbyun/Documents/뉴스피드/node_modules/@unrs/resolver-binding-linux-arm64-musl'
614 silly reify ]
615 verbose reify failed optional dependency /Users/jungsikbyun/Documents/뉴스피드/node_modules/@unrs/resolver-binding-linux-arm64-gnu
616 silly reify mark deleted [
616 silly reify   '/Users/jungsikbyun/Documents/뉴스피드/node_modules/@unrs/resolver-binding-linux-arm64-gnu'
616 silly reify ]
617 verbose reify failed optional dependency /Users/jungsikbyun/Documents/뉴스피드/node_modules/@unrs/resolver-binding-linux-arm-musleabihf
618 silly reify mark deleted [
618 silly reify   '/Users/jungsikbyun/Documents/뉴스피드/node_modules/@unrs/resolver-binding-linux-arm-musleabihf'
618 silly reify ]
619 verbose reify failed optional dependency /Users/jungsikbyun/Documents/뉴스피드/node_modules/@unrs/resolver-binding-linux-arm-gnueabihf
620 silly reify mark deleted [
620 silly reify   '/Users/jungsikbyun/Documents/뉴스피드/node_modules/@unrs/resolver-binding-linux-arm-gnueabihf'
620 silly reify ]
621 verbose reify failed optional dependency /Users/jungsikbyun/Documents/뉴스피드/node_modules/@unrs/resolver-binding-freebsd-x64
622 silly reify mark deleted [
622 silly reify   '/Users/jungsikbyun/Documents/뉴스피드/node_modules/@unrs/resolver-binding-freebsd-x64'
622 silly reify ]
623 verbose reify failed optional dependency /Users/jungsikbyun/Documents/뉴스피드/node_modules/@unrs/resolver-binding-darwin-x64
624 silly reify mark deleted [
624 silly reify   '/Users/jungsikbyun/Documents/뉴스피드/node_modules/@unrs/resolver-binding-darwin-x64'
624 silly reify ]
625 verbose reify failed optional dependency /Users/jungsikbyun/Documents/뉴스피드/node_modules/@unrs/resolver-binding-android-arm64
626 silly reify mark deleted [
626 silly reify   '/Users/jungsikbyun/Documents/뉴스피드/node_modules/@unrs/resolver-binding-android-arm64'
626 silly reify ]
627 verbose reify failed optional dependency /Users/jungsikbyun/Documents/뉴스피드/node_modules/@unrs/resolver-binding-android-arm-eabi
628 silly reify mark deleted [
628 silly reify   '/Users/jungsikbyun/Documents/뉴스피드/node_modules/@unrs/resolver-binding-android-arm-eabi'
628 silly reify ]
629 verbose reify failed optional dependency /Users/jungsikbyun/Documents/뉴스피드/node_modules/@next/swc-win32-x64-msvc
630 silly reify mark deleted [
630 silly reify   '/Users/jungsikbyun/Documents/뉴스피드/node_modules/@next/swc-win32-x64-msvc'
630 silly reify ]
631 verbose reify failed optional dependency /Users/jungsikbyun/Documents/뉴스피드/node_modules/@next/swc-win32-arm64-msvc
632 silly reify mark deleted [
632 silly reify   '/Users/jungsikbyun/Documents/뉴스피드/node_modules/@next/swc-win32-arm64-msvc'
632 silly reify ]
633 verbose reify failed optional dependency /Users/jungsikbyun/Documents/뉴스피드/node_modules/@next/swc-linux-x64-musl
634 silly reify mark deleted [
634 silly reify   '/Users/jungsikbyun/Documents/뉴스피드/node_modules/@next/swc-linux-x64-musl'
634 silly reify ]
635 verbose reify failed optional dependency /Users/jungsikbyun/Documents/뉴스피드/node_modules/@next/swc-linux-x64-gnu
636 silly reify mark deleted [
636 silly reify   '/Users/jungsikbyun/Documents/뉴스피드/node_modules/@next/swc-linux-x64-gnu'
636 silly reify ]
637 verbose reify failed optional dependency /Users/jungsikbyun/Documents/뉴스피드/node_modules/@next/swc-linux-arm64-musl
638 silly reify mark deleted [
638 silly reify   '/Users/jungsikbyun/Documents/뉴스피드/node_modules/@next/swc-linux-arm64-musl'
638 silly reify ]
639 verbose reify failed optional dependency /Users/jungsikbyun/Documents/뉴스피드/node_modules/@next/swc-linux-arm64-gnu
640 silly reify mark deleted [
640 silly reify   '/Users/jungsikbyun/Documents/뉴스피드/node_modules/@next/swc-linux-arm64-gnu'
640 silly reify ]
641 verbose reify failed optional dependency /Users/jungsikbyun/Documents/뉴스피드/node_modules/@next/swc-darwin-x64
642 silly reify mark deleted [
642 silly reify   '/Users/jungsikbyun/Documents/뉴스피드/node_modules/@next/swc-darwin-x64'
642 silly reify ]
643 verbose reify failed optional dependency /Users/jungsikbyun/Documents/뉴스피드/node_modules/@img/sharp-win32-x64
644 silly reify mark deleted [
644 silly reify   '/Users/jungsikbyun/Documents/뉴스피드/node_modules/@img/sharp-win32-x64'
644 silly reify ]
645 verbose reify failed optional dependency /Users/jungsikbyun/Documents/뉴스피드/node_modules/@img/sharp-win32-ia32
646 silly reify mark deleted [
646 silly reify   '/Users/jungsikbyun/Documents/뉴스피드/node_modules/@img/sharp-win32-ia32'
646 silly reify ]
647 verbose reify failed optional dependency /Users/jungsikbyun/Documents/뉴스피드/node_modules/@img/sharp-win32-arm64
648 silly reify mark deleted [
648 silly reify   '/Users/jungsikbyun/Documents/뉴스피드/node_modules/@img/sharp-win32-arm64'
648 silly reify ]
649 verbose reify failed optional dependency /Users/jungsikbyun/Documents/뉴스피드/node_modules/@img/sharp-wasm32
650 silly reify mark deleted [
650 silly reify   '/Users/jungsikbyun/Documents/뉴스피드/node_modules/@img/sharp-wasm32'
650 silly reify ]
651 verbose reify failed optional dependency /Users/jungsikbyun/Documents/뉴스피드/node_modules/@img/sharp-linuxmusl-x64
652 silly reify mark deleted [
652 silly reify   '/Users/jungsikbyun/Documents/뉴스피드/node_modules/@img/sharp-linuxmusl-x64'
652 silly reify ]
653 verbose reify failed optional dependency /Users/jungsikbyun/Documents/뉴스피드/node_modules/@img/sharp-linuxmusl-arm64
654 silly reify mark deleted [
654 silly reify   '/Users/jungsikbyun/Documents/뉴스피드/node_modules/@img/sharp-linuxmusl-arm64'
654 silly reify ]
655 verbose reify failed optional dependency /Users/jungsikbyun/Documents/뉴스피드/node_modules/@img/sharp-linux-x64
656 silly reify mark deleted [
656 silly reify   '/Users/jungsikbyun/Documents/뉴스피드/node_modules/@img/sharp-linux-x64'
656 silly reify ]
657 verbose reify failed optional dependency /Users/jungsikbyun/Documents/뉴스피드/node_modules/@img/sharp-linux-s390x
658 silly reify mark deleted [
658 silly reify   '/Users/jungsikbyun/Documents/뉴스피드/node_modules/@img/sharp-linux-s390x'
658 silly reify ]
659 verbose reify failed optional dependency /Users/jungsikbyun/Documents/뉴스피드/node_modules/@img/sharp-linux-riscv64
660 silly reify mark deleted [
660 silly reify   '/Users/jungsikbyun/Documents/뉴스피드/node_modules/@img/sharp-linux-riscv64'
660 silly reify ]
661 verbose reify failed optional dependency /Users/jungsikbyun/Documents/뉴스피드/node_modules/@img/sharp-linux-ppc64
662 silly reify mark deleted [
662 silly reify   '/Users/jungsikbyun/Documents/뉴스피드/node_modules/@img/sharp-linux-ppc64'
662 silly reify ]
663 verbose reify failed optional dependency /Users/jungsikbyun/Documents/뉴스피드/node_modules/@img/sharp-linux-arm64
664 silly reify mark deleted [
664 silly reify   '/Users/jungsikbyun/Documents/뉴스피드/node_modules/@img/sharp-linux-arm64'
664 silly reify ]
665 verbose reify failed optional dependency /Users/jungsikbyun/Documents/뉴스피드/node_modules/@img/sharp-linux-arm
666 silly reify mark deleted [
666 silly reify   '/Users/jungsikbyun/Documents/뉴스피드/node_modules/@img/sharp-linux-arm'
666 silly reify ]
667 verbose reify failed optional dependency /Users/jungsikbyun/Documents/뉴스피드/node_modules/@img/sharp-libvips-linuxmusl-x64
668 silly reify mark deleted [
668 silly reify   '/Users/jungsikbyun/Documents/뉴스피드/node_modules/@img/sharp-libvips-linuxmusl-x64'
668 silly reify ]
669 verbose reify failed optional dependency /Users/jungsikbyun/Documents/뉴스피드/node_modules/@img/sharp-libvips-linuxmusl-arm64
670 silly reify mark deleted [
670 silly reify   '/Users/jungsikbyun/Documents/뉴스피드/node_modules/@img/sharp-libvips-linuxmusl-arm64'
670 silly reify ]
671 verbose reify failed optional dependency /Users/jungsikbyun/Documents/뉴스피드/node_modules/@img/sharp-libvips-linux-x64
672 silly reify mark deleted [
672 silly reify   '/Users/jungsikbyun/Documents/뉴스피드/node_modules/@img/sharp-libvips-linux-x64'
672 silly reify ]
673 verbose reify failed optional dependency /Users/jungsikbyun/Documents/뉴스피드/node_modules/@img/sharp-libvips-linux-s390x
674 silly reify mark deleted [
674 silly reify   '/Users/jungsikbyun/Documents/뉴스피드/node_modules/@img/sharp-libvips-linux-s390x'
674 silly reify ]
675 verbose reify failed optional dependency /Users/jungsikbyun/Documents/뉴스피드/node_modules/@img/sharp-libvips-linux-riscv64
676 silly reify mark deleted [
676 silly reify   '/Users/jungsikbyun/Documents/뉴스피드/node_modules/@img/sharp-libvips-linux-riscv64'
676 silly reify ]
677 verbose reify failed optional dependency /Users/jungsikbyun/Documents/뉴스피드/node_modules/@img/sharp-libvips-linux-ppc64
678 silly reify mark deleted [
678 silly reify   '/Users/jungsikbyun/Documents/뉴스피드/node_modules/@img/sharp-libvips-linux-ppc64'
678 silly reify ]
679 verbose reify failed optional dependency /Users/jungsikbyun/Documents/뉴스피드/node_modules/@img/sharp-libvips-linux-arm64
680 silly reify mark deleted [
680 silly reify   '/Users/jungsikbyun/Documents/뉴스피드/node_modules/@img/sharp-libvips-linux-arm64'
680 silly reify ]
681 verbose reify failed optional dependency /Users/jungsikbyun/Documents/뉴스피드/node_modules/@img/sharp-libvips-linux-arm
682 silly reify mark deleted [
682 silly reify   '/Users/jungsikbyun/Documents/뉴스피드/node_modules/@img/sharp-libvips-linux-arm'
682 silly reify ]
683 verbose reify failed optional dependency /Users/jungsikbyun/Documents/뉴스피드/node_modules/@img/sharp-libvips-darwin-x64
684 silly reify mark deleted [
684 silly reify   '/Users/jungsikbyun/Documents/뉴스피드/node_modules/@img/sharp-libvips-darwin-x64'
684 silly reify ]
685 verbose reify failed optional dependency /Users/jungsikbyun/Documents/뉴스피드/node_modules/@img/sharp-darwin-x64
686 silly reify mark deleted [
686 silly reify   '/Users/jungsikbyun/Documents/뉴스피드/node_modules/@img/sharp-darwin-x64'
686 silly reify ]
687 http cache siginfo@https://registry.npmjs.org/siginfo/-/siginfo-2.0.0.tgz 0ms (cache hit)
688 http cache stackback@https://registry.npmjs.org/stackback/-/stackback-0.0.2.tgz 0ms (cache hit)
689 http cache dequal@https://registry.npmjs.org/dequal/-/dequal-2.0.3.tgz 0ms (cache hit)
690 http cache @oxc-project/types@https://registry.npmjs.org/@oxc-project/types/-/types-0.132.0.tgz 0ms (cache hit)
691 http cache @rolldown/pluginutils@https://registry.npmjs.org/@rolldown/pluginutils/-/pluginutils-1.0.1.tgz 0ms (cache hit)
692 http cache @rolldown/binding-darwin-arm64@https://registry.npmjs.org/@rolldown/binding-darwin-arm64/-/binding-darwin-arm64-1.0.2.tgz 0ms (cache hit)
693 http cache lightningcss-darwin-arm64@https://registry.npmjs.org/lightningcss-darwin-arm64/-/lightningcss-darwin-arm64-1.32.0.tgz 0ms (cache hit)
694 http cache lightningcss@https://registry.npmjs.org/lightningcss/-/lightningcss-1.32.0.tgz 0ms (cache hit)
695 http cache rolldown@https://registry.npmjs.org/rolldown/-/rolldown-1.0.2.tgz 0ms (cache hit)
696 http cache estree-walker@https://registry.npmjs.org/estree-walker/-/estree-walker-3.0.3.tgz 0ms (cache hit)
697 http cache @types/deep-eql@https://registry.npmjs.org/@types/deep-eql/-/deep-eql-4.0.2.tgz 0ms (cache hit)
698 http cache chai@https://registry.npmjs.org/chai/-/chai-6.2.2.tgz 0ms (cache hit)
699 http cache assertion-error@https://registry.npmjs.org/assertion-error/-/assertion-error-2.0.1.tgz 0ms (cache hit)
700 http cache @types/chai@https://registry.npmjs.org/@types/chai/-/chai-5.2.3.tgz 0ms (cache hit)
701 http cache why-is-node-running@https://registry.npmjs.org/why-is-node-running/-/why-is-node-running-2.3.0.tgz 0ms (cache hit)
702 http cache picomatch@https://registry.npmjs.org/picomatch/-/picomatch-4.0.4.tgz 0ms (cache hit)
703 http cache @standard-schema/spec@https://registry.npmjs.org/@standard-schema/spec/-/spec-1.1.0.tgz 0ms (cache hit)
704 http cache vite@https://registry.npmjs.org/vite/-/vite-8.0.14.tgz 0ms (cache hit)
705 http cache fsevents@https://registry.npmjs.org/fsevents/-/fsevents-2.3.3.tgz 0ms (cache hit)
706 http cache tinyrainbow@https://registry.npmjs.org/tinyrainbow/-/tinyrainbow-3.1.0.tgz 0ms (cache hit)
707 http cache tinybench@https://registry.npmjs.org/tinybench/-/tinybench-2.9.0.tgz 0ms (cache hit)
708 http cache tinyexec@https://registry.npmjs.org/tinyexec/-/tinyexec-1.2.3.tgz 0ms (cache hit)
709 http cache std-env@https://registry.npmjs.org/std-env/-/std-env-4.1.0.tgz 0ms (cache hit)
710 http cache obug@https://registry.npmjs.org/obug/-/obug-2.1.1.tgz 0ms (cache hit)
711 http cache magic-string@https://registry.npmjs.org/magic-string/-/magic-string-0.30.21.tgz 0ms (cache hit)
712 http cache pathe@https://registry.npmjs.org/pathe/-/pathe-2.0.3.tgz 0ms (cache hit)
713 http cache expect-type@https://registry.npmjs.org/expect-type/-/expect-type-1.3.0.tgz 0ms (cache hit)
714 http cache es-module-lexer@https://registry.npmjs.org/es-module-lexer/-/es-module-lexer-2.1.0.tgz 0ms (cache hit)
715 http cache @vitest/spy@https://registry.npmjs.org/@vitest/spy/-/spy-4.1.7.tgz 0ms (cache hit)
716 http cache @vitest/snapshot@https://registry.npmjs.org/@vitest/snapshot/-/snapshot-4.1.7.tgz 0ms (cache hit)
717 http cache @vitest/runner@https://registry.npmjs.org/@vitest/runner/-/runner-4.1.7.tgz 0ms (cache hit)
718 http cache @vitest/pretty-format@https://registry.npmjs.org/@vitest/pretty-format/-/pretty-format-4.1.7.tgz 0ms (cache hit)
719 http cache @vitest/expect@https://registry.npmjs.org/@vitest/expect/-/expect-4.1.7.tgz 0ms (cache hit)
720 http cache @vitest/utils@https://registry.npmjs.org/@vitest/utils/-/utils-4.1.7.tgz 0ms (cache hit)
721 http cache ansi-regex@https://registry.npmjs.org/ansi-regex/-/ansi-regex-5.0.1.tgz 0ms (cache hit)
722 http cache @vitest/mocker@https://registry.npmjs.org/@vitest/mocker/-/mocker-4.1.7.tgz 0ms (cache hit)
723 http cache fsevents@https://registry.npmjs.org/fsevents/-/fsevents-2.3.2.tgz 0ms (cache hit)
724 http cache pretty-format@https://registry.npmjs.org/pretty-format/-/pretty-format-27.5.1.tgz 0ms (cache hit)
725 http cache playwright-core@https://registry.npmjs.org/playwright-core/-/playwright-core-1.60.0.tgz 0ms (cache hit)
726 http cache react-is@https://registry.npmjs.org/react-is/-/react-is-17.0.2.tgz 0ms (cache hit)
727 http cache lz-string@https://registry.npmjs.org/lz-string/-/lz-string-1.5.0.tgz 0ms (cache hit)
728 http cache ansi-styles@https://registry.npmjs.org/ansi-styles/-/ansi-styles-5.2.0.tgz 0ms (cache hit)
729 http cache @types/aria-query@https://registry.npmjs.org/@types/aria-query/-/aria-query-5.0.4.tgz 0ms (cache hit)
730 http cache @babel/runtime@https://registry.npmjs.org/@babel/runtime/-/runtime-7.29.7.tgz 0ms (cache hit)
731 http cache playwright@https://registry.npmjs.org/playwright/-/playwright-1.60.0.tgz 0ms (cache hit)
732 http cache vitest@https://registry.npmjs.org/vitest/-/vitest-4.1.7.tgz 0ms (cache hit)
733 http cache picomatch@https://registry.npmjs.org/picomatch/-/picomatch-4.0.4.tgz 0ms (cache hit)
734 http cache @testing-library/dom@https://registry.npmjs.org/@testing-library/dom/-/dom-10.4.1.tgz 0ms (cache hit)
735 http cache aria-query@https://registry.npmjs.org/aria-query/-/aria-query-5.3.0.tgz 0ms (cache hit)
736 http cache @testing-library/react@https://registry.npmjs.org/@testing-library/react/-/react-16.3.2.tgz 0ms (cache hit)
737 http cache @playwright/test@https://registry.npmjs.org/@playwright/test/-/test-1.60.0.tgz 0ms (cache hit)
738 http cache dom-accessibility-api@https://registry.npmjs.org/dom-accessibility-api/-/dom-accessibility-api-0.5.16.tgz 0ms (cache hit)
739 http cache @tybys/wasm-util@https://registry.npmjs.org/@tybys/wasm-util/-/wasm-util-0.10.2.tgz 0ms (cache hit)
740 http cache @napi-rs/wasm-runtime@https://registry.npmjs.org/@napi-rs/wasm-runtime/-/wasm-runtime-1.1.4.tgz 0ms (cache hit)
741 http cache @emnapi/wasi-threads@https://registry.npmjs.org/@emnapi/wasi-threads/-/wasi-threads-1.2.1.tgz 0ms (cache hit)
742 http cache @emnapi/core@https://registry.npmjs.org/@emnapi/core/-/core-1.10.0.tgz 0ms (cache hit)
743 silly tarball no local data for siginfo@https://registry.npmjs.org/siginfo/-/siginfo-2.0.0.tgz. Extracting by manifest.
744 silly tarball no local data for stackback@https://registry.npmjs.org/stackback/-/stackback-0.0.2.tgz. Extracting by manifest.
745 silly tarball no local data for dequal@https://registry.npmjs.org/dequal/-/dequal-2.0.3.tgz. Extracting by manifest.
746 silly tarball no local data for @oxc-project/types@https://registry.npmjs.org/@oxc-project/types/-/types-0.132.0.tgz. Extracting by manifest.
747 silly tarball no local data for @rolldown/pluginutils@https://registry.npmjs.org/@rolldown/pluginutils/-/pluginutils-1.0.1.tgz. Extracting by manifest.
748 silly tarball no local data for @rolldown/binding-darwin-arm64@https://registry.npmjs.org/@rolldown/binding-darwin-arm64/-/binding-darwin-arm64-1.0.2.tgz. Extracting by manifest.
749 silly tarball no local data for lightningcss-darwin-arm64@https://registry.npmjs.org/lightningcss-darwin-arm64/-/lightningcss-darwin-arm64-1.32.0.tgz. Extracting by manifest.
750 silly tarball no local data for lightningcss@https://registry.npmjs.org/lightningcss/-/lightningcss-1.32.0.tgz. Extracting by manifest.
751 silly tarball no local data for rolldown@https://registry.npmjs.org/rolldown/-/rolldown-1.0.2.tgz. Extracting by manifest.
752 silly tarball no local data for estree-walker@https://registry.npmjs.org/estree-walker/-/estree-walker-3.0.3.tgz. Extracting by manifest.
753 silly tarball no local data for @types/deep-eql@https://registry.npmjs.org/@types/deep-eql/-/deep-eql-4.0.2.tgz. Extracting by manifest.
754 silly tarball no local data for chai@https://registry.npmjs.org/chai/-/chai-6.2.2.tgz. Extracting by manifest.
755 silly tarball no local data for assertion-error@https://registry.npmjs.org/assertion-error/-/assertion-error-2.0.1.tgz. Extracting by manifest.
756 silly tarball no local data for @types/chai@https://registry.npmjs.org/@types/chai/-/chai-5.2.3.tgz. Extracting by manifest.
757 silly tarball no local data for why-is-node-running@https://registry.npmjs.org/why-is-node-running/-/why-is-node-running-2.3.0.tgz. Extracting by manifest.
758 silly tarball no local data for @standard-schema/spec@https://registry.npmjs.org/@standard-schema/spec/-/spec-1.1.0.tgz. Extracting by manifest.
759 silly tarball no local data for vite@https://registry.npmjs.org/vite/-/vite-8.0.14.tgz. Extracting by manifest.
760 silly tarball no local data for fsevents@https://registry.npmjs.org/fsevents/-/fsevents-2.3.3.tgz. Extracting by manifest.
761 silly tarball no local data for tinyrainbow@https://registry.npmjs.org/tinyrainbow/-/tinyrainbow-3.1.0.tgz. Extracting by manifest.
762 silly tarball no local data for tinybench@https://registry.npmjs.org/tinybench/-/tinybench-2.9.0.tgz. Extracting by manifest.
763 silly tarball no local data for tinyexec@https://registry.npmjs.org/tinyexec/-/tinyexec-1.2.3.tgz. Extracting by manifest.
764 silly tarball no local data for std-env@https://registry.npmjs.org/std-env/-/std-env-4.1.0.tgz. Extracting by manifest.
765 silly tarball no local data for obug@https://registry.npmjs.org/obug/-/obug-2.1.1.tgz. Extracting by manifest.
766 silly tarball no local data for magic-string@https://registry.npmjs.org/magic-string/-/magic-string-0.30.21.tgz. Extracting by manifest.
767 silly tarball no local data for pathe@https://registry.npmjs.org/pathe/-/pathe-2.0.3.tgz. Extracting by manifest.
768 silly tarball no local data for expect-type@https://registry.npmjs.org/expect-type/-/expect-type-1.3.0.tgz. Extracting by manifest.
769 silly tarball no local data for es-module-lexer@https://registry.npmjs.org/es-module-lexer/-/es-module-lexer-2.1.0.tgz. Extracting by manifest.
770 silly tarball no local data for @vitest/spy@https://registry.npmjs.org/@vitest/spy/-/spy-4.1.7.tgz. Extracting by manifest.
771 silly tarball no local data for @vitest/snapshot@https://registry.npmjs.org/@vitest/snapshot/-/snapshot-4.1.7.tgz. Extracting by manifest.
772 silly tarball no local data for @vitest/runner@https://registry.npmjs.org/@vitest/runner/-/runner-4.1.7.tgz. Extracting by manifest.
773 silly tarball no local data for @vitest/pretty-format@https://registry.npmjs.org/@vitest/pretty-format/-/pretty-format-4.1.7.tgz. Extracting by manifest.
774 silly tarball no local data for @vitest/expect@https://registry.npmjs.org/@vitest/expect/-/expect-4.1.7.tgz. Extracting by manifest.
775 silly tarball no local data for @vitest/utils@https://registry.npmjs.org/@vitest/utils/-/utils-4.1.7.tgz. Extracting by manifest.
776 silly tarball no local data for ansi-regex@https://registry.npmjs.org/ansi-regex/-/ansi-regex-5.0.1.tgz. Extracting by manifest.
777 silly tarball no local data for @vitest/mocker@https://registry.npmjs.org/@vitest/mocker/-/mocker-4.1.7.tgz. Extracting by manifest.
778 silly tarball no local data for fsevents@https://registry.npmjs.org/fsevents/-/fsevents-2.3.2.tgz. Extracting by manifest.
779 silly tarball no local data for pretty-format@https://registry.npmjs.org/pretty-format/-/pretty-format-27.5.1.tgz. Extracting by manifest.
780 silly tarball no local data for playwright-core@https://registry.npmjs.org/playwright-core/-/playwright-core-1.60.0.tgz. Extracting by manifest.
781 silly tarball no local data for react-is@https://registry.npmjs.org/react-is/-/react-is-17.0.2.tgz. Extracting by manifest.
782 silly tarball no local data for lz-string@https://registry.npmjs.org/lz-string/-/lz-string-1.5.0.tgz. Extracting by manifest.
783 silly tarball no local data for ansi-styles@https://registry.npmjs.org/ansi-styles/-/ansi-styles-5.2.0.tgz. Extracting by manifest.
784 silly tarball no local data for @types/aria-query@https://registry.npmjs.org/@types/aria-query/-/aria-query-5.0.4.tgz. Extracting by manifest.
785 silly tarball no local data for @babel/runtime@https://registry.npmjs.org/@babel/runtime/-/runtime-7.29.7.tgz. Extracting by manifest.
786 silly tarball no local data for playwright@https://registry.npmjs.org/playwright/-/playwright-1.60.0.tgz. Extracting by manifest.
787 silly tarball no local data for vitest@https://registry.npmjs.org/vitest/-/vitest-4.1.7.tgz. Extracting by manifest.
788 silly tarball no local data for @testing-library/dom@https://registry.npmjs.org/@testing-library/dom/-/dom-10.4.1.tgz. Extracting by manifest.
789 silly tarball no local data for aria-query@https://registry.npmjs.org/aria-query/-/aria-query-5.3.0.tgz. Extracting by manifest.
790 silly tarball no local data for @testing-library/react@https://registry.npmjs.org/@testing-library/react/-/react-16.3.2.tgz. Extracting by manifest.
791 silly tarball no local data for @playwright/test@https://registry.npmjs.org/@playwright/test/-/test-1.60.0.tgz. Extracting by manifest.
792 silly tarball no local data for dom-accessibility-api@https://registry.npmjs.org/dom-accessibility-api/-/dom-accessibility-api-0.5.16.tgz. Extracting by manifest.
793 http fetch GET 200 https://registry.npmjs.org/siginfo/-/siginfo-2.0.0.tgz 45ms (cache miss)
794 http fetch GET 200 https://registry.npmjs.org/estree-walker/-/estree-walker-3.0.3.tgz 52ms (cache miss)
795 http fetch GET 200 https://registry.npmjs.org/dequal/-/dequal-2.0.3.tgz 63ms (cache miss)
796 http fetch GET 200 https://registry.npmjs.org/chai/-/chai-6.2.2.tgz 63ms (cache miss)
797 http fetch GET 200 https://registry.npmjs.org/@types/deep-eql/-/deep-eql-4.0.2.tgz 63ms (cache miss)
798 http fetch GET 200 https://registry.npmjs.org/stackback/-/stackback-0.0.2.tgz 65ms (cache miss)
799 http fetch GET 200 https://registry.npmjs.org/@oxc-project/types/-/types-0.132.0.tgz 65ms (cache miss)
800 http fetch GET 200 https://registry.npmjs.org/lightningcss/-/lightningcss-1.32.0.tgz 68ms (cache miss)
801 http fetch GET 200 https://registry.npmjs.org/rolldown/-/rolldown-1.0.2.tgz 77ms (cache miss)
802 http fetch POST 200 https://registry.npmjs.org/-/npm/v1/security/advisories/bulk 114ms
803 silly audit report {
803 silly audit report   postcss: [
803 silly audit report     {
803 silly audit report       id: 1117015,
803 silly audit report       url: 'https://github.com/advisories/GHSA-qx2v-qp2m-jg93',
803 silly audit report       title: 'PostCSS has XSS via Unescaped </style> in its CSS Stringify Output',
803 silly audit report       severity: 'moderate',
803 silly audit report       vulnerable_versions: '<8.5.10',
803 silly audit report       cwe: [Array],
803 silly audit report       cvss: [Object]
803 silly audit report     }
803 silly audit report   ]
803 silly audit report }
804 silly packumentCache corgi:https://registry.npmjs.org/postcss cache-miss
805 http fetch GET 200 https://registry.npmjs.org/@rolldown/pluginutils/-/pluginutils-1.0.1.tgz 107ms (cache miss)
806 http fetch GET 200 https://registry.npmjs.org/tinyrainbow/-/tinyrainbow-3.1.0.tgz 106ms (cache miss)
807 http fetch GET 200 https://registry.npmjs.org/why-is-node-running/-/why-is-node-running-2.3.0.tgz 108ms (cache miss)
808 http fetch GET 200 https://registry.npmjs.org/tinybench/-/tinybench-2.9.0.tgz 108ms (cache miss)
809 http fetch GET 200 https://registry.npmjs.org/fsevents/-/fsevents-2.3.3.tgz 109ms (cache miss)
810 http fetch GET 200 https://registry.npmjs.org/tinyexec/-/tinyexec-1.2.3.tgz 110ms (cache miss)
811 http cache https://registry.npmjs.org/postcss 12ms (cache hit)
812 silly packumentCache corgi:https://registry.npmjs.org/postcss set size:344717 disposed:false
813 silly packumentCache corgi:https://registry.npmjs.org/next cache-miss
814 http fetch GET 200 https://registry.npmjs.org/obug/-/obug-2.1.1.tgz 116ms (cache miss)
815 http fetch GET 200 https://registry.npmjs.org/@standard-schema/spec/-/spec-1.1.0.tgz 118ms (cache miss)
816 http fetch GET 200 https://registry.npmjs.org/std-env/-/std-env-4.1.0.tgz 120ms (cache miss)
817 http cache https://registry.npmjs.org/next 32ms (cache hit)
818 silly packumentCache corgi:https://registry.npmjs.org/next set size:25082156 disposed:false
819 http fetch GET 200 https://registry.npmjs.org/@vitest/spy/-/spy-4.1.7.tgz 408ms (cache miss)
820 http fetch GET 200 https://registry.npmjs.org/pathe/-/pathe-2.0.3.tgz 409ms (cache miss)
821 http fetch GET 200 https://registry.npmjs.org/@vitest/pretty-format/-/pretty-format-4.1.7.tgz 409ms (cache miss)
822 http fetch GET 200 https://registry.npmjs.org/@vitest/expect/-/expect-4.1.7.tgz 409ms (cache miss)
823 http fetch GET 200 https://registry.npmjs.org/assertion-error/-/assertion-error-2.0.1.tgz 411ms (cache miss)
824 http fetch GET 200 https://registry.npmjs.org/@vitest/snapshot/-/snapshot-4.1.7.tgz 412ms (cache miss)
825 http fetch GET 200 https://registry.npmjs.org/es-module-lexer/-/es-module-lexer-2.1.0.tgz 414ms (cache miss)
826 http fetch GET 200 https://registry.npmjs.org/expect-type/-/expect-type-1.3.0.tgz 415ms (cache miss)
827 http fetch GET 200 https://registry.npmjs.org/@types/chai/-/chai-5.2.3.tgz 416ms (cache miss)
828 http fetch GET 200 https://registry.npmjs.org/@vitest/runner/-/runner-4.1.7.tgz 416ms (cache miss)
829 http fetch GET 200 https://registry.npmjs.org/@vitest/utils/-/utils-4.1.7.tgz 419ms (cache miss)
830 http fetch GET 200 https://registry.npmjs.org/magic-string/-/magic-string-0.30.21.tgz 420ms (cache miss)
831 http fetch GET 200 https://registry.npmjs.org/vite/-/vite-8.0.14.tgz 449ms (cache miss)
832 http fetch GET 200 https://registry.npmjs.org/fsevents/-/fsevents-2.3.2.tgz 453ms (cache miss)
833 http fetch GET 200 https://registry.npmjs.org/ansi-regex/-/ansi-regex-5.0.1.tgz 454ms (cache miss)
834 http fetch GET 200 https://registry.npmjs.org/ansi-styles/-/ansi-styles-5.2.0.tgz 456ms (cache miss)
835 http fetch GET 200 https://registry.npmjs.org/react-is/-/react-is-17.0.2.tgz 456ms (cache miss)
836 http fetch GET 200 https://registry.npmjs.org/@types/aria-query/-/aria-query-5.0.4.tgz 457ms (cache miss)
837 http fetch GET 200 https://registry.npmjs.org/pretty-format/-/pretty-format-27.5.1.tgz 461ms (cache miss)
838 http fetch GET 200 https://registry.npmjs.org/lz-string/-/lz-string-1.5.0.tgz 463ms (cache miss)
839 http fetch GET 200 https://registry.npmjs.org/@vitest/mocker/-/mocker-4.1.7.tgz 489ms (cache miss)
840 http fetch GET 200 https://registry.npmjs.org/@playwright/test/-/test-1.60.0.tgz 529ms (cache miss)
841 http fetch GET 200 https://registry.npmjs.org/lightningcss-darwin-arm64/-/lightningcss-darwin-arm64-1.32.0.tgz 556ms (cache miss)
842 http fetch GET 200 https://registry.npmjs.org/@testing-library/react/-/react-16.3.2.tgz 553ms (cache miss)
843 http fetch GET 200 https://registry.npmjs.org/dom-accessibility-api/-/dom-accessibility-api-0.5.16.tgz 562ms (cache miss)
844 http fetch GET 200 https://registry.npmjs.org/@testing-library/dom/-/dom-10.4.1.tgz 567ms (cache miss)
845 http fetch GET 200 https://registry.npmjs.org/vitest/-/vitest-4.1.7.tgz 567ms (cache miss)
846 http fetch GET 200 https://registry.npmjs.org/aria-query/-/aria-query-5.3.0.tgz 569ms (cache miss)
847 http fetch GET 200 https://registry.npmjs.org/@babel/runtime/-/runtime-7.29.7.tgz 590ms (cache miss)
848 http fetch GET 200 https://registry.npmjs.org/playwright/-/playwright-1.60.0.tgz 600ms (cache miss)
849 http fetch GET 200 https://registry.npmjs.org/@rolldown/binding-darwin-arm64/-/binding-darwin-arm64-1.0.2.tgz 662ms (cache miss)
850 http fetch GET 200 https://registry.npmjs.org/playwright-core/-/playwright-core-1.60.0.tgz 663ms (cache miss)
851 info run fsevents@2.3.2 install node_modules/fsevents node-gyp rebuild
852 info run fsevents@2.3.3 install node_modules/vite/node_modules/fsevents node-gyp rebuild
853 info run fsevents@2.3.2 install { code: 1, signal: null }
854 verbose reify failed optional dependency /Users/jungsikbyun/Documents/뉴스피드/node_modules/fsevents
855 silly reify mark deleted [ '/Users/jungsikbyun/Documents/뉴스피드/node_modules/fsevents' ]
856 info run fsevents@2.3.3 install { code: 1, signal: null }
857 verbose reify failed optional dependency /Users/jungsikbyun/Documents/뉴스피드/node_modules/vite/node_modules/fsevents
858 silly reify mark deleted [
858 silly reify   '/Users/jungsikbyun/Documents/뉴스피드/node_modules/vite/node_modules/fsevents'
858 silly reify ]
859 silly ADD node_modules/dequal
860 silly ADD node_modules/stackback
861 silly ADD node_modules/siginfo
862 silly ADD node_modules/@rolldown/pluginutils
863 silly ADD
864 silly ADD
865 silly ADD
866 silly ADD
867 silly ADD
868 silly ADD
869 silly ADD
870 silly ADD
871 silly ADD
872 silly ADD
873 silly ADD
874 silly ADD
875 silly ADD
876 silly ADD node_modules/@rolldown/binding-darwin-arm64
877 silly ADD
878 silly ADD node_modules/@oxc-project/types
879 silly ADD
880 silly ADD
881 silly ADD
882 silly ADD
883 silly ADD
884 silly ADD
885 silly ADD
886 silly ADD
887 silly ADD
888 silly ADD node_modules/lightningcss-darwin-arm64
889 silly ADD
890 silly ADD node_modules/rolldown
891 silly ADD node_modules/lightningcss
892 silly ADD node_modules/estree-walker
893 silly ADD node_modules/assertion-error
894 silly ADD node_modules/@types/deep-eql
895 silly ADD node_modules/chai
896 silly ADD node_modules/@types/chai
897 silly ADD node_modules/@standard-schema/spec
898 silly ADD node_modules/why-is-node-running
899 silly ADD node_modules/vite
900 silly ADD node_modules/vite/node_modules/picomatch
901 silly ADD
902 silly ADD node_modules/tinyrainbow
903 silly ADD node_modules/tinyexec
904 silly ADD node_modules/tinybench
905 silly ADD node_modules/std-env
906 silly ADD node_modules/pathe
907 silly ADD node_modules/obug
908 silly ADD node_modules/magic-string
909 silly ADD node_modules/expect-type
910 silly ADD node_modules/es-module-lexer
911 silly ADD node_modules/@vitest/utils
912 silly ADD node_modules/@vitest/spy
913 silly ADD node_modules/@vitest/snapshot
914 silly ADD node_modules/@vitest/runner
915 silly ADD node_modules/@vitest/pretty-format
916 silly ADD node_modules/@vitest/mocker
917 silly ADD node_modules/@vitest/expect
918 silly ADD node_modules/ansi-regex
919 silly ADD node_modules/playwright-core
920 silly ADD
921 silly ADD node_modules/pretty-format
922 silly ADD node_modules/pretty-format/node_modules/react-is
923 silly ADD node_modules/pretty-format/node_modules/ansi-styles
924 silly ADD node_modules/lz-string
925 silly ADD node_modules/dom-accessibility-api
926 silly ADD node_modules/@types/aria-query
927 silly ADD node_modules/@babel/runtime
928 silly ADD node_modules/playwright
929 silly ADD node_modules/vitest
930 silly ADD node_modules/vitest/node_modules/picomatch
931 silly ADD node_modules/@testing-library/dom
932 silly ADD node_modules/@testing-library/dom/node_modules/aria-query
933 silly ADD node_modules/@testing-library/react
934 silly ADD node_modules/@playwright/test
935 silly ADD
936 silly ADD
937 silly ADD
938 silly ADD
939 silly ADD
940 silly ADD
941 silly ADD
942 silly ADD
943 silly ADD
944 silly ADD
945 silly ADD
946 silly ADD
947 silly ADD
948 silly ADD
949 silly ADD
950 silly ADD
951 silly ADD
952 silly ADD
953 silly ADD
954 silly ADD
955 silly ADD
956 silly ADD node_modules/@tybys/wasm-util
957 silly ADD
958 silly ADD
959 silly ADD
960 silly ADD
961 silly ADD
962 silly ADD
963 silly ADD
964 silly ADD node_modules/@napi-rs/wasm-runtime
965 silly ADD
966 silly ADD
967 silly ADD
968 silly ADD
969 silly ADD
970 silly ADD
971 silly ADD
972 silly ADD
973 silly ADD
974 silly ADD
975 silly ADD
976 silly ADD
977 silly ADD
978 silly ADD
979 silly ADD
980 silly ADD
981 silly ADD
982 silly ADD
983 silly ADD
984 silly ADD
985 silly ADD
986 silly ADD
987 silly ADD node_modules/@emnapi/wasi-threads
988 silly ADD node_modules/@emnapi/core
989 verbose cwd /Users/jungsikbyun/Documents/뉴스피드
990 verbose os Darwin 24.6.0
991 verbose node v22.17.0
992 verbose npm  v10.9.2
993 verbose exit 0
994 info ok
